CREATE DATABASE  IF NOT EXISTS `iyfevent` /*!40100 DEFAULT CHARACTER SET utf8 */;
USE `iyfevent`;
-- MySQL dump 10.13  Distrib 5.6.11, for Win32 (x86)
--
-- Host: 68.178.216.177    Database: iyfevent
-- ------------------------------------------------------
-- Server version	5.0.96-log

/*!40101 SET @OLD_CHARACTER_SET_CLIENT=@@CHARACTER_SET_CLIENT */;
/*!40101 SET @OLD_CHARACTER_SET_RESULTS=@@CHARACTER_SET_RESULTS */;
/*!40101 SET @OLD_COLLATION_CONNECTION=@@COLLATION_CONNECTION */;
/*!40101 SET NAMES utf8 */;
/*!40103 SET @OLD_TIME_ZONE=@@TIME_ZONE */;
/*!40103 SET TIME_ZONE='+00:00' */;
/*!40014 SET @OLD_UNIQUE_CHECKS=@@UNIQUE_CHECKS, UNIQUE_CHECKS=0 */;
/*!40014 SET @OLD_FOREIGN_KEY_CHECKS=@@FOREIGN_KEY_CHECKS, FOREIGN_KEY_CHECKS=0 */;
/*!40101 SET @OLD_SQL_MODE=@@SQL_MODE, SQL_MODE='NO_AUTO_VALUE_ON_ZERO' */;
/*!40111 SET @OLD_SQL_NOTES=@@SQL_NOTES, SQL_NOTES=0 */;

--
-- Not dumping tablespaces as no INFORMATION_SCHEMA.FILES table on this server
--

--
-- Table structure for table `cities`
--

DROP TABLE IF EXISTS `cities`;
/*!40101 SET @saved_cs_client     = @@character_set_client */;
/*!40101 SET character_set_client = utf8 */;
CREATE TABLE `cities` (
  `id_city` int(11) NOT NULL auto_increment,
  `name` char(35) NOT NULL default '',
  `id_country` char(3) NOT NULL default '',
  `district` char(20) NOT NULL default '',
  `population` int(11) NOT NULL default '0',
  PRIMARY KEY  (`id_city`),
  KEY `fk_cities_1_idx` (`id_country`)
) ENGINE=InnoDB AUTO_INCREMENT=3596 DEFAULT CHARSET=utf8 COMMENT='chanfe collatio';
/*!40101 SET character_set_client = @saved_cs_client */;

--
-- Dumping data for table `cities`
--

LOCK TABLES `cities` WRITE;
/*!40000 ALTER TABLE `cities` DISABLE KEYS */;
INSERT INTO `cities` VALUES (69,'Buenos Aires','ARG','Distrito Federal',2982146),(70,'La Matanza','ARG','Buenos Aires',1266461),(71,'Córdoba','ARG','Córdoba',1157507),(72,'Rosario','ARG','Santa Fé',907718),(73,'Lomas de Zamora','ARG','Buenos Aires',622013),(74,'Quilmes','ARG','Buenos Aires',559249),(75,'Almirante Brown','ARG','Buenos Aires',538918),(76,'La Plata','ARG','Buenos Aires',521936),(77,'Mar del Plata','ARG','Buenos Aires',512880),(78,'San Miguel de Tucumán','ARG','Tucumán',470809),(79,'Lanús','ARG','Buenos Aires',469735),(80,'Merlo','ARG','Buenos Aires',463846),(81,'General San Martín','ARG','Buenos Aires',422542),(82,'Salta','ARG','Salta',367550),(83,'Moreno','ARG','Buenos Aires',356993),(84,'Santa Fé','ARG','Santa Fé',353063),(85,'Avellaneda','ARG','Buenos Aires',353046),(86,'Tres de Febrero','ARG','Buenos Aires',352311),(87,'Morón','ARG','Buenos Aires',349246),(88,'Florencio Varela','ARG','Buenos Aires',315432),(89,'San Isidro','ARG','Buenos Aires',306341),(90,'Tigre','ARG','Buenos Aires',296226),(91,'Malvinas Argentinas','ARG','Buenos Aires',290335),(92,'Vicente López','ARG','Buenos Aires',288341),(93,'Berazategui','ARG','Buenos Aires',276916),(94,'Corrientes','ARG','Corrientes',258103),(95,'San Miguel','ARG','Buenos Aires',248700),(96,'Bahía Blanca','ARG','Buenos Aires',239810),(97,'Esteban Echeverría','ARG','Buenos Aires',235760),(98,'Resistencia','ARG','Chaco',229212),(99,'José C. Paz','ARG','Buenos Aires',221754),(100,'Paraná','ARG','Entre Rios',207041),(101,'Godoy Cruz','ARG','Mendoza',206998),(102,'Posadas','ARG','Misiones',201273),(103,'Guaymallén','ARG','Mendoza',200595),(104,'Santiago del Estero','ARG','Santiago del Estero',189947),(105,'San Salvador de Jujuy','ARG','Jujuy',178748),(106,'Hurlingham','ARG','Buenos Aires',170028),(107,'Neuquén','ARG','Neuquén',167296),(108,'Ituzaingó','ARG','Buenos Aires',158197),(109,'San Fernando','ARG','Buenos Aires',153036),(110,'Formosa','ARG','Formosa',147636),(111,'Las Heras','ARG','Mendoza',145823),(112,'La Rioja','ARG','La Rioja',138117),(113,'San Fernando del Valle de Cata','ARG','Catamarca',134935),(114,'Río Cuarto','ARG','Córdoba',134355),(115,'Comodoro Rivadavia','ARG','Chubut',124104),(116,'Mendoza','ARG','Mendoza',123027),(117,'San Nicolás de los Arroyos','ARG','Buenos Aires',119302),(118,'San Juan','ARG','San Juan',119152),(119,'Escobar','ARG','Buenos Aires',116675),(120,'Concordia','ARG','Entre Rios',116485),(121,'Pilar','ARG','Buenos Aires',113428),(122,'San Luis','ARG','San Luis',110136),(123,'Ezeiza','ARG','Buenos Aires',99578),(124,'San Rafael','ARG','Mendoza',94651),(125,'Tandil','ARG','Buenos Aires',91101),(193,'Santa Cruz de la Sierra','BOL','Santa Cruz',935361),(194,'La Paz','BOL','La Paz',758141),(195,'El Alto','BOL','La Paz',534466),(196,'Cochabamba','BOL','Cochabamba',482800),(197,'Oruro','BOL','Oruro',223553),(198,'Sucre','BOL','Chuquisaca',178426),(199,'Potosí','BOL','Potosí',140642),(200,'Tarija','BOL','Tarija',125255),(206,'São Paulo','BRA','São Paulo',9968485),(207,'Rio de Janeiro','BRA','Rio de Janeiro',5598953),(208,'Salvador','BRA','Bahia',2302832),(209,'Belo Horizonte','BRA','Minas Gerais',2139125),(210,'Fortaleza','BRA','Ceará',2097757),(211,'Brasília','BRA','Distrito Federal',1969868),(212,'Curitiba','BRA','Paraná',1584232),(213,'Recife','BRA','Pernambuco',1378087),(214,'Porto Alegre','BRA','Rio Grande do Sul',1314032),(215,'Manaus','BRA','Amazonas',1255049),(216,'Belém','BRA','Pará',1186926),(217,'Guarulhos','BRA','São Paulo',1095874),(218,'Goiânia','BRA','Goiás',1056330),(219,'Campinas','BRA','São Paulo',950043),(220,'São Gonçalo','BRA','Rio de Janeiro',869254),(221,'Nova Iguaçu','BRA','Rio de Janeiro',862225),(222,'São Luís','BRA','Maranhão',837588),(223,'Maceió','BRA','Alagoas',786288),(224,'Duque de Caxias','BRA','Rio de Janeiro',746758),(225,'São Bernardo do Campo','BRA','São Paulo',723132),(226,'Teresina','BRA','Piauí',691942),(227,'Natal','BRA','Rio Grande do Norte',688955),(228,'Osasco','BRA','São Paulo',659604),(229,'Campo Grande','BRA','Mato Grosso do Sul',649593),(230,'Santo André','BRA','São Paulo',630073),(231,'João Pessoa','BRA','Paraíba',584029),(232,'Jaboatão dos Guararapes','BRA','Pernambuco',558680),(233,'Contagem','BRA','Minas Gerais',520801),(234,'São José dos Campos','BRA','São Paulo',515553),(235,'Uberlândia','BRA','Minas Gerais',487222),(236,'Feira de Santana','BRA','Bahia',479992),(237,'Ribeirão Preto','BRA','São Paulo',473276),(238,'Sorocaba','BRA','São Paulo',466823),(239,'Niterói','BRA','Rio de Janeiro',459884),(240,'Cuiabá','BRA','Mato Grosso',453813),(241,'Juiz de Fora','BRA','Minas Gerais',450288),(242,'Aracaju','BRA','Sergipe',445555),(243,'São João de Meriti','BRA','Rio de Janeiro',440052),(244,'Londrina','BRA','Paraná',432257),(245,'Joinville','BRA','Santa Catarina',428011),(246,'Belford Roxo','BRA','Rio de Janeiro',425194),(247,'Santos','BRA','São Paulo',408748),(248,'Ananindeua','BRA','Pará',400940),(249,'Campos dos Goytacazes','BRA','Rio de Janeiro',398418),(250,'Mauá','BRA','São Paulo',375055),(251,'Carapicuíba','BRA','São Paulo',357552),(252,'Olinda','BRA','Pernambuco',354732),(253,'Campina Grande','BRA','Paraíba',352497),(254,'São José do Rio Preto','BRA','São Paulo',351944),(255,'Caxias do Sul','BRA','Rio Grande do Sul',349581),(256,'Moji das Cruzes','BRA','São Paulo',339194),(257,'Diadema','BRA','São Paulo',335078),(258,'Aparecida de Goiânia','BRA','Goiás',324662),(259,'Piracicaba','BRA','São Paulo',319104),(260,'Cariacica','BRA','Espírito Santo',319033),(261,'Vila Velha','BRA','Espírito Santo',318758),(262,'Pelotas','BRA','Rio Grande do Sul',315415),(263,'Bauru','BRA','São Paulo',313670),(264,'Porto Velho','BRA','Rondônia',309750),(265,'Serra','BRA','Espírito Santo',302666),(266,'Betim','BRA','Minas Gerais',302108),(267,'Jundíaí','BRA','São Paulo',296127),(268,'Canoas','BRA','Rio Grande do Sul',294125),(269,'Franca','BRA','São Paulo',290139),(270,'São Vicente','BRA','São Paulo',286848),(271,'Maringá','BRA','Paraná',286461),(272,'Montes Claros','BRA','Minas Gerais',286058),(273,'Anápolis','BRA','Goiás',282197),(274,'Florianópolis','BRA','Santa Catarina',281928),(275,'Petrópolis','BRA','Rio de Janeiro',279183),(276,'Itaquaquecetuba','BRA','São Paulo',270874),(277,'Vitória','BRA','Espírito Santo',270626),(278,'Ponta Grossa','BRA','Paraná',268013),(279,'Rio Branco','BRA','Acre',259537),(280,'Foz do Iguaçu','BRA','Paraná',259425),(281,'Macapá','BRA','Amapá',256033),(282,'Ilhéus','BRA','Bahia',254970),(283,'Vitória da Conquista','BRA','Bahia',253587),(284,'Uberaba','BRA','Minas Gerais',249225),(285,'Paulista','BRA','Pernambuco',248473),(286,'Limeira','BRA','São Paulo',245497),(287,'Blumenau','BRA','Santa Catarina',244379),(288,'Caruaru','BRA','Pernambuco',244247),(289,'Santarém','BRA','Pará',241771),(290,'Volta Redonda','BRA','Rio de Janeiro',240315),(291,'Novo Hamburgo','BRA','Rio Grande do Sul',239940),(292,'Caucaia','BRA','Ceará',238738),(293,'Santa Maria','BRA','Rio Grande do Sul',238473),(294,'Cascavel','BRA','Paraná',237510),(295,'Guarujá','BRA','São Paulo',237206),(296,'Ribeirão das Neves','BRA','Minas Gerais',232685),(297,'Governador Valadares','BRA','Minas Gerais',231724),(298,'Taubaté','BRA','São Paulo',229130),(299,'Imperatriz','BRA','Maranhão',224564),(300,'Gravataí','BRA','Rio Grande do Sul',223011),(301,'Embu','BRA','São Paulo',222223),(302,'Mossoró','BRA','Rio Grande do Norte',214901),(303,'Várzea Grande','BRA','Mato Grosso',214435),(304,'Petrolina','BRA','Pernambuco',210540),(305,'Barueri','BRA','São Paulo',208426),(306,'Viamão','BRA','Rio Grande do Sul',207557),(307,'Ipatinga','BRA','Minas Gerais',206338),(308,'Juazeiro','BRA','Bahia',201073),(309,'Juazeiro do Norte','BRA','Ceará',199636),(310,'Taboão da Serra','BRA','São Paulo',197550),(311,'São José dos Pinhais','BRA','Paraná',196884),(312,'Magé','BRA','Rio de Janeiro',196147),(313,'Suzano','BRA','São Paulo',195434),(314,'São Leopoldo','BRA','Rio Grande do Sul',189258),(315,'Marília','BRA','São Paulo',188691),(316,'São Carlos','BRA','São Paulo',187122),(317,'Sumaré','BRA','São Paulo',186205),(318,'Presidente Prudente','BRA','São Paulo',185340),(319,'Divinópolis','BRA','Minas Gerais',185047),(320,'Sete Lagoas','BRA','Minas Gerais',182984),(321,'Rio Grande','BRA','Rio Grande do Sul',182222),(322,'Itabuna','BRA','Bahia',182148),(323,'Jequié','BRA','Bahia',179128),(324,'Arapiraca','BRA','Alagoas',178988),(325,'Colombo','BRA','Paraná',177764),(326,'Americana','BRA','São Paulo',177409),(327,'Alvorada','BRA','Rio Grande do Sul',175574),(328,'Araraquara','BRA','São Paulo',174381),(329,'Itaboraí','BRA','Rio de Janeiro',173977),(330,'Santa Bárbara d´Oeste','BRA','São Paulo',171657),(331,'Nova Friburgo','BRA','Rio de Janeiro',170697),(332,'Jacareí','BRA','São Paulo',170356),(333,'Araçatuba','BRA','São Paulo',169303),(334,'Barra Mansa','BRA','Rio de Janeiro',168953),(335,'Praia Grande','BRA','São Paulo',168434),(336,'Marabá','BRA','Pará',167795),(337,'Criciúma','BRA','Santa Catarina',167661),(338,'Boa Vista','BRA','Roraima',167185),(339,'Passo Fundo','BRA','Rio Grande do Sul',166343),(340,'Dourados','BRA','Mato Grosso do Sul',164716),(341,'Santa Luzia','BRA','Minas Gerais',164704),(342,'Rio Claro','BRA','São Paulo',163551),(343,'Maracanaú','BRA','Ceará',162022),(344,'Guarapuava','BRA','Paraná',160510),(345,'Rondonópolis','BRA','Mato Grosso',155115),(346,'São José','BRA','Santa Catarina',155105),(347,'Cachoeiro de Itapemirim','BRA','Espírito Santo',155024),(348,'Nilópolis','BRA','Rio de Janeiro',153383),(349,'Itapevi','BRA','São Paulo',150664),(350,'Cabo de Santo Agostinho','BRA','Pernambuco',149964),(351,'Camaçari','BRA','Bahia',149146),(352,'Sobral','BRA','Ceará',146005),(353,'Itajaí','BRA','Santa Catarina',145197),(354,'Chapecó','BRA','Santa Catarina',144158),(355,'Cotia','BRA','São Paulo',140042),(356,'Lages','BRA','Santa Catarina',139570),(357,'Ferraz de Vasconcelos','BRA','São Paulo',139283),(358,'Indaiatuba','BRA','São Paulo',135968),(359,'Hortolândia','BRA','São Paulo',135755),(360,'Caxias','BRA','Maranhão',133980),(361,'São Caetano do Sul','BRA','São Paulo',133321),(362,'Itu','BRA','São Paulo',132736),(363,'Nossa Senhora do Socorro','BRA','Sergipe',131351),(364,'Parnaíba','BRA','Piauí',129756),(365,'Poços de Caldas','BRA','Minas Gerais',129683),(366,'Teresópolis','BRA','Rio de Janeiro',128079),(367,'Barreiras','BRA','Bahia',127801),(368,'Castanhal','BRA','Pará',127634),(369,'Alagoinhas','BRA','Bahia',126820),(370,'Itapecerica da Serra','BRA','São Paulo',126672),(371,'Uruguaiana','BRA','Rio Grande do Sul',126305),(372,'Paranaguá','BRA','Paraná',126076),(373,'Ibirité','BRA','Minas Gerais',125982),(374,'Timon','BRA','Maranhão',125812),(375,'Luziânia','BRA','Goiás',125597),(376,'Macaé','BRA','Rio de Janeiro',125597),(377,'Teófilo Otoni','BRA','Minas Gerais',124489),(378,'Moji-Guaçu','BRA','São Paulo',123782),(379,'Palmas','BRA','Tocantins',121919),(380,'Pindamonhangaba','BRA','São Paulo',121904),(381,'Francisco Morato','BRA','São Paulo',121197),(382,'Bagé','BRA','Rio Grande do Sul',120793),(383,'Sapucaia do Sul','BRA','Rio Grande do Sul',120217),(384,'Cabo Frio','BRA','Rio de Janeiro',119503),(385,'Itapetininga','BRA','São Paulo',119391),(386,'Patos de Minas','BRA','Minas Gerais',119262),(387,'Camaragibe','BRA','Pernambuco',118968),(388,'Bragança Paulista','BRA','São Paulo',116929),(389,'Queimados','BRA','Rio de Janeiro',115020),(390,'Araguaína','BRA','Tocantins',114948),(391,'Garanhuns','BRA','Pernambuco',114603),(392,'Vitória de Santo Antão','BRA','Pernambuco',113595),(393,'Santa Rita','BRA','Paraíba',113135),(394,'Barbacena','BRA','Minas Gerais',113079),(395,'Abaetetuba','BRA','Pará',111258),(396,'Jaú','BRA','São Paulo',109965),(397,'Lauro de Freitas','BRA','Bahia',109236),(398,'Franco da Rocha','BRA','São Paulo',108964),(399,'Teixeira de Freitas','BRA','Bahia',108441),(400,'Varginha','BRA','Minas Gerais',108314),(401,'Ribeirão Pires','BRA','São Paulo',108121),(402,'Sabará','BRA','Minas Gerais',107781),(403,'Catanduva','BRA','São Paulo',107761),(404,'Rio Verde','BRA','Goiás',107755),(405,'Botucatu','BRA','São Paulo',107663),(406,'Colatina','BRA','Espírito Santo',107354),(407,'Santa Cruz do Sul','BRA','Rio Grande do Sul',106734),(408,'Linhares','BRA','Espírito Santo',106278),(409,'Apucarana','BRA','Paraná',105114),(410,'Barretos','BRA','São Paulo',104156),(411,'Guaratinguetá','BRA','São Paulo',103433),(412,'Cachoeirinha','BRA','Rio Grande do Sul',103240),(413,'Codó','BRA','Maranhão',103153),(414,'Jaraguá do Sul','BRA','Santa Catarina',102580),(415,'Cubatão','BRA','São Paulo',102372),(416,'Itabira','BRA','Minas Gerais',102217),(417,'Itaituba','BRA','Pará',101320),(418,'Araras','BRA','São Paulo',101046),(419,'Resende','BRA','Rio de Janeiro',100627),(420,'Atibaia','BRA','São Paulo',100356),(421,'Pouso Alegre','BRA','Minas Gerais',100028),(422,'Toledo','BRA','Paraná',99387),(423,'Crato','BRA','Ceará',98965),(424,'Passos','BRA','Minas Gerais',98570),(425,'Araguari','BRA','Minas Gerais',98399),(426,'São José de Ribamar','BRA','Maranhão',98318),(427,'Pinhais','BRA','Paraná',98198),(428,'Sertãozinho','BRA','São Paulo',98140),(429,'Conselheiro Lafaiete','BRA','Minas Gerais',97507),(430,'Paulo Afonso','BRA','Bahia',97291),(431,'Angra dos Reis','BRA','Rio de Janeiro',96864),(432,'Eunápolis','BRA','Bahia',96610),(433,'Salto','BRA','São Paulo',96348),(434,'Ourinhos','BRA','São Paulo',96291),(435,'Parnamirim','BRA','Rio Grande do Norte',96210),(436,'Jacobina','BRA','Bahia',96131),(437,'Coronel Fabriciano','BRA','Minas Gerais',95933),(438,'Birigui','BRA','São Paulo',94685),(439,'Tatuí','BRA','São Paulo',93897),(440,'Ji-Paraná','BRA','Rondônia',93346),(441,'Bacabal','BRA','Maranhão',93121),(442,'Cametá','BRA','Pará',92779),(443,'Guaíba','BRA','Rio Grande do Sul',92224),(444,'São Lourenço da Mata','BRA','Pernambuco',91999),(445,'Santana do Livramento','BRA','Rio Grande do Sul',91779),(446,'Votorantim','BRA','São Paulo',91777),(447,'Campo Largo','BRA','Paraná',91203),(448,'Patos','BRA','Paraíba',90519),(449,'Ituiutaba','BRA','Minas Gerais',90507),(450,'Corumbá','BRA','Mato Grosso do Sul',90111),(451,'Palhoça','BRA','Santa Catarina',89465),(452,'Barra do Piraí','BRA','Rio de Janeiro',89388),(453,'Bento Gonçalves','BRA','Rio Grande do Sul',89254),(454,'Poá','BRA','São Paulo',89236),(455,'Águas Lindas de Goiás','BRA','Goiás',89200),(554,'Santiago de Chile','CHL','Santiago',4703954),(555,'Puente Alto','CHL','Santiago',386236),(556,'Viña del Mar','CHL','Valparaíso',312493),(557,'Valparaíso','CHL','Valparaíso',293800),(558,'Talcahuano','CHL','Bíobío',277752),(559,'Antofagasta','CHL','Antofagasta',251429),(560,'San Bernardo','CHL','Santiago',241910),(561,'Temuco','CHL','La Araucanía',233041),(562,'Concepción','CHL','Bíobío',217664),(563,'Rancagua','CHL','O´Higgins',212977),(564,'Arica','CHL','Tarapacá',189036),(565,'Talca','CHL','Maule',187557),(566,'Chillán','CHL','Bíobío',178182),(567,'Iquique','CHL','Tarapacá',177892),(568,'Los Angeles','CHL','Bíobío',158215),(569,'Puerto Montt','CHL','Los Lagos',152194),(570,'Coquimbo','CHL','Coquimbo',143353),(571,'Osorno','CHL','Los Lagos',141468),(572,'La Serena','CHL','Coquimbo',137409),(573,'Calama','CHL','Antofagasta',137265),(574,'Valdivia','CHL','Los Lagos',133106),(575,'Punta Arenas','CHL','Magallanes',125631),(576,'Copiapó','CHL','Atacama',120128),(577,'Quilpué','CHL','Valparaíso',118857),(578,'Curicó','CHL','Maule',115766),(579,'Ovalle','CHL','Coquimbo',94854),(580,'Coronel','CHL','Bíobío',93061),(581,'San Pedro de la Paz','CHL','Bíobío',91684),(582,'Melipilla','CHL','Santiago',91056),(584,'San José','CRI','San José',339131),(587,'Santo Domingo de Guzmán','DOM','Distrito Nacional',1609966),(588,'Santiago de los Caballeros','DOM','Santiago',365463),(589,'La Romana','DOM','La Romana',140204),(590,'San Pedro de Macorís','DOM','San Pedro de Macorís',124735),(591,'San Francisco de Macorís','DOM','Duarte',108485),(592,'San Felipe de Puerto Plata','DOM','Puerto Plata',89423),(593,'Guayaquil','ECU','Guayas',2070040),(594,'Quito','ECU','Pichincha',1573458),(595,'Cuenca','ECU','Azuay',270353),(596,'Machala','ECU','El Oro',210368),(597,'Santo Domingo de los Colorados','ECU','Pichincha',202111),(598,'Portoviejo','ECU','Manabí',176413),(599,'Ambato','ECU','Tungurahua',169612),(600,'Manta','ECU','Manabí',164739),(601,'Duran [Eloy Alfaro]','ECU','Guayas',152514),(602,'Ibarra','ECU','Imbabura',130643),(603,'Quevedo','ECU','Los Ríos',129631),(604,'Milagro','ECU','Guayas',124177),(605,'Loja','ECU','Loja',123875),(606,'Ríobamba','ECU','Chimborazo',123163),(607,'Esmeraldas','ECU','Esmeraldas',123045),(929,'Port-au-Prince','HTI','Ouest',884472),(930,'Carrefour','HTI','Ouest',290204),(931,'Delmas','HTI','Ouest',240429),(932,'Le-Cap-Haïtien','HTI','Nord',102233),(1529,'Spanish Town','JAM','St. Catherine',110379),(1530,'Kingston','JAM','St. Andrew',103962),(1531,'Portmore','JAM','St. Andrew',99799),(2257,'Santafé de Bogotá','COL','Santafé de Bogotá',6260862),(2258,'Cali','COL','Valle',2077386),(2259,'Medellín','COL','Antioquia',1861265),(2260,'Barranquilla','COL','Atlántico',1223260),(2261,'Cartagena','COL','Bolívar',805757),(2262,'Cúcuta','COL','Norte de Santander',606932),(2263,'Bucaramanga','COL','Santander',515555),(2264,'Ibagué','COL','Tolima',393664),(2265,'Pereira','COL','Risaralda',381725),(2266,'Santa Marta','COL','Magdalena',359147),(2267,'Manizales','COL','Caldas',337580),(2268,'Bello','COL','Antioquia',333470),(2269,'Pasto','COL','Nariño',332396),(2270,'Neiva','COL','Huila',300052),(2271,'Soledad','COL','Atlántico',295058),(2272,'Armenia','COL','Quindío',288977),(2273,'Villavicencio','COL','Meta',273140),(2274,'Soacha','COL','Cundinamarca',272058),(2275,'Valledupar','COL','Cesar',263247),(2276,'Montería','COL','Córdoba',248245),(2277,'Itagüí','COL','Antioquia',228985),(2278,'Palmira','COL','Valle',226509),(2279,'Buenaventura','COL','Valle',224336),(2280,'Floridablanca','COL','Santander',221913),(2281,'Sincelejo','COL','Sucre',220704),(2282,'Popayán','COL','Cauca',200719),(2283,'Barrancabermeja','COL','Santander',178020),(2284,'Dos Quebradas','COL','Risaralda',159363),(2285,'Tuluá','COL','Valle',152488),(2286,'Envigado','COL','Antioquia',135848),(2287,'Cartago','COL','Valle',125884),(2288,'Girardot','COL','Cundinamarca',110963),(2289,'Buga','COL','Valle',110699),(2290,'Tunja','COL','Boyacá',109740),(2291,'Florencia','COL','Caquetá',108574),(2292,'Maicao','COL','La Guajira',108053),(2293,'Sogamoso','COL','Boyacá',107728),(2294,'Giron','COL','Santander',90688),(2515,'Ciudad de México','MEX','Distrito Federal',8591309),(2516,'Guadalajara','MEX','Jalisco',1647720),(2517,'Ecatepec de Morelos','MEX','Estado de México',1620303),(2518,'Puebla','MEX','Puebla',1346176),(2519,'Nezahualcóyotl','MEX','Estado de México',1224924),(2520,'Juárez','MEX','Chihuahua',1217818),(2521,'Tijuana','MEX','Baja California',1212232),(2522,'León','MEX','Guanajuato',1133576),(2523,'Monterrey','MEX','Nuevo León',1108499),(2524,'Zapopan','MEX','Jalisco',1002239),(2525,'Naucalpan de Juárez','MEX','Estado de México',857511),(2526,'Mexicali','MEX','Baja California',764902),(2527,'Culiacán','MEX','Sinaloa',744859),(2528,'Acapulco de Juárez','MEX','Guerrero',721011),(2529,'Tlalnepantla de Baz','MEX','Estado de México',720755),(2530,'Mérida','MEX','Yucatán',703324),(2531,'Chihuahua','MEX','Chihuahua',670208),(2532,'San Luis Potosí','MEX','San Luis Potosí',669353),(2533,'Guadalupe','MEX','Nuevo León',668780),(2534,'Toluca','MEX','Estado de México',665617),(2535,'Aguascalientes','MEX','Aguascalientes',643360),(2536,'Querétaro','MEX','Querétaro de Arteaga',639839),(2537,'Morelia','MEX','Michoacán de Ocampo',619958),(2538,'Hermosillo','MEX','Sonora',608697),(2539,'Saltillo','MEX','Coahuila de Zaragoza',577352),(2540,'Torreón','MEX','Coahuila de Zaragoza',529093),(2541,'Centro (Villahermosa)','MEX','Tabasco',519873),(2542,'San Nicolás de los Garza','MEX','Nuevo León',495540),(2543,'Durango','MEX','Durango',490524),(2544,'Chimalhuacán','MEX','Estado de México',490245),(2545,'Tlaquepaque','MEX','Jalisco',475472),(2546,'Atizapán de Zaragoza','MEX','Estado de México',467262),(2547,'Veracruz','MEX','Veracruz',457119),(2548,'Cuautitlán Izcalli','MEX','Estado de México',452976),(2549,'Irapuato','MEX','Guanajuato',440039),(2550,'Tuxtla Gutiérrez','MEX','Chiapas',433544),(2551,'Tultitlán','MEX','Estado de México',432411),(2552,'Reynosa','MEX','Tamaulipas',419776),(2553,'Benito Juárez','MEX','Quintana Roo',419276),(2554,'Matamoros','MEX','Tamaulipas',416428),(2555,'Xalapa','MEX','Veracruz',390058),(2556,'Celaya','MEX','Guanajuato',382140),(2557,'Mazatlán','MEX','Sinaloa',380265),(2558,'Ensenada','MEX','Baja California',369573),(2559,'Ahome','MEX','Sinaloa',358663),(2560,'Cajeme','MEX','Sonora',355679),(2561,'Cuernavaca','MEX','Morelos',337966),(2562,'Tonalá','MEX','Jalisco',336109),(2563,'Valle de Chalco Solidaridad','MEX','Estado de México',323113),(2564,'Nuevo Laredo','MEX','Tamaulipas',310277),(2565,'Tepic','MEX','Nayarit',305025),(2566,'Tampico','MEX','Tamaulipas',294789),(2567,'Ixtapaluca','MEX','Estado de México',293160),(2568,'Apodaca','MEX','Nuevo León',282941),(2569,'Guasave','MEX','Sinaloa',277201),(2570,'Gómez Palacio','MEX','Durango',272806),(2571,'Tapachula','MEX','Chiapas',271141),(2572,'Nicolás Romero','MEX','Estado de México',269393),(2573,'Coatzacoalcos','MEX','Veracruz',267037),(2574,'Uruapan','MEX','Michoacán de Ocampo',265211),(2575,'Victoria','MEX','Tamaulipas',262686),(2576,'Oaxaca de Juárez','MEX','Oaxaca',256848),(2577,'Coacalco de Berriozábal','MEX','Estado de México',252270),(2578,'Pachuca de Soto','MEX','Hidalgo',244688),(2579,'General Escobedo','MEX','Nuevo León',232961),(2580,'Salamanca','MEX','Guanajuato',226864),(2581,'Santa Catarina','MEX','Nuevo León',226573),(2582,'Tehuacán','MEX','Puebla',225943),(2583,'Chalco','MEX','Estado de México',222201),(2584,'Cárdenas','MEX','Tabasco',216903),(2585,'Campeche','MEX','Campeche',216735),(2586,'La Paz','MEX','Estado de México',213045),(2587,'Othón P. Blanco (Chetumal)','MEX','Quintana Roo',208014),(2588,'Texcoco','MEX','Estado de México',203681),(2589,'La Paz','MEX','Baja California Sur',196708),(2590,'Metepec','MEX','Estado de México',194265),(2591,'Monclova','MEX','Coahuila de Zaragoza',193657),(2592,'Huixquilucan','MEX','Estado de México',193156),(2593,'Chilpancingo de los Bravo','MEX','Guerrero',192509),(2594,'Puerto Vallarta','MEX','Jalisco',183741),(2595,'Fresnillo','MEX','Zacatecas',182744),(2596,'Ciudad Madero','MEX','Tamaulipas',182012),(2597,'Soledad de Graciano Sánchez','MEX','San Luis Potosí',179956),(2598,'San Juan del Río','MEX','Querétaro',179300),(2599,'San Felipe del Progreso','MEX','Estado de México',177330),(2600,'Córdoba','MEX','Veracruz',176952),(2601,'Tecámac','MEX','Estado de México',172410),(2602,'Ocosingo','MEX','Chiapas',171495),(2603,'Carmen','MEX','Campeche',171367),(2604,'Lázaro Cárdenas','MEX','Michoacán de Ocampo',170878),(2605,'Jiutepec','MEX','Morelos',170428),(2606,'Papantla','MEX','Veracruz',170123),(2607,'Comalcalco','MEX','Tabasco',164640),(2608,'Zamora','MEX','Michoacán de Ocampo',161191),(2609,'Nogales','MEX','Sonora',159103),(2610,'Huimanguillo','MEX','Tabasco',158335),(2611,'Cuautla','MEX','Morelos',153132),(2612,'Minatitlán','MEX','Veracruz',152983),(2613,'Poza Rica de Hidalgo','MEX','Veracruz',152678),(2614,'Ciudad Valles','MEX','San Luis Potosí',146411),(2615,'Navolato','MEX','Sinaloa',145396),(2616,'San Luis Río Colorado','MEX','Sonora',145276),(2617,'Pénjamo','MEX','Guanajuato',143927),(2618,'San Andrés Tuxtla','MEX','Veracruz',142251),(2619,'Guanajuato','MEX','Guanajuato',141215),(2620,'Navojoa','MEX','Sonora',140495),(2621,'Zitácuaro','MEX','Michoacán de Ocampo',137970),(2622,'Boca del Río','MEX','Veracruz-Llave',135721),(2623,'Allende','MEX','Guanajuato',134645),(2624,'Silao','MEX','Guanajuato',134037),(2625,'Macuspana','MEX','Tabasco',133795),(2626,'San Juan Bautista Tuxtepec','MEX','Oaxaca',133675),(2627,'San Cristóbal de las Casas','MEX','Chiapas',132317),(2628,'Valle de Santiago','MEX','Guanajuato',130557),(2629,'Guaymas','MEX','Sonora',130108),(2630,'Colima','MEX','Colima',129454),(2631,'Dolores Hidalgo','MEX','Guanajuato',128675),(2632,'Lagos de Moreno','MEX','Jalisco',127949),(2633,'Piedras Negras','MEX','Coahuila de Zaragoza',127898),(2634,'Altamira','MEX','Tamaulipas',127490),(2635,'Túxpam','MEX','Veracruz',126475),(2636,'San Pedro Garza García','MEX','Nuevo León',126147),(2637,'Cuauhtémoc','MEX','Chihuahua',124279),(2638,'Manzanillo','MEX','Colima',124014),(2639,'Iguala de la Independencia','MEX','Guerrero',123883),(2640,'Zacatecas','MEX','Zacatecas',123700),(2641,'Tlajomulco de Zúñiga','MEX','Jalisco',123220),(2642,'Tulancingo de Bravo','MEX','Hidalgo',121946),(2643,'Zinacantepec','MEX','Estado de México',121715),(2644,'San Martín Texmelucan','MEX','Puebla',121093),(2645,'Tepatitlán de Morelos','MEX','Jalisco',118948),(2646,'Martínez de la Torre','MEX','Veracruz',118815),(2647,'Orizaba','MEX','Veracruz',118488),(2648,'Apatzingán','MEX','Michoacán de Ocampo',117849),(2649,'Atlixco','MEX','Puebla',117019),(2650,'Delicias','MEX','Chihuahua',116132),(2651,'Ixtlahuaca','MEX','Estado de México',115548),(2652,'El Mante','MEX','Tamaulipas',112453),(2653,'Lerdo','MEX','Durango',112272),(2654,'Almoloya de Juárez','MEX','Estado de México',110550),(2655,'Acámbaro','MEX','Guanajuato',110487),(2656,'Acuña','MEX','Coahuila de Zaragoza',110388),(2657,'Guadalupe','MEX','Zacatecas',108881),(2658,'Huejutla de Reyes','MEX','Hidalgo',108017),(2659,'Hidalgo','MEX','Michoacán de Ocampo',106198),(2660,'Los Cabos','MEX','Baja California Sur',105199),(2661,'Comitán de Domínguez','MEX','Chiapas',104986),(2662,'Cunduacán','MEX','Tabasco',104164),(2663,'Río Bravo','MEX','Tamaulipas',103901),(2664,'Temapache','MEX','Veracruz',102824),(2665,'Chilapa de Alvarez','MEX','Guerrero',102716),(2666,'Hidalgo del Parral','MEX','Chihuahua',100881),(2667,'San Francisco del Rincón','MEX','Guanajuato',100149),(2668,'Taxco de Alarcón','MEX','Guerrero',99907),(2669,'Zumpango','MEX','Estado de México',99781),(2670,'San Pedro Cholula','MEX','Puebla',99734),(2671,'Lerma','MEX','Estado de México',99714),(2672,'Tecomán','MEX','Colima',99296),(2673,'Las Margaritas','MEX','Chiapas',97389),(2674,'Cosoleacaque','MEX','Veracruz',97199),(2675,'San Luis de la Paz','MEX','Guanajuato',96763),(2676,'José Azueta','MEX','Guerrero',95448),(2677,'Santiago Ixcuintla','MEX','Nayarit',95311),(2678,'San Felipe','MEX','Guanajuato',95305),(2679,'Tejupilco','MEX','Estado de México',94934),(2680,'Tantoyuca','MEX','Veracruz',94709),(2681,'Salvatierra','MEX','Guanajuato',94322),(2682,'Tultepec','MEX','Estado de México',93364),(2683,'Temixco','MEX','Morelos',92686),(2684,'Matamoros','MEX','Coahuila de Zaragoza',91858),(2685,'Pánuco','MEX','Veracruz',90551),(2686,'El Fuerte','MEX','Sinaloa',89556),(2687,'Tierra Blanca','MEX','Veracruz',89143),(2882,'Ciudad de Panamá','PAN','Panamá',471373),(2883,'San Miguelito','PAN','San Miguelito',315382),(2885,'Asunción','PRY','Asunción',557776),(2886,'Ciudad del Este','PRY','Alto Paraná',133881),(2887,'San Lorenzo','PRY','Central',133395),(2888,'Lambaré','PRY','Central',99681),(2889,'Fernando de la Mora','PRY','Central',95287),(2890,'Lima','PER','Lima',6464693),(2891,'Arequipa','PER','Arequipa',762000),(2892,'Trujillo','PER','La Libertad',652000),(2893,'Chiclayo','PER','Lambayeque',517000),(2894,'Callao','PER','Callao',424294),(2895,'Iquitos','PER','Loreto',367000),(2896,'Chimbote','PER','Ancash',336000),(2897,'Huancayo','PER','Junín',327000),(2898,'Piura','PER','Piura',325000),(2899,'Cusco','PER','Cusco',291000),(2900,'Pucallpa','PER','Ucayali',220866),(2901,'Tacna','PER','Tacna',215683),(2902,'Ica','PER','Ica',194820),(2903,'Sullana','PER','Piura',147361),(2904,'Juliaca','PER','Puno',142576),(2905,'Huánuco','PER','Huanuco',129688),(2906,'Ayacucho','PER','Ayacucho',118960),(2907,'Chincha Alta','PER','Ica',110016),(2908,'Cajamarca','PER','Cajamarca',108009),(2909,'Puno','PER','Puno',101578),(2910,'Ventanilla','PER','Callao',101056),(2911,'Castilla','PER','Piura',90642),(3539,'Caracas','VEN','Distrito Federal',1975294),(3540,'Maracaíbo','VEN','Zulia',1304776),(3541,'Barquisimeto','VEN','Lara',877239),(3542,'Valencia','VEN','Carabobo',794246),(3543,'Ciudad Guayana','VEN','Bolívar',663713),(3544,'Petare','VEN','Miranda',488868),(3545,'Maracay','VEN','Aragua',444443),(3546,'Barcelona','VEN','Anzoátegui',322267),(3547,'Maturín','VEN','Monagas',319726),(3548,'San Cristóbal','VEN','Táchira',319373),(3549,'Ciudad Bolívar','VEN','Bolívar',301107),(3550,'Cumaná','VEN','Sucre',293105),(3551,'Mérida','VEN','Mérida',224887),(3552,'Cabimas','VEN','Zulia',221329),(3553,'Barinas','VEN','Barinas',217831),(3554,'Turmero','VEN','Aragua',217499),(3555,'Baruta','VEN','Miranda',207290),(3556,'Puerto Cabello','VEN','Carabobo',187722),(3557,'Santa Ana de Coro','VEN','Falcón',185766),(3558,'Los Teques','VEN','Miranda',178784),(3559,'Punto Fijo','VEN','Falcón',167215),(3560,'Guarenas','VEN','Miranda',165889),(3561,'Acarigua','VEN','Portuguesa',158954),(3562,'Puerto La Cruz','VEN','Anzoátegui',155700),(3563,'Ciudad Losada','VEN','',134501),(3564,'Guacara','VEN','Carabobo',131334),(3565,'Valera','VEN','Trujillo',130281),(3566,'Guanare','VEN','Portuguesa',125621),(3567,'Carúpano','VEN','Sucre',119639),(3568,'Catia La Mar','VEN','Distrito Federal',117012),(3569,'El Tigre','VEN','Anzoátegui',116256),(3570,'Guatire','VEN','Miranda',109121),(3571,'Calabozo','VEN','Guárico',107146),(3572,'Pozuelos','VEN','Anzoátegui',105690),(3573,'Ciudad Ojeda','VEN','Zulia',99354),(3574,'Ocumare del Tuy','VEN','Miranda',97168),(3575,'Valle de la Pascua','VEN','Guárico',95927),(3576,'Araure','VEN','Portuguesa',94269),(3577,'San Fernando de Apure','VEN','Apure',93809),(3578,'San Felipe','VEN','Yaracuy',90940),(3579,'El Limón','VEN','Aragua',90000),(3580,'Alvaro Obregón','MEX','Distrito Federal',0),(3581,'Azcapotzalco','MEX','Distrito Federal',0),(3582,'Benito Juárez','MEX','Distrito Federal',0),(3583,'Coyoacán','MEX','Distrito Federal',0),(3584,'Cuajimalpa de Morelos','MEX','Distrito Federal',0),(3585,'Cuauhtémoc','MEX','Distrito Federal',0),(3586,'Gustavo A. Madero','MEX','Distrito Federal',0),(3587,'Iztacalco','MEX','Distrito Federal',0),(3588,'Iztapalapa','MEX','Distrito Federal',0),(3589,'Magdalena Contreras','MEX','Distrito Federal',0),(3590,'Miguel Hidalgo','MEX','Distrito Federal',0),(3591,'Milpa Alta','MEX','Distrito Federal',0),(3592,'Tláhuac','MEX','Distrito Federal',0),(3593,'Tlalpan','MEX','Distrito Federal',0),(3594,'Venustiano Carranza','MEX','Distrito Federal',0),(3595,'Xochimilco','MEX','Distrito Federal',0);
/*!40000 ALTER TABLE `cities` ENABLE KEYS */;
UNLOCK TABLES;

--
-- Table structure for table `contact_type`
--

DROP TABLE IF EXISTS `contact_type`;
/*!40101 SET @saved_cs_client     = @@character_set_client */;
/*!40101 SET character_set_client = utf8 */;
CREATE TABLE `contact_type` (
  `id_contact_type` int(11) NOT NULL auto_increment,
  `name` varchar(45) default NULL,
  `description` varchar(45) default NULL,
  PRIMARY KEY  (`id_contact_type`)
) ENGINE=InnoDB AUTO_INCREMENT=6 DEFAULT CHARSET=utf8;
/*!40101 SET character_set_client = @saved_cs_client */;

--
-- Dumping data for table `contact_type`
--

LOCK TABLES `contact_type` WRITE;
/*!40000 ALTER TABLE `contact_type` DISABLE KEYS */;
INSERT INTO `contact_type` VALUES (1,'Teléfono casa',NULL),(2,'Celular',NULL),(3,'Usuario Skype',NULL),(4,'Usuairo Facebook',NULL),(5,'Usuario Twitter',NULL);
/*!40000 ALTER TABLE `contact_type` ENABLE KEYS */;
UNLOCK TABLES;

--
-- Table structure for table `contact_user`
--

DROP TABLE IF EXISTS `contact_user`;
/*!40101 SET @saved_cs_client     = @@character_set_client */;
/*!40101 SET character_set_client = utf8 */;
CREATE TABLE `contact_user` (
  `id_contact` int(11) NOT NULL,
  `id_user` int(11) NOT NULL,
  PRIMARY KEY  (`id_contact`,`id_user`),
  KEY `fk_contact_user_2_idx` (`id_user`),
  CONSTRAINT `fk_contact_user_1` FOREIGN KEY (`id_contact`) REFERENCES `contacts` (`id_contact`) ON DELETE CASCADE ON UPDATE CASCADE,
  CONSTRAINT `fk_contact_user_2` FOREIGN KEY (`id_user`) REFERENCES `users` (`id_user`) ON DELETE CASCADE ON UPDATE CASCADE
) ENGINE=InnoDB DEFAULT CHARSET=utf8;
/*!40101 SET character_set_client = @saved_cs_client */;

--
-- Dumping data for table `contact_user`
--

LOCK TABLES `contact_user` WRITE;
/*!40000 ALTER TABLE `contact_user` DISABLE KEYS */;
/*!40000 ALTER TABLE `contact_user` ENABLE KEYS */;
UNLOCK TABLES;

--
-- Table structure for table `contacts`
--

DROP TABLE IF EXISTS `contacts`;
/*!40101 SET @saved_cs_client     = @@character_set_client */;
/*!40101 SET character_set_client = utf8 */;
CREATE TABLE `contacts` (
  `id_contact` int(11) NOT NULL auto_increment,
  `type` int(11) NOT NULL,
  `value` varchar(75) default NULL,
  PRIMARY KEY  (`id_contact`),
  KEY `fk_contacts_1_idx` (`type`),
  CONSTRAINT `fk_contacts_1` FOREIGN KEY (`type`) REFERENCES `contact_type` (`id_contact_type`) ON DELETE NO ACTION ON UPDATE NO ACTION
) ENGINE=InnoDB DEFAULT CHARSET=utf8;
/*!40101 SET character_set_client = @saved_cs_client */;

--
-- Dumping data for table `contacts`
--

LOCK TABLES `contacts` WRITE;
/*!40000 ALTER TABLE `contacts` DISABLE KEYS */;
/*!40000 ALTER TABLE `contacts` ENABLE KEYS */;
UNLOCK TABLES;

--
-- Table structure for table `countries`
--

DROP TABLE IF EXISTS `countries`;
/*!40101 SET @saved_cs_client     = @@character_set_client */;
/*!40101 SET character_set_client = utf8 */;
CREATE TABLE `countries` (
  `id_country` char(3) NOT NULL default '',
  `name` char(52) NOT NULL default '',
  `capital` int(11) default NULL,
  `code2` char(2) NOT NULL default '',
  PRIMARY KEY  (`id_country`)
) ENGINE=MyISAM DEFAULT CHARSET=utf8;
/*!40101 SET character_set_client = @saved_cs_client */;

--
-- Dumping data for table `countries`
--

LOCK TABLES `countries` WRITE;
/*!40000 ALTER TABLE `countries` DISABLE KEYS */;
INSERT INTO `countries` VALUES ('ARG','Argentina',69,'AR'),('BOL','Bolivia',194,'BO'),('BRA','Brazil',211,'BR'),('CHL','Chile',554,'CL'),('COL','Colombia',2257,'CO'),('CRI','Costa Rica',584,'CR'),('DOM','Dominican Republic',587,'DO'),('ECU','Ecuador',594,'EC'),('HTI','Haiti',929,'HT'),('JAM','Jamaica',1530,'JM'),('MEX','Mexico',2515,'MX'),('PAN','Panama',2882,'PA'),('PER','Peru',2890,'PE'),('PRY','Paraguay',2885,'PY'),('VEN','Venezuela',3539,'VE');
/*!40000 ALTER TABLE `countries` ENABLE KEYS */;
UNLOCK TABLES;

--
-- Table structure for table `criterias`
--

DROP TABLE IF EXISTS `criterias`;
/*!40101 SET @saved_cs_client     = @@character_set_client */;
/*!40101 SET character_set_client = utf8 */;
CREATE TABLE `criterias` (
  `id_criteria` int(11) NOT NULL auto_increment,
  `name` varchar(45) collate utf8_spanish_ci NOT NULL,
  `description` varchar(150) collate utf8_spanish_ci default NULL,
  `condition` varchar(500) collate utf8_spanish_ci NOT NULL,
  PRIMARY KEY  (`id_criteria`),
  UNIQUE KEY `name_UNIQUE` (`name`)
) ENGINE=InnoDB AUTO_INCREMENT=4 DEFAULT CHARSET=utf8 COLLATE=utf8_spanish_ci;
/*!40101 SET character_set_client = @saved_cs_client */;

--
-- Dumping data for table `criterias`
--

LOCK TABLES `criterias` WRITE;
/*!40000 ALTER TABLE `criterias` DISABLE KEYS */;
INSERT INTO `criterias` VALUES (1,'sexo','Solo los hombres iran a este grupo','genre=\'M\''),(2,'jovenes','Entre los 10 y 20 años','date(born) between \'1994-01-01\' AND \'2014-01-01\''),(3,'veteranos','Mayores de 30','date(born) between \'1914-01-01\' AND \'1984-01-01\'');
/*!40000 ALTER TABLE `criterias` ENABLE KEYS */;
UNLOCK TABLES;

--
-- Table structure for table `group_type_criteria`
--

DROP TABLE IF EXISTS `group_type_criteria`;
/*!40101 SET @saved_cs_client     = @@character_set_client */;
/*!40101 SET character_set_client = utf8 */;
CREATE TABLE `group_type_criteria` (
  `id_group_type` int(11) NOT NULL,
  `id_criteria` int(11) NOT NULL,
  PRIMARY KEY  (`id_group_type`,`id_criteria`),
  KEY `fk_group_criteria_2_idx` (`id_criteria`),
  CONSTRAINT `fk_group_type_criteria_2` FOREIGN KEY (`id_criteria`) REFERENCES `criterias` (`id_criteria`) ON DELETE CASCADE ON UPDATE CASCADE,
  CONSTRAINT `fk_group_type_criteria_1` FOREIGN KEY (`id_group_type`) REFERENCES `group_types` (`id_group_type`) ON DELETE CASCADE ON UPDATE CASCADE
) ENGINE=InnoDB DEFAULT CHARSET=utf8 COLLATE=utf8_spanish_ci;
/*!40101 SET character_set_client = @saved_cs_client */;

--
-- Dumping data for table `group_type_criteria`
--

LOCK TABLES `group_type_criteria` WRITE;
/*!40000 ALTER TABLE `group_type_criteria` DISABLE KEYS */;
INSERT INTO `group_type_criteria` VALUES (2,1),(2,2),(3,3);
/*!40000 ALTER TABLE `group_type_criteria` ENABLE KEYS */;
UNLOCK TABLES;

--
-- Table structure for table `group_types`
--

DROP TABLE IF EXISTS `group_types`;
/*!40101 SET @saved_cs_client     = @@character_set_client */;
/*!40101 SET character_set_client = utf8 */;
CREATE TABLE `group_types` (
  `id_group_type` int(11) NOT NULL auto_increment,
  `name` varchar(45) collate utf8_spanish_ci NOT NULL,
  `description` varchar(150) collate utf8_spanish_ci default NULL,
  PRIMARY KEY  (`id_group_type`),
  UNIQUE KEY `id_group_type_UNIQUE` (`id_group_type`)
) ENGINE=InnoDB AUTO_INCREMENT=4 DEFAULT CHARSET=utf8 COLLATE=utf8_spanish_ci;
/*!40101 SET character_set_client = @saved_cs_client */;

--
-- Dumping data for table `group_types`
--

LOCK TABLES `group_types` WRITE;
/*!40000 ALTER TABLE `group_types` DISABLE KEYS */;
INSERT INTO `group_types` VALUES (1,'Default',NULL),(2,'Adolescentes',NULL),(3,'Veteranos',NULL);
/*!40000 ALTER TABLE `group_types` ENABLE KEYS */;
UNLOCK TABLES;

--
-- Table structure for table `groups`
--

DROP TABLE IF EXISTS `groups`;
/*!40101 SET @saved_cs_client     = @@character_set_client */;
/*!40101 SET character_set_client = utf8 */;
CREATE TABLE `groups` (
  `id_group` int(11) NOT NULL auto_increment,
  `name` varchar(45) default NULL,
  `description` varchar(200) default NULL,
  `group_master` int(11) default NULL,
  `id_group_type` int(11) NOT NULL default '1',
  PRIMARY KEY  (`id_group`),
  KEY `fk_groups_1_idx` (`group_master`),
  KEY `fk_groups_2_idx` (`id_group_type`),
  CONSTRAINT `fk_groups_1` FOREIGN KEY (`group_master`) REFERENCES `users` (`id_user`) ON DELETE SET NULL ON UPDATE CASCADE
) ENGINE=InnoDB AUTO_INCREMENT=4 DEFAULT CHARSET=utf8;
/*!40101 SET character_set_client = @saved_cs_client */;

--
-- Dumping data for table `groups`
--

LOCK TABLES `groups` WRITE;
/*!40000 ALTER TABLE `groups` DISABLE KEYS */;
INSERT INTO `groups` VALUES (1,'default','A default group for users which doesn\'t fit the other groups predefined',NULL,1),(2,'adolescentes','Asistentes entre los 10 y 20 años',NULL,2),(3,'veteranos','Asistentes mayores de 30 años',NULL,3);
/*!40000 ALTER TABLE `groups` ENABLE KEYS */;
UNLOCK TABLES;

--
-- Table structure for table `headquarters`
--

DROP TABLE IF EXISTS `headquarters`;
/*!40101 SET @saved_cs_client     = @@character_set_client */;
/*!40101 SET character_set_client = utf8 */;
CREATE TABLE `headquarters` (
  `id_headquarter` int(11) NOT NULL auto_increment,
  `name` varchar(150) default NULL,
  `description` varchar(200) default NULL,
  `location` varchar(200) default NULL,
  PRIMARY KEY  (`id_headquarter`)
) ENGINE=InnoDB AUTO_INCREMENT=13 DEFAULT CHARSET=utf8;
/*!40101 SET character_set_client = @saved_cs_client */;

--
-- Dumping data for table `headquarters`
--

LOCK TABLES `headquarters` WRITE;
/*!40000 ALTER TABLE `headquarters` DISABLE KEYS */;
INSERT INTO `headquarters` VALUES (1,'IYF Cd. De Mexico',NULL,NULL),(2,'IYF Acayuca',NULL,NULL),(3,'IYF Atizapan de Zaragoza',NULL,NULL),(4,'IYF Coatzacoalcos',NULL,NULL),(5,'IYF Cuautitlan Izcalli',NULL,NULL),(6,'IYF Guadalajara',NULL,NULL),(7,'IYF Monterrey',NULL,NULL),(8,'IYF Puebla',NULL,NULL),(9,'IYF Queretaro',NULL,NULL),(10,'IYF Tijuana',NULL,NULL),(11,'IYF Toluca',NULL,NULL),(12,'IYF Veracruz',NULL,NULL);
/*!40000 ALTER TABLE `headquarters` ENABLE KEYS */;
UNLOCK TABLES;

--
-- Table structure for table `modalities`
--

DROP TABLE IF EXISTS `modalities`;
/*!40101 SET @saved_cs_client     = @@character_set_client */;
/*!40101 SET character_set_client = utf8 */;
CREATE TABLE `modalities` (
  `id_modality` int(11) NOT NULL auto_increment,
  `name` varchar(45) default NULL,
  `description` varchar(200) default NULL,
  `admin_required` varchar(1) default '1',
  PRIMARY KEY  (`id_modality`)
) ENGINE=InnoDB AUTO_INCREMENT=13 DEFAULT CHARSET=utf8;
/*!40101 SET character_set_client = @saved_cs_client */;

--
-- Dumping data for table `modalities`
--

LOCK TABLES `modalities` WRITE;
/*!40000 ALTER TABLE `modalities` DISABLE KEYS */;
INSERT INTO `modalities` VALUES (1,'Nuevo A (Primera Vez en IYF)',NULL,'0'),(2,'Nuevo B (Participo en Eventos de IYF)',NULL,'0'),(3,'Miembro de IYF (Formo parte IYF)',NULL,'0'),(4,'Miembro Activo de IYF',NULL,'0'),(5,'Maestro',NULL,'1'),(6,'Staff Tecnico',NULL,'1'),(7,'Staff Oficina',NULL,'1'),(8,'Staff Cocina',NULL,'1'),(9,'Staff Logistico (transportadores)',NULL,'1'),(10,'Staff VIP',NULL,'1'),(11,'Ministro',NULL,'1'),(12,'Voluntario',NULL,'1');
/*!40000 ALTER TABLE `modalities` ENABLE KEYS */;
UNLOCK TABLES;

--
-- Table structure for table `payment_type`
--

DROP TABLE IF EXISTS `payment_type`;
/*!40101 SET @saved_cs_client     = @@character_set_client */;
/*!40101 SET character_set_client = utf8 */;
CREATE TABLE `payment_type` (
  `id_payment_type` int(11) NOT NULL,
  `name` varchar(45) NOT NULL,
  `description` varchar(150) default NULL,
  PRIMARY KEY  (`id_payment_type`)
) ENGINE=InnoDB DEFAULT CHARSET=utf8;
/*!40101 SET character_set_client = @saved_cs_client */;

--
-- Dumping data for table `payment_type`
--

LOCK TABLES `payment_type` WRITE;
/*!40000 ALTER TABLE `payment_type` DISABLE KEYS */;
INSERT INTO `payment_type` VALUES (1,'Banco',NULL),(2,'Abono',NULL);
/*!40000 ALTER TABLE `payment_type` ENABLE KEYS */;
UNLOCK TABLES;

--
-- Table structure for table `payment_user`
--

DROP TABLE IF EXISTS `payment_user`;
/*!40101 SET @saved_cs_client     = @@character_set_client */;
/*!40101 SET character_set_client = utf8 */;
CREATE TABLE `payment_user` (
  `id_payment` int(11) NOT NULL,
  `id_user` int(11) NOT NULL,
  PRIMARY KEY  (`id_payment`,`id_user`),
  KEY `fk_payment_user_2_idx` (`id_user`),
  CONSTRAINT `fk_payment_user_1` FOREIGN KEY (`id_payment`) REFERENCES `payments` (`id_payment`) ON DELETE CASCADE ON UPDATE CASCADE,
  CONSTRAINT `fk_payment_user_2` FOREIGN KEY (`id_user`) REFERENCES `users` (`id_user`) ON UPDATE CASCADE
) ENGINE=InnoDB DEFAULT CHARSET=utf8;
/*!40101 SET character_set_client = @saved_cs_client */;

--
-- Dumping data for table `payment_user`
--

LOCK TABLES `payment_user` WRITE;
/*!40000 ALTER TABLE `payment_user` DISABLE KEYS */;
INSERT INTO `payment_user` VALUES (279,128009),(281,128009),(320,128027),(247,128033),(299,128034),(300,128034),(314,128046),(301,128047),(317,128051),(331,128055),(248,128058),(304,128072),(302,128076),(316,128077),(272,128079),(315,128087),(303,128099),(265,128124),(311,128127),(245,128129),(291,128130),(270,128137),(259,128138),(271,128140),(239,128143),(296,128162),(286,128174),(249,128176),(246,128178),(240,128183),(255,128210),(312,128224),(275,128227),(276,128227),(277,128229),(278,128229),(282,128244),(297,128255),(298,128255),(273,128269),(293,128276),(244,128285),(253,128323),(329,128329),(323,128331),(324,128333),(325,128340),(261,128358),(280,128359),(283,128360),(284,128360),(285,128360),(268,128362),(243,128366),(306,128369),(294,128371),(274,128393),(292,128400),(252,128415),(308,128420),(264,128425),(267,128427),(309,128429),(289,128430),(290,128430),(313,128435),(310,128438),(269,128444),(260,128450),(287,128455),(288,128455),(347,128525),(343,128566),(342,128568),(355,128572),(356,128573),(354,128574),(353,128575),(341,128580),(344,128594),(345,128595),(346,128597),(332,128631),(361,128632),(370,128635),(374,128637),(371,128638),(307,128639),(352,128699),(295,128701),(335,128702),(340,128703),(357,128712),(348,128719),(349,128721),(350,128722),(351,128724),(305,128730),(337,128765),(334,128777),(333,128781),(336,128786),(364,128791),(368,128794),(362,128796),(363,128798),(372,128800),(373,128801),(366,128802),(369,128803),(339,128804),(365,128806),(338,128809),(321,128813),(322,128815),(319,128817),(327,128821),(328,128822),(318,128836),(251,128841),(326,128843),(330,128852),(257,128860),(242,128865),(250,128866),(258,128872),(241,128876),(256,128877),(254,128882),(262,128885),(263,128888),(266,128893),(358,128900),(360,128984),(359,128988),(367,129070);
/*!40000 ALTER TABLE `payment_user` ENABLE KEYS */;
UNLOCK TABLES;

--
-- Table structure for table `payments`
--

DROP TABLE IF EXISTS `payments`;
/*!40101 SET @saved_cs_client     = @@character_set_client */;
/*!40101 SET character_set_client = utf8 */;
CREATE TABLE `payments` (
  `id_payment` int(11) NOT NULL auto_increment,
  `amount` decimal(5,2) NOT NULL,
  `date` timestamp NULL default NULL,
  `id_payment_type` int(11) default '1',
  `registered_by` int(11) NOT NULL,
  PRIMARY KEY  (`id_payment`),
  KEY `fk_payments_1_idx` (`id_payment_type`),
  KEY `fk_payments_2_idx` (`registered_by`),
  CONSTRAINT `fk_payments_1` FOREIGN KEY (`id_payment_type`) REFERENCES `payment_type` (`id_payment_type`) ON DELETE SET NULL ON UPDATE CASCADE,
  CONSTRAINT `fk_payments_2` FOREIGN KEY (`registered_by`) REFERENCES `users` (`id_user`) ON UPDATE CASCADE
) ENGINE=InnoDB AUTO_INCREMENT=375 DEFAULT CHARSET=utf8;
/*!40101 SET character_set_client = @saved_cs_client */;

--
-- Dumping data for table `payments`
--

LOCK TABLES `payments` WRITE;
/*!40000 ALTER TABLE `payments` DISABLE KEYS */;
INSERT INTO `payments` VALUES (239,700.00,'2014-08-12 16:26:10',2,100001),(240,700.00,'2014-08-12 16:27:18',2,100001),(241,700.00,'2014-08-12 16:27:54',2,100001),(242,700.00,'2014-08-12 16:32:54',2,100001),(243,350.00,'2014-08-12 16:42:31',2,100001),(244,350.00,'2014-08-12 16:43:20',2,100001),(245,300.00,'2014-08-12 16:44:19',2,100001),(246,400.00,'2014-08-12 16:45:29',2,100001),(247,700.00,'2014-08-12 16:48:25',2,100001),(248,700.00,'2014-08-12 16:50:30',2,100001),(249,400.00,'2014-08-12 17:05:21',2,100001),(250,700.00,'2014-08-12 17:10:46',2,100001),(251,700.00,'2014-08-12 17:18:52',2,100001),(252,500.00,'2014-08-12 17:20:44',2,100001),(253,700.00,'2014-08-12 17:26:24',2,100001),(254,350.00,'2014-08-12 17:28:03',2,100001),(255,500.00,'2014-08-12 17:30:39',2,100001),(256,350.00,'2014-08-12 17:33:16',2,100001),(257,350.00,'2014-08-12 17:35:56',2,100001),(258,700.00,'2014-08-12 17:37:44',2,100001),(259,700.00,'2014-08-12 18:03:01',2,100001),(260,350.00,'2014-08-12 18:08:00',2,100001),(261,700.00,'2014-08-12 18:15:29',2,100001),(262,700.00,'2014-08-12 18:17:12',2,100001),(263,700.00,'2014-08-12 18:17:50',2,100001),(264,100.00,'2014-08-12 18:19:25',2,100001),(265,700.00,'2014-08-12 18:20:16',2,100001),(266,100.00,'2014-08-12 18:21:49',2,100001),(267,700.00,'2014-08-12 18:24:30',2,100001),(268,200.00,'2014-08-12 18:28:09',2,100001),(269,350.00,'2014-08-12 18:29:33',2,100001),(270,700.00,'2014-08-12 18:44:27',2,100001),(271,700.00,'2014-08-12 18:47:10',2,100001),(272,700.00,'2014-08-12 18:51:02',2,100001),(273,700.00,'2014-08-12 18:53:44',2,100001),(274,700.00,'2014-08-12 18:54:52',2,100001),(275,500.00,'2014-08-12 19:01:42',2,100001),(276,200.00,'2014-08-12 19:01:59',2,100001),(277,500.00,'2014-08-12 19:03:48',2,100001),(278,200.00,'2014-08-12 19:03:57',2,100001),(279,500.00,'2014-08-12 19:04:55',2,100001),(280,200.00,'2014-08-12 19:06:18',2,100001),(281,200.00,'2014-08-12 19:10:08',2,100001),(282,700.00,'2014-08-12 19:12:04',2,100001),(283,200.00,'2014-08-12 19:12:49',2,100001),(284,400.00,'2014-08-12 19:12:59',2,100001),(285,100.00,'2014-08-12 19:13:05',2,100001),(286,200.00,'2014-08-12 19:15:49',2,100001),(287,200.00,'2014-08-12 19:20:27',2,100001),(288,500.00,'2014-08-12 19:20:39',2,100001),(289,100.00,'2014-08-12 19:23:23',2,100001),(290,600.00,'2014-08-12 19:23:32',2,100001),(291,350.00,'2014-08-12 19:24:08',2,100001),(292,700.00,'2014-08-12 19:25:12',2,100001),(293,700.00,'2014-08-12 19:27:24',2,100001),(294,700.00,'2014-08-12 19:31:15',2,100001),(295,700.00,'2014-08-12 19:51:41',2,100001),(296,700.00,'2014-08-12 19:52:45',2,100001),(297,200.00,'2014-08-12 19:53:57',2,100001),(298,500.00,'2014-08-12 19:54:05',2,100001),(299,500.00,'2014-08-12 19:55:55',2,100001),(300,200.00,'2014-08-12 19:56:02',2,100001),(301,700.00,'2014-08-12 19:58:33',2,100001),(302,700.00,'2014-08-12 19:59:14',2,100001),(303,700.00,'2014-08-12 20:00:49',2,100001),(304,350.00,'2014-08-12 20:01:30',2,100001),(305,700.00,'2014-08-12 20:02:27',2,100001),(306,700.00,'2014-08-12 20:03:27',2,100001),(307,700.00,'2014-08-12 20:05:22',2,100001),(308,700.00,'2014-08-12 20:06:00',2,100001),(309,700.00,'2014-08-12 20:07:24',2,100001),(310,700.00,'2014-08-12 20:08:00',2,100001),(311,500.00,'2014-08-12 20:08:50',2,100001),(312,700.00,'2014-08-12 20:09:53',2,100001),(313,700.00,'2014-08-12 20:23:47',2,100001),(314,350.00,'2014-08-12 20:25:43',2,100001),(315,700.00,'2014-08-13 01:13:13',2,129011),(316,700.00,'2014-08-13 01:19:49',2,129011),(317,700.00,'2014-08-13 01:21:01',2,129011),(318,700.00,'2014-08-13 01:22:23',2,129036),(319,350.00,'2014-08-13 01:23:18',2,129036),(320,700.00,'2014-08-13 01:23:20',2,129011),(321,700.00,'2014-08-13 01:29:14',2,129036),(322,700.00,'2014-08-13 01:29:53',2,129036),(323,700.00,'2014-08-13 01:32:09',1,129036),(324,700.00,'2014-08-13 01:33:25',1,129036),(325,700.00,'2014-08-13 01:34:00',1,129036),(326,700.00,'2014-08-13 01:35:17',2,129036),(327,700.00,'2014-08-13 01:35:41',1,129036),(328,700.00,'2014-08-13 01:36:24',1,129036),(329,700.00,'2014-08-13 01:37:52',2,129036),(330,700.00,'2014-08-13 01:39:50',2,129036),(331,700.00,'2014-08-13 01:41:48',2,129011),(332,700.00,'2014-08-13 01:55:09',2,129011),(333,700.00,'2014-08-13 01:57:28',2,129011),(334,700.00,'2014-08-13 02:00:01',2,129011),(335,700.00,'2014-08-13 02:01:28',2,129039),(336,700.00,'2014-08-13 02:02:11',1,129011),(337,700.00,'2014-08-13 02:11:58',1,129038),(338,700.00,'2014-08-13 02:17:23',2,129011),(339,700.00,'2014-08-13 02:20:32',2,129011),(340,700.00,'2014-08-13 02:21:56',2,129011),(341,300.00,'2014-08-13 04:45:09',2,129037),(342,100.00,'2014-08-13 04:47:14',2,129037),(343,100.00,'2014-08-13 04:49:38',2,129037),(344,350.00,'2014-08-13 04:51:30',2,129037),(345,300.00,'2014-08-13 04:57:32',2,129037),(346,300.00,'2014-08-13 04:58:55',2,129037),(347,500.00,'2014-08-13 05:02:03',2,129037),(348,700.00,'2014-08-13 05:04:01',2,129037),(349,300.00,'2014-08-13 05:06:31',2,129037),(350,200.00,'2014-08-13 05:08:08',2,129037),(351,700.00,'2014-08-13 05:09:35',2,129037),(352,700.00,'2014-08-13 05:11:02',2,129037),(353,700.00,'2014-08-13 05:14:25',2,129037),(354,700.00,'2014-08-13 05:15:50',2,129037),(355,700.00,'2014-08-13 05:17:42',2,129037),(356,700.00,'2014-08-13 05:19:06',2,129037),(357,700.00,'2014-08-13 05:21:32',2,129037),(358,700.00,'2014-08-13 05:23:22',2,129037),(359,700.00,'2014-08-13 05:24:29',2,129037),(360,700.00,'2014-08-13 05:26:49',2,129037),(361,700.00,'2014-08-13 15:37:01',2,129011),(362,700.00,'2014-08-13 15:40:23',1,129011),(363,700.00,'2014-08-13 15:41:31',1,129011),(364,700.00,'2014-08-13 15:49:58',1,129011),(365,700.00,'2014-08-13 15:51:50',2,129011),(366,700.00,'2014-08-13 15:55:33',2,129011),(367,700.00,'2014-08-13 15:59:21',2,129011),(368,700.00,'2014-08-13 16:16:28',1,129011),(369,700.00,'2014-08-13 16:34:45',2,129011),(370,700.00,'2014-08-13 16:40:15',2,129011),(371,700.00,'2014-08-13 16:58:18',2,129011),(372,700.00,'2014-08-13 17:01:27',1,129011),(373,700.00,'2014-08-13 17:02:22',1,129011),(374,700.00,'2014-08-13 17:11:19',2,129011);
/*!40000 ALTER TABLE `payments` ENABLE KEYS */;
UNLOCK TABLES;

--
-- Table structure for table `publicities`
--

DROP TABLE IF EXISTS `publicities`;
/*!40101 SET @saved_cs_client     = @@character_set_client */;
/*!40101 SET character_set_client = utf8 */;
CREATE TABLE `publicities` (
  `id_publicity` int(11) NOT NULL auto_increment,
  `name` varchar(75) collate utf8_spanish_ci default NULL,
  `description` varchar(45) collate utf8_spanish_ci default NULL,
  PRIMARY KEY  (`id_publicity`)
) ENGINE=InnoDB AUTO_INCREMENT=11 DEFAULT CHARSET=utf8 COLLATE=utf8_spanish_ci;
/*!40101 SET character_set_client = @saved_cs_client */;

--
-- Dumping data for table `publicities`
--

LOCK TABLES `publicities` WRITE;
/*!40000 ALTER TABLE `publicities` DISABLE KEYS */;
INSERT INTO `publicities` VALUES (1,'Volante',NULL),(2,'Facebook',NULL),(3,'Twitter',NULL),(4,'Videoblog o gestor de video (youtube, vimeo, etc.)',NULL),(5,'Radio',NULL),(6,'Televisión',NULL),(7,'Periódico',NULL),(8,'Invitación ',NULL),(9,'Metro',NULL),(10,'Otros',NULL);
/*!40000 ALTER TABLE `publicities` ENABLE KEYS */;
UNLOCK TABLES;

--
-- Table structure for table `scolarships`
--

DROP TABLE IF EXISTS `scolarships`;
/*!40101 SET @saved_cs_client     = @@character_set_client */;
/*!40101 SET character_set_client = utf8 */;
CREATE TABLE `scolarships` (
  `id_scolarship` int(11) NOT NULL auto_increment,
  `name` varchar(45) default NULL,
  `description` varchar(45) default NULL,
  PRIMARY KEY  (`id_scolarship`)
) ENGINE=InnoDB AUTO_INCREMENT=6 DEFAULT CHARSET=utf8;
/*!40101 SET character_set_client = @saved_cs_client */;

--
-- Dumping data for table `scolarships`
--

LOCK TABLES `scolarships` WRITE;
/*!40000 ALTER TABLE `scolarships` DISABLE KEYS */;
INSERT INTO `scolarships` VALUES (1,'Secundaria',NULL),(2,'Preparatoria',NULL),(3,'Universitario',NULL),(4,'Maestria',NULL),(5,'Doctorado',NULL);
/*!40000 ALTER TABLE `scolarships` ENABLE KEYS */;
UNLOCK TABLES;

--
-- Table structure for table `sysparams`
--

DROP TABLE IF EXISTS `sysparams`;
/*!40101 SET @saved_cs_client     = @@character_set_client */;
/*!40101 SET character_set_client = utf8 */;
CREATE TABLE `sysparams` (
  `key` varchar(45) collate utf8_spanish_ci NOT NULL,
  `value` varchar(150) collate utf8_spanish_ci NOT NULL,
  `deleteable` char(1) collate utf8_spanish_ci NOT NULL default '1',
  PRIMARY KEY  (`key`),
  UNIQUE KEY `key_UNIQUE` (`key`)
) ENGINE=InnoDB DEFAULT CHARSET=utf8 COLLATE=utf8_spanish_ci;
/*!40101 SET character_set_client = @saved_cs_client */;

--
-- Dumping data for table `sysparams`
--

LOCK TABLES `sysparams` WRITE;
/*!40000 ALTER TABLE `sysparams` DISABLE KEYS */;
INSERT INTO `sysparams` VALUES ('tam_grupo','15','0');
/*!40000 ALTER TABLE `sysparams` ENABLE KEYS */;
UNLOCK TABLES;

--
-- Table structure for table `users`
--

DROP TABLE IF EXISTS `users`;
/*!40101 SET @saved_cs_client     = @@character_set_client */;
/*!40101 SET character_set_client = utf8 */;
CREATE TABLE `users` (
  `id_user` int(11) NOT NULL auto_increment,
  `names` varchar(100) NOT NULL,
  `parent_names` varchar(100) default NULL,
  `genre` varchar(1) NOT NULL,
  `born` date default NULL,
  `email` varchar(100) NOT NULL,
  `scolarship` int(11) default NULL,
  `assistance` varchar(1) default 'N',
  `id_group` int(11) default NULL,
  `usrnm` varchar(20) default NULL,
  `id_usertype` int(11) default '5',
  `id_modality` int(11) default NULL,
  `notes` varchar(500) default NULL,
  `registered` timestamp NULL default NULL,
  `id_country` char(3) default 'MEX',
  `psswrd` text,
  `id_headquarters` int(11) NOT NULL,
  `id_city` int(11) default NULL,
  `id_publicity` int(11) default NULL,
  `hosted` varchar(1) default 'Y',
  `pays` int(11) default NULL,
  `maternal_name` varchar(100) default NULL,
  `checked` int(1) NOT NULL default '0',
  PRIMARY KEY  (`id_user`),
  UNIQUE KEY `email_UNIQUE` (`email`),
  UNIQUE KEY `username_UNIQUE` (`usrnm`),
  KEY `fk_users_1_idx` (`scolarship`),
  KEY `fk_users_2_idx` (`id_usertype`),
  KEY `fk_users_3_idx` (`id_modality`),
  KEY `fk_users_4_idx` (`id_group`),
  KEY `fk_users_6_idx` (`id_headquarters`),
  KEY `fk_users_7_idx` (`id_city`),
  KEY `fk_users_8_idx` (`id_publicity`),
  CONSTRAINT `fk_users_1` FOREIGN KEY (`scolarship`) REFERENCES `scolarships` (`id_scolarship`) ON DELETE SET NULL ON UPDATE CASCADE,
  CONSTRAINT `fk_users_2` FOREIGN KEY (`id_usertype`) REFERENCES `usertypes` (`id_usertype`) ON DELETE SET NULL ON UPDATE CASCADE,
  CONSTRAINT `fk_users_3` FOREIGN KEY (`id_modality`) REFERENCES `modalities` (`id_modality`) ON DELETE SET NULL ON UPDATE CASCADE,
  CONSTRAINT `fk_users_4` FOREIGN KEY (`id_group`) REFERENCES `groups` (`id_group`) ON DELETE NO ACTION ON UPDATE NO ACTION,
  CONSTRAINT `fk_users_7` FOREIGN KEY (`id_city`) REFERENCES `cities` (`id_city`) ON DELETE SET NULL ON UPDATE CASCADE,
  CONSTRAINT `fk_users_8` FOREIGN KEY (`id_publicity`) REFERENCES `publicities` (`id_publicity`) ON DELETE SET NULL ON UPDATE CASCADE
) ENGINE=InnoDB AUTO_INCREMENT=129185 DEFAULT CHARSET=utf8;
/*!40101 SET character_set_client = @saved_cs_client */;

--
-- Dumping data for table `users`
--

LOCK TABLES `users` WRITE;
/*!40000 ALTER TABLE `users` DISABLE KEYS */;
INSERT INTO `users` VALUES (100001,'Administrador','del','M','2014-06-03','admin@iyf.com',3,'0',1,'admin',1,NULL,NULL,'2014-07-03 20:18:47','MEX','78411ae77a086e8b8fa2730b7b065e04',1,2551,NULL,'0',25,'sistema',0),(128002,'Gicela Dennise','González','F','1991-10-10','g.dhenniseexp@hotmail.com',3,'0',1,NULL,5,1,NULL,'2014-08-01 19:05:16','MEX',NULL,7,2568,8,'1',700,'Sánchez',0),(128003,'Wendy Yesenia','Martinez','F','1996-04-16','wenses.bcj101@gmail.com',2,'0',1,NULL,5,3,NULL,'2014-08-01 19:16:38','MEX',NULL,1,3583,10,'0',350,'Perez',0),(128004,'Magdalena','Hernandez','F','1967-12-25','mhernandez@iyf.com',1,'0',1,NULL,5,4,NULL,'2014-08-01 19:16:59','MEX',NULL,11,NULL,10,'1',700,'Mendoza',0),(128005,'Mariel','Serna','F','1995-02-02','serna.mariel1@outlook.com',3,'0',1,NULL,5,2,NULL,'2014-08-01 19:22:32','MEX',NULL,1,2593,8,'1',700,'Teran',0),(128006,'LESLY PALOMA','GUERRERO ','F','1996-09-27','-',2,'0',1,NULL,5,1,NULL,'2014-08-01 19:23:29','MEX',NULL,7,NULL,8,'1',700,'VELEZ',0),(128007,'FERNANDO','GUERRERO','M','1989-09-19','fernandogvelez.89@gmail.com',4,'0',1,NULL,5,1,NULL,'2014-08-01 19:35:05','MEX',NULL,7,2523,8,'1',700,'VÉLEZ',0),(128008,'Javier Armando ','Jimenez','M','1999-02-02','javier_drf@hotmail.com',2,'0',1,NULL,5,1,NULL,'2014-08-01 19:38:52','MEX',NULL,8,2518,9,'1',700,'Ortega',0),(128009,'Viviana','Lopez','F','1993-04-20','ivivana_flor@hotmail.com',3,'1',1,NULL,5,4,NULL,'2014-08-01 19:39:42','MEX',NULL,1,3583,10,'1',700,'Sanchez',0),(128010,'KATIA ','VÁZQUEZ','F','1995-04-05','katia.vazquez@outlook.com',3,'0',1,NULL,5,1,NULL,'2014-08-01 19:39:43','MEX',NULL,7,2568,8,'1',700,'RODRÍGUEZ',0),(128011,'Florencio','Lazo','M','1976-12-27','flazo@iyf.com',1,'0',1,NULL,5,3,NULL,'2014-08-01 19:39:53','MEX',NULL,5,2548,10,'1',700,'Elias',0),(128012,'Gerardo','Cervantes','M','1997-02-02','batcontry.1@hotmail.com',2,'0',1,NULL,5,1,NULL,'2014-08-01 19:44:44','MEX',NULL,8,2518,8,'1',700,'Sanchez',0),(128013,'Pablo Paulino','Hernandez','M','2001-09-24','pablobo@hotmail.ovi',1,'0',1,NULL,5,4,NULL,'2014-08-01 19:45:37','MEX',NULL,1,3588,10,'1',700,'Kanchi',0),(128014,'Yodira Coral','Victoria','F','2000-08-25','coraline2000@hotmail.com',1,'0',1,NULL,5,4,NULL,'2014-08-01 19:47:39','MEX',NULL,11,2534,8,'1',700,'Hernandez',0),(128015,'RUTH IDALIA ','BAUTISTA','F','1966-02-14','ruth-bt@hotmail.com',3,'0',1,NULL,5,1,NULL,'2014-08-01 19:50:52','MEX',NULL,7,2542,8,'1',700,'TREVIÑO',0),(128016,'Ketzalli','Gomez','F','1996-03-26','lizbb_vip@hotmail.com',3,'0',1,NULL,5,4,NULL,'2014-08-01 19:51:45','MEX',NULL,1,3595,10,'1',700,'Reyes',0),(128017,'Anahi','Apango ','F','1992-02-02','anahi_ap@telcel.com',3,'0',1,NULL,5,1,NULL,'2014-08-01 19:52:21','MEX',NULL,8,2518,8,'1',700,'Alvarez',0),(128018,'TAMARA ADRIANA','TAMAYO','F','1995-04-01','tamara.stamayo@gmail.com',3,'0',1,NULL,5,1,NULL,'2014-08-01 19:56:12','MEX',NULL,7,2523,8,'1',700,'SÁNCHEZ',0),(128019,'Arabella','Kanchi','M','1965-05-20','mariaracan@gmail.com',3,'0',1,NULL,5,4,NULL,'2014-08-01 19:57:09','MEX',NULL,1,3588,10,'0',350,'Gonzalez',0),(128020,'Ruth Noemi ','Rocha','F','1983-04-21','mimi_8.22@hotmail.com',2,'0',1,NULL,5,5,NULL,'2014-08-01 19:58:31','MEX',NULL,7,2568,8,'1',700,'Nava',0),(128021,'Jose Manuel','Soriano','M','1991-02-02','yesuck_tik@hotmail.com',3,'0',1,NULL,5,1,NULL,'2014-08-01 19:58:38','MEX',NULL,8,2518,8,'1',700,'Cosme',0),(128022,'Beatriz','Santiago ','F','1972-09-05','bsantiago@iyf.com',1,'0',1,NULL,5,4,NULL,'2014-08-01 19:58:43','MEX',NULL,3,2546,10,'1',700,'Bautista',0),(128023,'Yeongwon','kim','F','1995-05-23','kjbh8742@naver.com',3,'0',1,NULL,5,4,NULL,'2014-08-01 20:02:06','MEX',NULL,1,3583,NULL,'1',700,'',0),(128024,'Luis Arturo','Soto','M','1991-02-02','mocarthur_09@hotmail.com',3,'0',1,NULL,5,2,NULL,'2014-08-01 20:04:14','MEX',NULL,8,2518,8,'1',700,'Castro',0),(128025,'Raul','Vega','M','2000-02-11','raul_iyf_2012@hotmail.com',1,'0',1,NULL,5,4,NULL,'2014-08-01 20:04:45','MEX',NULL,5,2548,10,'1',700,'Villaseñor',0),(128026,'Marcos Yuyoung','Oh','M','1992-04-16','ojy911227@gmail.com',3,'0',1,NULL,5,4,NULL,'2014-08-01 20:06:22','MEX',NULL,1,3583,10,'1',700,'xxx',0),(128027,'Margarita','Diaz','F','1965-09-04','mdiaz@iyf.com',1,'1',1,NULL,5,4,NULL,'2014-08-01 20:09:20','MEX',NULL,3,2572,10,'1',700,'Olivares',0),(128028,'Maria del Rocio','Cano','F','1985-05-05','mcano@iyf.com',2,'0',1,NULL,5,1,NULL,'2014-08-01 20:09:55','MEX',NULL,1,2517,1,'0',350,'Rojas',0),(128029,'Jose Arturo','Soto','M','1973-02-02','impresosluark@hotmail.com',2,'0',1,NULL,5,1,NULL,'2014-08-01 20:10:24','MEX',NULL,8,2518,8,'1',700,'Balderas',0),(128030,'Alan Giovanni','Mendez','M','1993-09-15','alan_mendez93@hotmail.es',2,'0',1,NULL,5,2,NULL,'2014-08-01 20:14:21','MEX',NULL,1,3592,10,'1',700,'Lopez',0),(128031,'Laura Elvia','Jimenez','F','1971-07-04','laujimenez@yahoo.com.mx',3,'0',1,NULL,5,2,NULL,'2014-08-01 20:17:17','MEX',NULL,3,2529,10,'0',350,'Dominguez',0),(128032,'Jose Carlos','Recinos','F','1977-05-25','carlos.iyf@gmail.com',3,'0',1,NULL,5,4,NULL,'2014-08-01 20:17:20','MEX',NULL,11,2534,8,'1',700,'Irene',0),(128033,'Ana Lilia','Mejia','F','1992-07-17','carpe.diem_ergosum@hotmail.com',3,'1',1,NULL,5,2,NULL,'2014-08-01 20:18:42','MEX',NULL,1,3593,10,'1',700,'Yanez',0),(128034,'Ana Nayeli','Castillo','F','2001-02-02','Ana_Nayeli01@hotmail.com',1,'1',1,NULL,5,2,NULL,'2014-08-01 20:19:58','MEX',NULL,1,2548,8,'1',700,'Alacio',0),(128035,'Andrea','Na','F','1994-06-14','ca6597@naver.com',3,'0',1,NULL,5,4,NULL,'2014-08-01 20:22:59','MEX',NULL,1,3583,10,'1',700,'x',0),(128036,'DAMARIS VIANEY','GUERRERO','F','1999-02-22','consedavid@hotmail.com',2,'0',1,NULL,5,1,NULL,'2014-08-01 20:23:03','MEX',NULL,7,2684,8,'1',700,'VÉLEZ',0),(128037,'Alexinder','Rivera','M','2002-09-04','alex_inder22@hotmail.com',1,'0',1,NULL,5,4,NULL,'2014-08-01 20:24:00','MEX',NULL,7,2568,2,'1',700,'Gonzalez',0),(128038,'JOSÉ ','DE LEÓN','F','1998-02-21','diegodeleonpaz98@gmail.com',2,'0',1,NULL,5,1,NULL,'2014-08-01 20:26:04','MEX',NULL,7,2636,8,'1',700,'PAZ',0),(128039,'Cristina','Lee','F','1994-04-16','tnwjd2944@nate.com',3,'0',1,NULL,5,4,NULL,'2014-08-01 20:26:06','MEX',NULL,1,3583,10,'1',700,'',0),(128040,'Delfina','Jimenez','F','1968-06-02','djimenez@hotmail.com',1,'0',1,NULL,5,4,NULL,'2014-08-01 20:28:03','MEX',NULL,3,2546,10,'1',700,'Cruz',0),(128041,'Soomin','Yoo','F','1990-05-01','ysm3262@gmail.com',3,'0',1,NULL,5,4,NULL,'2014-08-01 20:28:08','MEX',NULL,1,3583,10,'1',700,'',0),(128042,'JOSÉ LUIS','SAGREGO','M','1983-06-10','jlveloz@hotmail.com',3,'0',1,NULL,5,1,NULL,'2014-08-01 20:29:39','MEX',NULL,7,2568,8,'1',700,'VELÓZ',0),(128043,'Lilian','Victoria','F','1967-03-25','1.1_090767@hotmail.com',2,'0',1,NULL,5,4,NULL,'2014-08-01 20:30:58','MEX',NULL,11,2534,8,'1',700,'Hernandez',0),(128044,'Roselia','Estrada ','F','1963-07-23','restrada@iyf.com',1,'0',1,NULL,5,4,NULL,'2014-08-01 20:33:42','MEX',NULL,3,2546,10,'1',700,'Marquez',0),(128045,'Karen','Castro','F','1973-02-02','KCastro@iyf.com',2,'0',1,NULL,5,1,NULL,'2014-08-01 20:35:42','MEX',NULL,8,2518,8,'1',700,'Leon',0),(128046,'Silvia','Cruz','F','1989-02-02','biochivita@hotmail.com',3,'1',1,NULL,5,4,NULL,'2014-08-01 20:41:13','MEX',NULL,1,2519,10,'0',350,'Hernandez',0),(128047,'Macrina','Rivera','F','1954-02-02','macrina.rivera@yahoo.com.mx',4,'1',1,NULL,5,1,NULL,'2014-08-01 20:47:32','MEX',NULL,1,2548,8,'1',700,'Villagran',0),(128048,'Luis Eduerde ','Martinez','M','2000-11-28','dward_awake@hotmail.com',1,'0',1,NULL,5,4,NULL,'2014-08-01 20:50:17','MEX',NULL,5,2548,10,'1',700,'Lopez',0),(128049,'Daniel','Kwon','M','1995-08-16','myvj123@naver.com',3,'0',1,NULL,5,4,NULL,'2014-08-01 20:50:28','MEX',NULL,1,3583,10,'1',700,'',0),(128050,'EunSil','Yun','F','1995-04-16','dds01263@nate.com',3,'0',1,NULL,5,4,NULL,'2014-08-01 20:52:26','MEX',NULL,1,3583,10,'1',700,'',0),(128051,'Duviareli','Figueroa','F','1993-08-12','ar_eli_6@hotmail.com',3,'1',1,NULL,5,4,NULL,'2014-08-01 20:52:45','MEX',NULL,3,2546,10,'1',700,'Estrada',0),(128052,'Rosa Maria Laura','Orrego','F','1956-02-02','paris2656@yahoo.com.mx',4,'0',1,NULL,5,1,NULL,'2014-08-01 20:53:28','MEX',NULL,1,3583,1,'1',700,'Sanchez',0),(128053,'Jacob','Jeong','M','1992-04-12','jjs2783@naver.com',3,'0',1,NULL,5,4,NULL,'2014-08-01 20:55:29','MEX',NULL,1,3583,10,'1',700,'x',0),(128054,'Vanesa Yidith','Rivera','F','1995-07-14','zzyudithclackrg@live.com.mx',3,'0',1,NULL,5,3,NULL,'2014-08-01 20:56:41','MEX',NULL,7,2568,8,'1',700,'Gonzalez',0),(128055,'Daniel','Anaya','M','1999-07-23','iyf_dany_boy@hotmail.com',2,'1',1,NULL,5,4,NULL,'2014-08-01 20:57:18','MEX',NULL,3,2546,10,'1',700,'Modesto',0),(128056,'Pedro Jesus ','Garcia ','M','1995-02-02','Jesusgarcia95@outlook.com',3,'0',1,NULL,5,1,NULL,'2014-08-01 20:58:08','MEX',NULL,1,2593,8,'1',700,'Garcia',0),(128057,'Marisol','Jimenez','F','1992-07-24','mary_ame92@hotmail.com',3,'0',1,NULL,5,2,NULL,'2014-08-01 20:58:25','MEX',NULL,1,3588,10,'1',700,'Perez',0),(128058,'Maria Fernanda','Mejia','F','1998-09-29','tamaki_touki@hotmail.com',2,'1',1,NULL,5,2,NULL,'2014-08-01 21:02:18','MEX',NULL,1,3593,10,'1',700,'Yañez',0),(128059,'Ana Gabriela','Garcia','F','1973-07-24','gabrielacomadent@hotmail.com',3,'0',1,NULL,5,1,NULL,'2014-08-01 21:03:28','MEX',NULL,3,2529,10,'1',700,'Robles',0),(128060,'María Lsabel','Victoria','M','1993-09-22','yonguani@hotmail.com',2,'0',1,NULL,5,4,NULL,'2014-08-01 21:04:13','MEX',NULL,11,2534,2,'1',700,'Hernandez',0),(128061,'Valeria','Cravioto','F','1993-08-25','valecravitz@gmail.com',3,'0',1,NULL,5,4,NULL,'2014-08-01 21:09:05','MEX',NULL,1,3592,10,'1',700,'Medina',0),(128062,'Claudia Angelica','Martinez','F','1995-09-21','anmariz17@hotmail.com',3,'0',1,NULL,5,3,NULL,'2014-08-01 21:09:34','MEX',NULL,5,2548,10,'1',700,'Lopez',0),(128063,'Raul Eduardo','Segura','M','1967-08-09','raul.comadent@hotmail.com',3,'0',1,NULL,5,5,NULL,'2014-08-01 21:09:52','MEX',NULL,3,2529,10,'1',700,'Gomez',0),(128064,'Monica Estephanie','De Leon','F','1993-02-02','estephanie_deleon_92@hotmail.com',2,'0',1,NULL,5,1,NULL,'2014-08-01 21:09:55','MEX',NULL,1,NULL,2,'1',700,'Hernandez',0),(128065,'Brenda Gabriela','Valencia ','F','1994-02-14','bgvalencia18@gmail.com',3,'0',1,NULL,5,4,NULL,'2014-08-01 21:11:25','MEX',NULL,1,3593,10,'1',700,'Rodriguez',0),(128066,'Fernando','Ramos','M','1980-12-26','framos_4029@hotmail.com',3,'0',1,NULL,5,5,NULL,'2014-08-01 21:13:32','MEX',NULL,7,2542,10,'1',700,'Lara',0),(128067,'Rodrigo','Segura ','M','1994-06-08','rsegura@iyf.com',3,'0',1,NULL,5,1,NULL,'2014-08-01 21:13:52','MEX',NULL,3,2529,8,'1',700,'Gomez',0),(128068,'Cynthia ','Sanchez','F','1997-02-14','sam201109@hotmail.com',2,'0',1,NULL,5,4,NULL,'2014-08-01 21:15:39','MEX',NULL,1,3592,10,'1',700,'Cravioto',0),(128069,'Rocio','Doroteo','F','1981-05-16','rosydoroteo@hotmail.com',3,'0',1,NULL,5,4,NULL,'2014-08-01 21:17:14','MEX',NULL,7,2542,10,'1',700,'Acevedo',0),(128070,'Vania ','Cravioto','F','1997-02-14','vainillalizeth@hotmail.com',2,'0',1,NULL,5,4,NULL,'2014-08-01 21:17:47','MEX',NULL,1,3592,10,'1',700,'Medina',0),(128071,'SeungJoo','Han','M','1995-02-14','brinicle73@hotmail.com',3,'0',1,NULL,5,4,NULL,'2014-08-01 21:20:15','MEX',NULL,1,3583,10,'1',700,'x',0),(128072,'Andrea','Damian','F','1999-02-02','dreakiralover@gmail.com',2,'1',1,NULL,5,1,NULL,'2014-08-01 21:21:30','MEX',NULL,1,3585,9,'0',350,'Moran',0),(128073,'Francisco Javier','Mejía','M','1994-05-29','francisco_me.jia@outlook.com',3,'0',1,NULL,5,1,NULL,'2014-08-01 21:21:41','MEX',NULL,1,NULL,1,'1',700,'Cabrera',0),(128074,'Talia Marlen ','Pinal','F','1991-08-18','talia_0202@hotmail.com',3,'0',1,NULL,5,5,NULL,'2014-08-01 21:22:48','MEX',NULL,7,2523,10,'1',700,'Guzman',0),(128075,'Janna','Rivera','F','2002-04-28','janna_tamar@hotmail.com',1,'0',1,NULL,5,4,NULL,'2014-08-01 21:24:36','MEX',NULL,1,3593,10,'1',700,'Contreras',0),(128076,'Diana Esbeida','Juan','F','1991-02-02','dianaesbeida@gmail.com',3,'1',1,NULL,5,1,NULL,'2014-08-01 21:24:57','MEX',NULL,1,3588,8,'1',700,'Martinez',0),(128077,'Gerardo','Figueroa','M','1996-08-03','geritap_iyf@hotmail.com',2,'1',1,NULL,5,5,NULL,'2014-08-01 21:25:00','MEX',NULL,3,2546,2,'1',700,'Estrada',0),(128078,'Oseas','Cortez','M','1950-05-06','ocortez@iyf.com',3,'0',1,NULL,5,4,NULL,'2014-08-01 21:27:12','MEX',NULL,11,2534,8,'1',700,'Mejia',0),(128079,'Karen Alejandra','Perez','F','2001-12-15','karen_alejandra@live.com.mx',1,'1',1,NULL,5,4,NULL,'2014-08-01 21:27:41','MEX',NULL,1,3583,10,'1',700,'Vazquez',0),(128080,'Emily Josue','Artigas','F','1997-02-02','jcam_669@hotmail.com',2,'0',1,NULL,5,1,NULL,'2014-08-01 21:29:22','MEX',NULL,6,2516,1,'1',700,'Escorcia',0),(128081,'Ticho','Bernal','M','1969-06-24','tichobernal@hotmail.com',1,'0',1,NULL,5,4,NULL,'2014-08-01 21:29:59','MEX',NULL,3,2548,10,'0',350,'Garrido',0),(128082,'Victor Manuel','Cortez ','M','1991-11-12','craco75@gmail.com',3,'0',1,NULL,5,4,NULL,'2014-08-01 21:31:05','MEX',NULL,1,3583,10,'1',700,'Gomez',0),(128083,'Veneranda','Barrueta','F','1977-12-26','Vene_bar@yahoo.com.mx',3,'0',1,NULL,5,3,NULL,'2014-08-01 21:31:53','MEX',NULL,11,2534,2,'1',700,'Roman',0),(128084,'Eduardo ','Rodriguez','M','1992-08-29','lalo_rsk@hotmail.com',3,'0',1,NULL,5,4,NULL,'2014-08-01 21:34:13','MEX',NULL,1,3593,10,'1',700,'Resendiz',0),(128085,'Maria','Bernal','F','2000-04-16','mariaconsueloharris@hotmail.com',1,'0',1,NULL,5,4,NULL,'2014-08-01 21:35:40','MEX',NULL,3,2548,1,'0',350,'Zamora',0),(128086,'Yunany','Cervantes','F','1997-01-06','yunany_cer@me.com',2,'0',1,NULL,5,4,NULL,'2014-08-01 21:37:51','MEX',NULL,7,2542,10,'1',700,'Rodriguez',0),(128087,'Noemi','Tellez','F','1997-06-11','noemi_iyf@hotmail.com',2,'1',1,NULL,5,5,NULL,'2014-08-01 21:40:34','MEX',NULL,3,2572,10,'1',700,'Diaz',0),(128088,'Jonathan Osvaldo','Jacome','M','1982-09-18','jcosv@live.com',2,'0',1,NULL,5,4,NULL,'2014-08-01 21:40:49','MEX',NULL,1,3593,2,'1',700,'Camacho',0),(128089,'Jose Rul','Camacho','M','1989-02-02','JCamacho@iyf.com',3,'0',1,NULL,5,1,NULL,'2014-08-01 21:40:56','MEX',NULL,1,3593,1,'1',700,'Bocanegra',0),(128090,'Uziel Jesus','Lazo','M','1996-02-25','uziellazo@gimail.com',4,'0',1,NULL,5,3,NULL,'2014-08-01 21:43:42','MEX',NULL,5,2548,10,'1',700,'Castillo',0),(128091,'Alan Emanuel','Valdes','M','2001-10-23','emanuelalan@hotmail.com',1,'0',1,NULL,5,4,NULL,'2014-08-01 21:44:26','MEX',NULL,1,3593,10,'1',700,'Rosales',0),(128092,'Maria de la Luz ','Velazquez','F','1995-02-02','Jungsookkim948@gmail.com',2,'0',1,NULL,5,1,NULL,'2014-08-01 21:46:13','MEX',NULL,6,2545,2,'1',700,'Mitzui',0),(128093,'Samantha','Sanchez','F','0000-00-00','ssanchez@iyf.com',3,'0',1,NULL,5,4,NULL,'2014-08-01 21:48:30','MEX',NULL,1,3592,8,'1',700,'Cravioto',0),(128094,'David','Rocha','M','1959-04-11','drocha@iyf.com',1,'0',1,NULL,5,5,NULL,'2014-08-01 21:49:58','MEX',NULL,7,2568,10,'1',700,'Meza',0),(128095,'Angeles','Moreno','F','1966-09-13','amoreno@iyf.com',2,'0',1,NULL,5,4,NULL,'2014-08-01 21:51:30','MEX',NULL,1,3583,10,'1',700,'Perez',0),(128096,'Melannie Alejandra','Gonzalez ','F','1997-02-02','mely_ale_1904@hotmail.com',2,'0',1,NULL,5,1,NULL,'2014-08-01 21:52:39','MEX',NULL,6,2516,8,'1',700,'Martinez',0),(128097,'Luis Daniel','Flores','M','1996-03-30','luis1996daniel@hotmail.com',2,'0',1,NULL,5,4,NULL,'2014-08-01 21:54:02','MEX',NULL,5,2548,10,'1',700,'Gonzalez',0),(128098,'Felipe','Marquez','M','1983-02-14','fmarquez@iyf.com',1,'0',1,NULL,5,4,NULL,'2014-08-01 21:55:11','MEX',NULL,1,2529,10,'1',700,'Gonzalez',0),(128099,'Raul Fernando','Ramirez','M','1994-09-26','Tsukiergo113@hotmail.com',3,'1',1,NULL,5,1,NULL,'2014-08-01 21:56:27','MEX',NULL,1,3593,8,'1',700,'Corona',0),(128100,'Rocio Alejandra','Fregoso ','F','1979-02-02','reiga_orravan@hotmail.com',3,'0',1,NULL,5,1,NULL,'2014-08-01 21:57:57','MEX',NULL,6,2516,2,'1',700,'Navarro',0),(128101,'Xanat Almendra','Grajales','F','1987-04-16','xanat.almendra@hotmail.com',2,'0',1,NULL,5,4,NULL,'2014-08-01 21:57:59','MEX',NULL,1,3593,10,'1',700,'Ramirez',0),(128102,'Daniel Oseas ','Cortez','M','1980-05-05','Dantoy88@gmail.com',4,'0',1,NULL,5,3,NULL,'2014-08-01 21:59:06','MEX',NULL,11,2534,2,'1',700,'Muñoz',0),(128103,'Fernanda','Barrientos','F','1995-04-28','fers_berosas95@hotmail.com',3,'0',1,NULL,5,4,NULL,'2014-08-01 22:00:45','MEX',NULL,1,3588,10,'0',350,'Rosas',0),(128104,'Ana Gabriela','De La Cruz','F','1992-02-02','ana_gabrieladelaac@hotmail.com',3,'0',1,NULL,5,1,NULL,'2014-08-01 22:04:00','MEX',NULL,11,2534,1,'1',700,'Estrada',0),(128105,'Abraham','Ramos','M','1986-12-25','satryani222@hotmail.com',2,'0',1,NULL,5,4,NULL,'2014-08-01 22:04:14','MEX',NULL,1,3593,10,'1',700,'Ortega',0),(128106,'Catarino','Villanueva','M','1962-02-03','catarino02704@gmail.com',2,'0',1,NULL,5,5,NULL,'2014-08-01 22:05:48','MEX',NULL,7,2523,10,'1',700,'Leal',0),(128107,'Luis Ivan ','Recinos','M','1981-02-12','luisrecinosirene@hotmail.com',3,'0',1,NULL,5,4,NULL,'2014-08-01 22:07:32','MEX',NULL,1,3583,10,'1',700,'Irene',0),(128108,'Tadeo Israel','Zepeda','M','1991-09-05','formateur.canine@gmail.com',3,'0',1,NULL,5,1,NULL,'2014-08-01 22:07:47','MEX',NULL,6,2516,2,'1',700,'Montaño',0),(128109,'Cesar Andres','Lazo','M','2000-06-09','xezar_alc12@hotmail.com',1,'0',1,NULL,5,3,NULL,'2014-08-01 22:09:16','MEX',NULL,5,2548,10,'1',700,'Castllo',0),(128110,'Ruben ','Gonzalez ','M','1985-01-12','alksgonmat@hotmail.com',3,'0',1,NULL,5,4,NULL,'2014-08-01 22:11:37','MEX',NULL,1,3593,10,'1',700,'Matienzo',0),(128111,'Rebeca ','Rivas','F','1964-02-02','RRivas@iyf.com',2,'0',1,NULL,5,2,NULL,'2014-08-01 22:11:47','MEX',NULL,5,2682,10,'0',350,'Cuevas',0),(128112,'Maria Jose','Rendon','F','1997-06-25','Mari-coketa@hotmail.com',2,'0',1,NULL,5,2,NULL,'2014-08-01 22:12:28','MEX',NULL,1,3587,2,'1',700,'Rendon',0),(128113,'Sonia','Lopez','F','1976-03-04','sony75nov@hotmail.com',4,'0',1,NULL,5,4,NULL,'2014-08-01 22:13:42','MEX',NULL,11,2534,1,'1',700,'Fernandez',0),(128114,'Valeria ','Pantoja','F','1998-02-02','vspvaleria@outlook.es',2,'0',1,NULL,5,2,NULL,'2014-08-01 22:15:50','MEX',NULL,7,2533,8,'1',700,'Villalba',0),(128115,'Berta Monica','Tena','F','1972-08-09','Boonytena711129@hotmail.com',1,'0',1,NULL,5,3,NULL,'2014-08-01 22:19:55','MEX',NULL,11,2590,10,'1',700,'Cortez',0),(128116,'Ruth Elioenay','Contreras','F','1993-02-02','RContreras@iyf.com',3,'0',1,NULL,5,3,NULL,'2014-08-01 22:20:00','MEX',NULL,5,2548,10,'1',700,'Ramirez',0),(128117,'Eva','Monjes','F','1984-01-12','nesarang-iyf@hotmail.com',2,'0',1,NULL,5,4,NULL,'2014-08-01 22:20:56','MEX',NULL,1,3593,10,'1',700,'Rivera',0),(128118,'Ana Paola','Muñoz','F','1995-09-24','anapaomhdz@hotmail.com',3,'0',1,NULL,5,1,NULL,'2014-08-01 22:21:10','MEX',NULL,1,3585,8,'1',700,'Hernandez',0),(128119,'ERIKA MARINA','BERNAL','F','1994-08-26','soloerika@outlook.com',2,'0',1,NULL,5,1,NULL,'2014-08-01 22:22:34','MEX',NULL,11,2643,1,'1',700,'DE LA COLINA',0),(128120,'Fiorella','Ponce','F','1985-01-12','fiorella-ponce@hotmail.com',3,'0',1,NULL,5,4,NULL,'2014-08-01 22:23:53','MEX',NULL,1,3593,10,'1',700,'Panaifo',0),(128121,'Mario Abraham','Rodriguez','M','1982-09-13','mauricio-iyf@hotmail.com',1,'0',1,NULL,5,4,NULL,'2014-08-01 22:26:14','MEX',NULL,1,3593,10,'1',700,'Resendiz',0),(128122,'Mario ','Rincon','M','1997-02-02','mario.rincon7@hotmail.com',3,'0',1,NULL,5,1,NULL,'2014-08-01 22:26:34','MEX',NULL,7,2533,8,'1',700,'Cavazos',0),(128123,'Maria Imelda','Espinoza','F','1984-06-09','maria_imelda@hotmail.com',2,'0',1,NULL,5,5,NULL,'2014-08-01 22:27:11','MEX',NULL,7,2523,10,'1',700,'Coronado',0),(128124,'Fabiola','Balcazar','F','1988-09-12','f.balcazar@ebc.edu.mx',3,'1',1,NULL,5,4,NULL,'2014-08-01 22:28:36','MEX',NULL,1,3583,10,'1',700,'Moreno',0),(128125,'Elizabeth','Velasco','F','1994-02-25','eli_sobricaro@hotmail.com',2,'0',1,NULL,5,4,NULL,'2014-08-01 22:28:48','MEX',NULL,1,2551,10,'1',700,'Onecimo',0),(128126,'Mario Ivan ','Montalvo','M','1998-02-02','alejandra_gaytan9@hotmail.com',2,'0',1,NULL,5,1,NULL,'2014-08-01 22:29:43','MEX',NULL,7,2542,8,'1',700,'Gaytan',0),(128127,'Michelle','Morales','F','1994-09-18','michelleimp_29@hotmail.com',3,'0',1,NULL,5,4,NULL,'2014-08-01 22:31:18','MEX',NULL,1,3595,10,'1',700,'Pradis',0),(128128,'Humberto','Garza','M','1989-02-02','humberto-em@hotmail.com',3,'0',1,NULL,5,1,NULL,'2014-08-01 22:33:41','MEX',NULL,7,2542,8,'1',700,'Davila',0),(128129,'Rebeca','Rodriguez','F','1996-08-05','reberp@hotmail.com',2,'0',1,NULL,5,2,NULL,'2014-08-01 22:34:50','MEX',NULL,1,2544,1,'1',700,'Paez',0),(128130,'Aaron','Perez De Leon','M','1981-02-13','aaronpdlm@gmail.com',2,'1',1,NULL,5,4,NULL,'2014-08-01 22:35:35','MEX',NULL,1,2519,10,'0',350,'Maldonado',0),(128131,'jesus ivan','rodriguez','M','1997-11-06','grace97_2000@hotmail.com',2,'0',1,NULL,5,1,NULL,'2014-08-01 23:09:26','MEX',NULL,9,2516,8,'1',700,'anguiano',0),(128132,'Stephanie','','F','1994-03-11','vamploverbells@yahoo.com',3,'0',1,NULL,5,1,NULL,'2014-08-01 23:39:58','MEX',NULL,5,2548,8,'1',700,'Bautista',0),(128133,'Grecia','López','F','1994-11-14','space-acid@live.com',2,'0',1,NULL,5,1,NULL,'2014-08-02 01:29:31','MEX',NULL,1,2515,1,'1',700,'Chávez',0),(128134,'Rocio','Contreras','F','1982-04-16','janna_paul@hotmail.com',4,'0',1,NULL,5,4,NULL,'2014-08-02 03:19:28','MEX',NULL,1,3593,10,'1',700,'Ramirez',0),(128135,'Horlando Isaac','Rivera','M','1978-04-29','isaacrivera_iyf@hotmail.com',4,'0',1,NULL,5,4,NULL,'2014-08-02 03:22:19','MEX',NULL,1,3593,10,'1',700,'Ledesma',0),(128136,'Emmanuel','Flores','M','1990-09-19','mhnm0301@hotmail.com',2,'0',1,NULL,5,4,NULL,'2014-08-02 03:29:52','MEX',NULL,1,3583,10,'1',700,'Mercado',0),(128137,'Oscar Leonardo','Perez','M','1975-09-28','oscarpcnissan@gmail.com',4,'1',1,NULL,5,4,NULL,'2014-08-02 03:42:22','MEX',NULL,1,2525,10,'1',700,'Castro',0),(128138,'Juan','Cruz','M','1988-03-19','panque_juanmanuel@hotmail.com',2,'1',1,NULL,5,4,NULL,'2014-08-02 03:45:22','MEX',NULL,1,2529,10,'1',700,'Ortega',0),(128139,'Jiyeon','Kim','F','1982-07-18','Sinbi5458@hanmail.net',3,'0',1,NULL,5,4,NULL,'2014-08-02 03:48:02','MEX',NULL,1,3593,10,'1',700,'x',0),(128140,'Perla Violeta','Vazquez','F','1973-06-16','perla.violeta@live.com.mx',4,'1',1,NULL,5,4,NULL,'2014-08-02 03:52:02','MEX',NULL,1,2525,10,'1',700,'Rivera',0),(128141,'Jose Manuel','Valencia','M','1971-07-17','urimvalencia@hotmail.com',4,'0',1,NULL,5,4,NULL,'2014-08-02 03:55:14','MEX',NULL,1,3593,10,'1',700,'Ortega',0),(128142,'Genaro','Valdes','M','1972-09-11','genaro.valdes@hotmail.com',4,'0',1,NULL,5,4,NULL,'2014-08-02 03:58:32','MEX',NULL,1,3593,10,'1',700,'Doria',0),(128143,'Myriam Mercedes','Garcia','F','1981-04-25','myriam.garcia.pin.@gmail.com',3,'1',1,NULL,5,5,NULL,'2014-08-02 04:02:48','MEX',NULL,1,3586,10,'1',700,'Piñones',0),(128144,'Claudia Melissa','Lugo ','F','1994-09-18','melissa.lugo3@hotmail.com',3,'0',1,NULL,5,1,NULL,'2014-08-02 04:09:23','MEX',NULL,10,2521,2,'1',700,'Vazquez',0),(128145,'Celia','Ordoñez','F','1967-09-18','cordoñez@iyf.com',2,'0',1,NULL,5,4,NULL,'2014-08-02 04:15:45','MEX',NULL,2,NULL,10,'1',700,'Tellez',0),(128146,'Maria Santos','Cortes','F','1972-11-28','maryaie@hotmail.com',1,'0',1,NULL,5,4,NULL,'2014-08-02 04:19:18','MEX',NULL,2,NULL,10,'1',700,'Clemente',0),(128147,'Alejandro','Briseño','M','1995-08-15','alex13211@hotmail.com',2,'0',1,NULL,5,1,NULL,'2014-08-02 04:19:52','MEX',NULL,11,2590,2,'1',700,'Galeana',0),(128148,'Sonia','Anaya','F','1990-04-16','iyf_sonia_90@hotmail.com',2,'0',1,NULL,5,4,NULL,'2014-08-02 04:23:00','MEX',NULL,2,NULL,10,'1',700,'Modesto',0),(128149,'Cristopher','Leon','M','1984-09-27','bat-soul@hotmail.com',2,'0',1,NULL,5,4,NULL,'2014-08-02 04:26:29','MEX',NULL,2,NULL,10,'1',700,'Gonzalez',0),(128150,'Ana Celia','Camacho','F','1991-09-27','ccamacho.ana@gmail.com',3,'0',1,NULL,5,1,NULL,'2014-08-02 04:31:46','MEX',NULL,9,2556,2,'1',700,'Garcia',0),(128151,'Ricardo','Palacios','M','1983-06-29','palaciosrh@hotmail.com',3,'0',1,NULL,5,1,NULL,'2014-08-02 04:42:12','MEX',NULL,8,2518,2,'1',700,'Hernandez',0),(128152,'Jessica Itzel','Cortes','F','1995-04-16','jcb_c13@hotmail.com',2,'0',1,NULL,5,1,NULL,'2014-08-02 04:45:05','MEX',NULL,1,3594,10,'0',350,'Botello',0),(128153,'Luis Enrique','Bautista','M','1995-09-18','luisenrique_2008@live.com.mx',3,'0',1,NULL,5,1,NULL,'2014-08-02 04:56:39','MEX',NULL,1,3588,8,'1',700,'Hernandez',0),(128154,'Victoria ','Lopez','F','1992-12-01','vianlt.92@gmail.com',3,'0',1,NULL,5,4,NULL,'2014-08-02 06:08:26','MEX',NULL,1,3581,10,'1',700,'Torres',0),(128156,'Alicia ','Meza','F','1989-12-23','alic.meza@gmail.com',3,'0',1,NULL,5,1,NULL,'2014-08-02 06:17:48','MEX',NULL,1,3587,2,'0',350,'Serrano',0),(128157,'Yaritza Abigail','Arauza','F','2000-04-16','yaag_lphm@hotmail.com',1,'0',1,NULL,5,1,NULL,'2014-08-02 06:21:58','MEX',NULL,7,2523,8,'1',700,'Garcia',0),(128158,'Romel ','Sanchez','M','1988-09-23','moradoverdelila@hotmail.com',2,'0',1,NULL,5,1,NULL,'2014-08-02 06:24:31','MEX',NULL,3,2588,8,'1',700,'Ramos',0),(128159,'Alejandro ','Arellano','M','1993-08-17','este_eselcorreodealex@hotmail.com',3,'0',1,NULL,5,1,NULL,'2014-08-02 06:28:24','MEX',NULL,1,3593,8,'1',700,'Payan',0),(128160,'Brisa','Peña','F','1996-09-28','asirbgomez@hotmail.com',3,'0',1,NULL,5,1,NULL,'2014-08-02 06:32:36','MEX',NULL,1,3595,10,'1',700,'Gomez',0),(128161,'Dinorah Lizeth','Contreras','F','1992-12-19','dinohliz@gmail.com',3,'0',1,NULL,5,1,NULL,'2014-08-02 06:35:07','MEX',NULL,1,3594,1,'1',700,'Aragon',0),(128162,'Ana Karen','Pulido','F','1995-12-13','qaren_zetha@hotmail.com',2,'1',1,NULL,5,1,NULL,'2014-08-02 06:38:18','MEX',NULL,1,2519,1,'1',700,'Saenz',0),(128163,'Idalid','De Leon ','F','1987-04-16','idalid_fq16@hotmail.com',3,'0',1,NULL,5,1,NULL,'2014-08-02 06:40:27','MEX',NULL,1,2519,1,'1',700,'Abundiz',0),(128164,'Grisel Patricia','Cortez','F','1997-09-19','grix.moon_blue@hotmail.com',2,'0',1,NULL,5,1,NULL,'2014-08-02 06:42:32','MEX',NULL,1,3581,1,'0',350,'Jimenez',0),(128165,'Oscar ','Bonilla','M','1992-11-12','oscarb1912@gmail.com',3,'0',1,NULL,5,4,NULL,'2014-08-02 06:44:37','MEX',NULL,1,3581,8,'1',700,'Juarez',0),(128166,'Adriana Lisset','Arellano','F','1998-09-18','adrilis_minho@hotmail.com',2,'0',1,NULL,5,1,NULL,'2014-08-02 06:47:18','MEX',NULL,1,2519,10,'1',700,'Rodriguez',0),(128167,'Said','Orozco','M','1988-04-12','item1987@live.com.mx',3,'0',1,NULL,5,4,NULL,'2014-08-02 06:49:22','MEX',NULL,1,2548,10,'1',700,'Acosta',0),(128168,'Raul Orlando','Hernandez','M','1993-03-24','rohk91@hotmail.com',3,'0',1,NULL,5,4,NULL,'2014-08-02 06:51:28','MEX',NULL,1,3588,10,'1',700,'Kanchi',0),(128169,'Lorena ','Rosales','F','1969-03-03','lrosales@iyf.com',2,'0',1,NULL,5,5,NULL,'2014-08-02 06:54:10','MEX',NULL,1,3593,10,'1',700,'Rojas',0),(128170,'Estrella','Zeng','F','1983-02-02','uenzi6618@hotmail.com',3,'0',1,NULL,5,4,NULL,'2014-08-02 06:56:25','MEX',NULL,1,2548,10,'0',350,'x',0),(128171,'Gerardo ','Labrada','M','1992-02-02','ktorro_iyf@hotmail.com',3,'0',1,NULL,5,4,NULL,'2014-08-02 06:58:26','MEX',NULL,1,3583,10,'0',350,'Rojas',0),(128172,'Evelyn Odette','Orozco','F','1992-03-04','ody-eve@hotmail.com',3,'0',1,NULL,5,4,NULL,'2014-08-02 07:00:34','MEX',NULL,1,2548,10,'1',700,'Acosta',0),(128173,'Yessika Ivette ','Hernandez','F','1992-02-08','yezzika_hdz@hotmail.com',3,'0',1,NULL,5,2,NULL,'2014-08-02 18:31:48','MEX',NULL,7,2579,8,'1',700,'Antonio',0),(128174,'Marco Antonio','Rivero','M','1994-09-13','lionheart091@hotmail.com',3,'0',1,NULL,5,1,NULL,'2014-08-02 18:32:11','MEX',NULL,1,3581,8,'1',700,'Tovar',0),(128176,'LeandraBelem','Ortega','M','1954-03-24','belemcamila1@hotmail.com',3,'0',1,NULL,5,4,NULL,'2014-08-02 18:36:22','MEX',NULL,1,3593,10,'1',700,'Alvarez',0),(128177,'Ruben Gerardo','Esqueda','M','1995-08-06','esqueda94g@hotmail.com',3,'0',1,NULL,5,4,NULL,'2014-08-02 18:36:22','MEX',NULL,7,2523,10,'1',700,'Bautista',0),(128178,'Xiadani','Sandoval','F','1997-08-04','xiadani_hsm@hotmail.com',2,'0',1,NULL,5,2,NULL,'2014-08-02 18:39:03','MEX',NULL,1,3585,1,'1',700,'Margalli',0),(128179,'Tiara','Ramos','F','2000-06-17','tiara.princes@hotmail.com',1,'0',1,NULL,5,4,NULL,'2014-08-02 18:39:25','MEX',NULL,1,3593,10,'1',700,'Ortega',0),(128180,'Yadira Elizabeth','Rodarte','F','1998-02-02','yaadiisrodaarte@gmail.com',2,'0',1,NULL,5,1,NULL,'2014-08-02 18:40:24','MEX',NULL,7,2533,8,'1',700,'De Leon',0),(128181,'Tiare','Ramos','F','2000-12-03','tiare.nena@hotmail.com',1,'0',1,NULL,5,4,NULL,'2014-08-02 18:41:39','MEX',NULL,1,3593,10,'1',700,'Ortega',0),(128182,'David Abraham ','Ruiz','M','1997-02-01','davidruizchavez@gmail.com',2,'0',1,NULL,5,4,NULL,'2014-08-02 18:42:11','MEX',NULL,7,2579,8,'1',700,'Chavez',0),(128183,'Francisco Rafael','Contreras','F','1978-08-01','myriam.garcia.pin@gmail.com',3,'1',1,NULL,5,7,NULL,'2014-08-02 18:44:30','MEX',NULL,1,3586,10,'1',700,'Ramirez',0),(128184,'Haydee','Villatoro','F','1996-12-03','haydeevillatoro@gmail.com',2,'0',1,NULL,5,1,NULL,'2014-08-02 18:45:01','MEX',NULL,1,3585,1,'0',350,'Garcia',0),(128185,'Issac Alfonso','Espinosa','M','1994-09-06','Issacea0618@gmail.com',2,'0',1,NULL,5,4,NULL,'2014-08-02 18:46:39','MEX',NULL,11,2534,8,'1',700,'Anaya',0),(128186,'Blas','Chavez','M','1959-02-02','BChavez@iyf.com',1,'0',1,NULL,5,1,NULL,'2014-08-02 18:48:34','MEX',NULL,12,2547,10,'1',700,'Andrade',0),(128187,'Jeymmi Yoselin','Rivera','F','1991-03-04','jeymmi90@hotmail.com',3,'0',1,NULL,5,1,NULL,'2014-08-02 18:49:13','MEX',NULL,1,2544,9,'1',700,'Arteaga',0),(128188,'Carolina','Flores','F','1985-02-06','carofloresavelino@gmail.com',3,'0',1,NULL,5,1,NULL,'2014-08-02 18:51:03','MEX',NULL,3,2546,2,'0',350,'Avelino',0),(128189,'Karen Viridiana','Rivera','F','1989-02-15','karenvi_2009@hotmail.com',2,'0',1,NULL,5,1,NULL,'2014-08-02 18:51:46','MEX',NULL,1,2544,9,'1',700,'Arteaga',0),(128190,'Karina','Chimal','F','1995-04-23','yeya_71194@hotmail.com',2,'0',1,NULL,5,1,NULL,'2014-08-02 18:55:38','MEX',NULL,1,3588,8,'0',350,'Garcia',0),(128191,'Karen Alejandra ','Canul','F','1999-02-02','KCanul@iyf.com',1,'0',1,NULL,5,4,NULL,'2014-08-02 18:57:16','MEX',NULL,12,2547,10,'1',700,'Godinez',0),(128192,'Pablo','Choi','M','1983-09-05','choissea@gmail.com',3,'0',1,NULL,5,4,NULL,'2014-08-02 18:58:26','MEX',NULL,7,2568,1,'1',700,'',0),(128193,'Pedro','Cazares','F','1991-08-03','kimkyoah@gmail.com',3,'0',1,NULL,5,2,NULL,'2014-08-02 19:01:07','MEX',NULL,5,2548,8,'1',700,'Chaparro',0),(128194,'Itzia Monserrat ','Reyes','F','1998-02-02','itzia_imrg@hotmail.com',2,'0',1,NULL,5,1,NULL,'2014-08-02 19:01:47','MEX',NULL,7,2542,8,'1',700,'Guzman',0),(128195,'Jessica',' Chimal','F','1991-02-03','jessy20moon@hotmail.com',2,'0',1,NULL,5,1,NULL,'2014-08-02 19:02:38','MEX',NULL,1,3588,8,'0',350,'Garcia',0),(128196,'Daniel','Rosales','M','1988-09-03','hellssatan24@gmail.com',2,'0',1,NULL,5,4,NULL,'2014-08-02 19:02:51','MEX',NULL,7,2533,10,'1',700,'De la Rosa',0),(128197,'Paulo',' Rodrigues','M','1989-02-12','paulo-boreta@outlook.com',3,'0',1,NULL,5,4,NULL,'2014-08-02 19:05:47','MEX',NULL,1,3581,10,'0',350,'Moreta',0),(128198,'Hiram Ali','Bautista','M','1979-02-02','hirambautista@outlook.com',3,'0',1,NULL,5,1,NULL,'2014-08-02 19:05:57','MEX',NULL,7,2539,8,'1',700,'De la Cruz',0),(128199,'Gloria','Martinez','F','1986-04-12','yakuzoku_iyf@hotmail.com',2,'0',1,NULL,5,4,NULL,'2014-08-02 19:09:01','MEX',NULL,5,2548,10,'1',700,'Rodriguez',0),(128200,'Diana Paula','Hernandez','F','1997-08-08','fleurs_diana15@hotmail.com',2,'0',1,NULL,5,1,NULL,'2014-08-02 19:09:21','MEX',NULL,1,3588,1,'1',700,'Gonzalez',0),(128201,'Estephanie','Ortega','F','1997-02-02','stephane_ortga@gmail.com',2,'0',1,NULL,5,1,NULL,'2014-08-02 19:10:23','MEX',NULL,7,2533,8,'1',700,'Lopez',0),(128202,'Francisca','x','F','1955-02-22','fresendiz@iyf.com',4,'0',1,NULL,5,4,NULL,'2014-08-02 19:12:14','MEX',NULL,1,3593,10,'1',700,'Resendiz',0),(128203,'Magdalena','Hernandez','F','1957-04-07','mhernandezc@iyf.com',1,'0',1,NULL,5,3,NULL,'2014-08-02 19:12:49','MEX',NULL,5,2548,10,'1',700,'Catarina',0),(128204,'Jessica ','De Luna','F','1998-02-02','jessi.deluna@gmail.com',2,'0',1,NULL,5,1,NULL,'2014-08-02 19:13:32','MEX',NULL,7,2533,8,'1',700,'Navarro',0),(128205,'Kate Pamela','Hernandez','F','1994-07-04','star_kate@hotmail.com',1,'0',1,NULL,5,1,NULL,'2014-08-02 19:13:58','MEX',NULL,1,3588,1,'1',700,'Gonzales',0),(128206,'Brenda Daniela','Fuentes ','F','1996-02-22','yueyasha@hotmail.com',2,'0',1,NULL,5,1,NULL,'2014-08-02 19:15:25','MEX',NULL,1,3587,8,'0',350,'Salazar',0),(128207,'Celsa','Rodriguez','F','1960-02-02','CRodriguez@iyf.com',3,'0',1,NULL,5,1,NULL,'2014-08-02 19:18:08','MEX',NULL,7,2542,8,'1',700,'Mesta',0),(128208,'Angel ','Saldaña','M','1991-03-12','angel1990sv@hotmail.com',3,'0',1,NULL,5,1,NULL,'2014-08-02 19:18:19','MEX',NULL,1,NULL,8,'1',700,'Valdes',0),(128209,'Scarlett','Farfan','F','1994-07-23','scarlett_fabela05@hotmail.com',2,'0',1,NULL,5,2,NULL,'2014-08-02 19:19:15','MEX',NULL,1,3588,8,'0',350,'Fabela',0),(128210,'Atziry','Rodriguez','F','1995-05-25','aziiry_black_otaku@hotmail.com',3,'0',1,NULL,5,1,NULL,'2014-08-02 19:21:37','MEX',NULL,5,2548,2,'1',700,'Cerrillo',0),(128211,'Mabel','Cervantes','F','1988-02-02','MCervantes@iyf.com',3,'0',1,NULL,5,1,NULL,'2014-08-02 19:21:50','MEX',NULL,7,2542,8,'1',700,'Rodriguez',0),(128212,'Elemy','Espinoza','F','1990-07-05','nenaelemy@gmail.com',3,'0',1,NULL,5,1,NULL,'2014-08-02 19:23:34','MEX',NULL,1,3594,2,'1',700,'Ramirez',0),(128213,'Victor Hugo','Cortez','M','1972-02-09','respelmoreno@gmail.com',1,'0',1,NULL,5,4,NULL,'2014-08-02 19:24:20','MEX',NULL,11,2534,8,'1',700,'Mayen',0),(128214,'Adolfo','Esparza','M','1998-02-02','aesparza28@hotmail.com',2,'0',1,NULL,5,1,NULL,'2014-08-02 19:27:12','MEX',NULL,7,2533,8,'1',700,'Pequeño',0),(128215,'Dulce Madai ','Herreros','F','1992-09-26','sasuke-inuyasha07@hotmail.com',3,'0',1,NULL,5,2,NULL,'2014-08-02 19:31:24','MEX',NULL,1,2517,1,'1',700,'Lechuga',0),(128216,'Antonio S.','Vega','M','1952-02-08','avega@iyf.com',2,'0',1,NULL,5,1,NULL,'2014-08-02 19:31:39','MEX',NULL,11,NULL,8,'0',350,'Aranda',0),(128217,'Maria Jose','Sanroman','F','1996-02-22','anwarskins97@hotmail.com',2,'0',1,NULL,5,1,NULL,'2014-08-02 19:33:31','MEX',NULL,1,3595,1,'1',700,'Bojorquez',0),(128218,'Julio Cesar','Saldivar','M','1998-02-02','acunha.cesar@gmail.com',2,'0',1,NULL,5,1,NULL,'2014-08-02 19:34:41','MEX',NULL,7,2533,8,'1',700,'Acuña',0),(128219,'David Aaron','De Leon','M','1994-01-03','david_m_63@hotmail.com',3,'0',1,NULL,5,4,NULL,'2014-08-02 19:36:16','MEX',NULL,7,2542,10,'1',700,'Morales',0),(128220,'David Guillermo','Moreno','M','1998-02-02','david_lincemty@hotmail.com',2,'0',1,NULL,5,1,NULL,'2014-08-02 19:38:16','MEX',NULL,7,2533,1,'1',700,'Sierra',0),(128221,'Koral','Gutierrez','F','1997-09-05','lekkwolf@gmail.com',2,'0',1,NULL,5,1,NULL,'2014-08-02 19:38:28','MEX',NULL,1,2515,8,'0',350,'Perez',0),(128222,'Jod','Louis','M','1990-02-22','jodo_one@hotmail.com',3,'0',1,NULL,5,5,NULL,'2014-08-02 19:39:08','MEX',NULL,11,2534,8,'1',700,'',0),(128223,'Yesenia','Madero','F','1997-02-12','fumik_nikmik@hotmail.com',2,'0',1,NULL,5,4,NULL,'2014-08-02 19:43:01','MEX',NULL,5,NULL,2,'1',700,'Tejeda',0),(128224,'Daniela','Campos','F','1997-02-02','daniela11maonserrat@gmail.com',2,'1',1,NULL,5,1,NULL,'2014-08-02 19:44:05','MEX',NULL,1,3583,8,'1',700,'Gonzalez',0),(128225,'Ahide Monserrat','Baez','F','1993-11-11','ahidesina18@gmail',3,'0',1,NULL,5,1,NULL,'2014-08-02 19:44:33','MEX',NULL,1,2563,2,'1',700,'Hernandez',0),(128226,'Marisol','Rojas','F','1983-11-03','heidy_latina@hotmail.com',2,'0',1,NULL,5,1,NULL,'2014-08-02 19:44:48','MEX',NULL,5,2548,10,'1',700,'Flores',0),(128227,'Giovanna','Vazquez','F','1992-09-23','giovis_140791@hotmail.com',3,'1',1,NULL,5,1,NULL,'2014-08-02 19:46:46','MEX',NULL,1,3587,1,'1',700,'Muciño',0),(128228,'Monica Paola','De la Cruz','F','1999-02-02','paola.cruz@outlook.es',2,'0',1,NULL,5,1,NULL,'2014-08-02 19:47:03','MEX',NULL,7,2533,8,'1',700,'Salinas',0),(128229,'Jonathan','Vazquez','M','1996-05-25','jonhy_skro@hotmail.com',2,'1',1,NULL,5,1,NULL,'2014-08-02 19:49:03','MEX',NULL,1,3587,1,'1',700,'Muciño',0),(128230,'Ana Reina','Aguilar','F','1975-01-03','arag_75@hotmail.com',3,'0',1,NULL,5,5,NULL,'2014-08-02 19:49:10','MEX',NULL,6,2545,10,'1',700,'Gonzalez',0),(128231,'Abigail Neftali','Baez','F','1996-10-05','samiloca256-@hotmail.com',2,'0',1,NULL,5,1,NULL,'2014-08-02 19:50:18','MEX',NULL,1,2563,2,'1',700,'Hernandez',0),(128232,'Daniela Yolotl','Cortes','F','2000-02-02','danihighmore_03@hotmail.com',1,'0',1,NULL,5,1,NULL,'2014-08-02 19:50:40','MEX',NULL,1,3588,8,'0',350,'Fabela',0),(128233,'Ana Paulina','Bernal','F','1991-05-25','bh_262@hotmail.com',3,'0',1,NULL,5,1,NULL,'2014-08-02 19:52:27','MEX',NULL,11,2534,8,'1',700,' Velasco',0),(128234,'Itzel Deyanira','Gamboa','F','1994-02-06','itzel1073093@gmail.com',3,'0',1,NULL,5,5,NULL,'2014-08-02 19:53:04','MEX',NULL,7,2579,10,'1',700,'Silva',0),(128235,'Karen ','Paredes','F','1993-03-24','bkarenp18@hotmail.com',3,'0',1,NULL,5,1,NULL,'2014-08-02 19:54:39','MEX',NULL,3,2546,8,'1',700,'Macias',0),(128236,'Monica Yoalli','Moreno','F','1999-02-02','momomorenozavala@gmail.com',1,'0',1,NULL,5,1,NULL,'2014-08-02 19:54:57','MEX',NULL,1,3586,10,'1',700,'Zavala',0),(128237,'Karen Melissa','Guzman','F','1997-03-07','k.mgm@hotmail.com',3,'0',1,NULL,5,4,NULL,'2014-08-02 19:56:26','MEX',NULL,7,2533,10,'1',700,'Mata',0),(128238,'Maria Cristina ','Cardoza','F','1997-06-08','zoey_cristina1234@hotmail.com',2,'0',1,NULL,5,2,NULL,'2014-08-02 19:57:36','MEX',NULL,1,2544,1,'1',700,'Cardoza',0),(128240,'Concepsion','Hernandez','F','1955-05-03','chernandez@iyf.com',1,'0',1,NULL,5,4,NULL,'2014-08-02 20:01:20','MEX',NULL,11,NULL,8,'1',700,'Gaspar',0),(128241,'Abigail','Grajales','F','1979-04-24','abbichu7@gmail.com',3,'0',1,NULL,5,2,NULL,'2014-08-02 20:02:44','MEX',NULL,8,2518,10,'1',700,'Ramirez',0),(128242,'Lesly Jazmin','Lechuga ','F','1993-03-03','llechuga@iyf.com',2,'0',1,NULL,5,3,NULL,'2014-08-02 20:05:02','MEX',NULL,1,2515,8,'0',350,'Sanchez',0),(128243,'Oliva','Martinez','F','1970-02-02','oli-doxxa@hotmail.com',1,'0',1,NULL,5,4,NULL,'2014-08-02 20:06:59','MEX',NULL,9,NULL,10,'1',700,'Perez',0),(128244,'Sofia','Becerril','F','1997-05-25','chofis_962356@hotmail.com',5,'1',1,NULL,5,1,NULL,'2014-08-02 20:09:09','MEX',NULL,1,3595,8,'1',700,'Jardines',0),(128245,'Jose','Patiño','M','1968-02-02','jese_doxxa@hotmail.com',1,'0',1,NULL,5,4,NULL,'2014-08-02 20:10:13','MEX',NULL,9,NULL,10,'1',700,'Mandujano',0),(128246,'Paulina Yareth','Patiño','F','1997-02-02','pau.yareth@hotmail.com',2,'0',1,NULL,5,4,NULL,'2014-08-02 20:16:21','MEX',NULL,9,NULL,10,'1',700,'Martinez',0),(128247,'Monica','Serrano','F','1987-02-02','moniks_ups@hotmail.com',3,'0',1,NULL,5,1,NULL,'2014-08-02 20:21:46','MEX',NULL,9,NULL,8,'1',700,'Morales',0),(128248,'Erika ','Reyes','F','1988-02-02','kika_anata@hotmail.com',3,'0',1,NULL,5,1,NULL,'2014-08-02 20:24:39','MEX',NULL,1,3590,8,'0',350,'Osorio',0),(128249,'Cecilia Vanessa','Acosta','F','1992-07-08','starz16@live.com.mx',3,'0',1,NULL,5,1,NULL,'2014-08-02 20:30:48','MEX',NULL,1,3593,2,'1',700,'Sanchez',0),(128250,'Adriana','Serrano','F','1993-02-02','adri_hipe@hotmail.com',3,'0',1,NULL,5,1,NULL,'2014-08-02 20:30:52','MEX',NULL,9,NULL,10,'1',700,'Morales',0),(128251,'Ma. Del Rocio','Ramirez','F','1958-08-06','RocioCelaya0258@hotmail.com',2,'0',1,NULL,5,3,NULL,'2014-08-02 20:33:14','MEX',NULL,5,2548,10,'1',700,'Celaya',0),(128252,'Mirtha Soledad','Garcia ','F','1988-04-23','mirtha.garcia@hotmail.es',3,'0',1,NULL,5,1,NULL,'2014-08-02 20:33:52','MEX',NULL,1,3583,10,'1',700,'Niño',0),(128253,'Erendida Susana','Meneses','F','1998-02-02','angel_susana_@hotmail.com',2,'0',1,NULL,5,4,NULL,'2014-08-02 20:34:13','MEX',NULL,1,3581,8,'1',700,'Ortega',0),(128254,'Lizbeth','Acosta','F','1996-06-30','izbeth_star95@hotmail.com',2,'0',1,NULL,5,2,NULL,'2014-08-02 20:36:40','MEX',NULL,1,3593,2,'1',700,'Sanchez',0),(128255,'Itzel ','Grajales','F','1994-05-15','paulitasykes11@gmail.com',2,'1',1,NULL,5,1,NULL,'2014-08-02 20:37:39','MEX',NULL,1,2519,1,'1',700,'Nicolas',0),(128256,'Gloria','Nolasco','F','1999-02-02','yayis.nolasco@hotmail.com',2,'0',1,NULL,5,1,NULL,'2014-08-02 20:37:45','MEX',NULL,7,2533,8,'1',700,'Hernadez',0),(128257,'Lorena','Benard','F','1965-08-06','lorenabenard@gmail.com',3,'0',1,NULL,5,1,NULL,'2014-08-02 20:38:14','MEX',NULL,6,2516,10,'1',700,'Escobosa',0),(128258,'Zoey Natalia','Pilar','F','1999-02-02','zoey_118@hotmail.com',2,'0',1,NULL,5,1,NULL,'2014-08-02 20:41:00','MEX',NULL,7,2533,8,'1',700,'Losquieanoslinea',0),(128259,'Linnet Karen','Amador','F','1997-11-11','linnett2910@live.com.mx',2,'0',1,NULL,5,1,NULL,'2014-08-02 20:41:03','MEX',NULL,1,NULL,2,'1',700,'Solis',0),(128260,'Danelly','Gamboa','F','1996-03-08','danegamboa@hotmail.com',3,'0',1,NULL,5,4,NULL,'2014-08-02 20:41:41','MEX',NULL,7,2579,10,'1',700,'Silva',0),(128262,'Norma Angelica','Gonzalez','F','1973-09-25','ngonzalez@iyf.com',2,'0',1,NULL,5,3,NULL,'2014-08-02 20:46:30','MEX',NULL,5,2548,10,'1',700,'Rubio',0),(128263,'Tania Juana Maria','Garcia','F','1992-02-02','tania501.hallyu_haruhiazuka@hotmail.com',2,'0',1,NULL,5,2,NULL,'2014-08-02 20:47:23','MEX',NULL,5,2548,2,'0',350,'Solis',0),(128264,'Diana Andrea','Medina','F','1993-07-24','shenolyta@hotmail.com',3,'0',1,NULL,5,2,NULL,'2014-08-02 20:47:42','MEX',NULL,1,2563,1,'1',700,'Martinez',0),(128265,'Jose Ashley','Sancen','M','1990-08-18','ashley.sancen@hotmail.com',3,'0',1,NULL,5,2,NULL,'2014-08-02 20:50:20','MEX',NULL,1,2517,10,'1',700,'Mendoza',0),(128266,'Circe','Ramo','F','1990-02-02','nyappy-cafekko@hotmail.com',3,'0',1,NULL,5,2,NULL,'2014-08-02 20:51:04','MEX',NULL,1,3592,8,'0',350,'Solorzano',0),(128267,'Roberto Gonzalo','Viezca','M','1975-12-29','gonzalo_viezca@hotmail.com',3,'0',1,NULL,5,5,NULL,'2014-08-02 20:51:16','MEX',NULL,6,2516,10,'1',700,'Loza',0),(128268,'Ana Paula ','Garcia','F','1997-08-06','paula_elf97@outlook.com',2,'0',1,NULL,5,1,NULL,'2014-08-02 20:52:06','MEX',NULL,1,3582,10,'0',350,'Flores',0),(128269,'Azahed Arturo','Hernandez','M','1993-12-15','pseudo_tanato@hotmail.com',2,'1',1,NULL,5,1,NULL,'2014-08-02 20:52:57','MEX',NULL,1,3582,8,'1',700,'Cuellar',0),(128270,'Aldriel','Velazquez','M','1986-02-02','xaldrielx@gmail.com',3,'0',1,NULL,5,2,NULL,'2014-08-02 20:54:23','MEX',NULL,1,3592,8,'0',350,'Ramo',0),(128271,'Liliana Abigail','Ruiz','F','1995-05-06','lilianaruiz_11@hotmail.com',3,'0',1,NULL,5,4,NULL,'2014-08-02 20:55:07','MEX',NULL,7,2523,8,'1',700,'Aboytes',0),(128272,'Liseth Paola','Perez de Leon','F','1996-10-02','liseth_pao_08@outlook.com',2,'0',1,NULL,5,1,NULL,'2014-08-02 20:57:03','MEX',NULL,1,2519,1,'1',700,'Hernandez',0),(128273,'Abril','Ramirez','F','1998-02-02','abrilconi@hotmail.com',2,'0',1,NULL,5,1,NULL,'2014-08-02 20:57:34','MEX',NULL,1,3590,10,'0',350,'Saucedo',0),(128274,'Mayte','Corona','F','1989-02-22','maytecorona@hotmail.com',3,'0',1,NULL,5,1,NULL,'2014-08-02 20:57:58','MEX',NULL,1,3580,2,'0',350,'Vargas',0),(128275,'Alan Missael','Luna','M','1995-03-09','alan_m_luna@hotmail.com',3,'0',1,NULL,5,3,NULL,'2014-08-02 20:59:58','MEX',NULL,7,2568,8,'1',700,'Aguiar',0),(128276,'Isis Areli','Ayon ','F','1991-09-07','iziadbrody@gmail.com',3,'1',1,NULL,5,1,NULL,'2014-08-02 21:03:42','MEX',NULL,1,2517,2,'1',700,'Delgado',0),(128277,'Denisse','Merlo','F','2000-02-02','airaim2002@hotmail.com',1,'0',1,NULL,5,1,NULL,'2014-08-02 21:03:56','MEX',NULL,1,2515,10,'0',350,'Ortega',0),(128278,'Diana','Barajas','F','1993-08-18','kim-ji-soo_@hotmail.com',3,'0',1,NULL,5,1,NULL,'2014-08-02 21:07:16','MEX',NULL,1,2601,2,'1',700,'Osorio',0),(128279,'Elena ','Saucedo','M','1979-02-02','curelena@hotmail.com',2,'0',1,NULL,5,1,NULL,'2014-08-02 21:08:23','MEX',NULL,1,3590,1,'0',350,'Ortega',0),(128280,'Diana','Santuriano','F','1994-02-02','dianasant-1993@hotmail.com',2,'0',1,NULL,5,1,NULL,'2014-08-02 21:12:31','MEX',NULL,1,3586,1,'1',700,'Flores',0),(128281,'Diana','Manjarrez','F','1991-05-16','artemiz02@hotmail.es',3,'0',1,NULL,5,1,NULL,'2014-08-02 21:12:40','MEX',NULL,11,2590,2,'1',700,'Perez',0),(128282,'Edith','Avila','F','1995-10-08','du.bistalle@hotmail.com',2,'0',1,NULL,5,1,NULL,'2014-08-02 21:14:54','MEX',NULL,1,3595,2,'0',350,'Cabello',0),(128283,'Katia','Chavez','F','1994-02-02','katy.ch.cas@hotmail.com',3,'0',1,NULL,5,1,NULL,'2014-08-02 21:20:39','MEX',NULL,1,3590,1,'0',350,'Catellanos',0),(128284,'Ericka Daniela','Alvarez','F','1993-06-17','erikadany13@hotmail.com',3,'0',1,NULL,5,1,NULL,'2014-08-02 21:21:28','MEX',NULL,1,2548,2,'0',350,'Angeles',0),(128285,'Ariadna ','Garcia ','F','1994-09-05','moka_san@live.com.mx',2,'1',1,NULL,5,1,NULL,'2014-08-02 21:22:21','MEX',NULL,1,3594,8,'0',350,'Hernandez',0),(128286,'Noelia del Rocio','Garcia','F','1974-05-03','asistentesdedireccion_unidos@yahoo.com.mx',3,'0',1,NULL,5,3,NULL,'2014-08-02 21:22:27','MEX',NULL,5,2548,10,'1',700,'Dominguez',0),(128287,'Karla Iranis','Maldonado','F','1991-02-02','karlaimg23@yahoo.com.mx',4,'0',1,NULL,5,1,NULL,'2014-08-02 21:26:27','MEX',NULL,5,2548,2,'1',700,'Garcia',0),(128288,'Aline Yael','Sanchez','F','1994-09-05','neko098@live.com',1,'0',1,NULL,5,1,NULL,'2014-08-02 21:27:32','MEX',NULL,1,3583,8,'1',700,'Ramirez',0),(128289,'Ashanti','Lopez','F','1992-02-02','ashantishalale_13@hotmail.com',3,'0',1,NULL,5,2,NULL,'2014-08-02 21:32:07','MEX',NULL,1,2592,8,'0',350,'Trejo',0),(128290,'Janine ','Colorado','F','1994-07-17','Sheijann@hotmail.com',3,'0',1,NULL,5,1,NULL,'2014-08-02 21:33:24','MEX',NULL,11,2590,2,'1',700,'Arevalo',0),(128291,'Anais Alyli','Breceda','F','1998-02-09','anaisbrecedac@hotmail.com',2,'0',1,NULL,5,2,NULL,'2014-08-02 21:34:34','MEX',NULL,7,2636,8,'1',700,'Cantu',0),(128292,'Jorge Luis','Gonzalez ','M','1993-02-02','otalumi@hotmail.com',3,'0',1,NULL,5,1,NULL,'2014-08-02 21:37:08','MEX',NULL,1,3583,8,'0',350,'Vargas',0),(128293,'Viridiana Angeles ','Vazquez','F','1995-10-09','luna164@live.com.mx',3,'0',1,NULL,5,1,NULL,'2014-08-02 21:37:47','MEX',NULL,1,3588,2,'1',700,'Luna',0),(128294,'Eloanaid','Labrada','F','1987-06-08','eloanaid_iyf@hotmail.com',3,'0',1,NULL,5,5,NULL,'2014-08-02 21:38:57','MEX',NULL,5,2548,10,'1',700,'Rojas',0),(128295,'Angelica Karen','Candia','F','1991-09-11','angel_candia_f@hotmail.com',3,'0',1,NULL,5,1,NULL,'2014-08-02 21:43:54','MEX',NULL,1,2601,2,'0',350,'Franco',0),(128296,'Nicte-ha Aline ','Soto','F','1996-09-05','tuto1704@hotmail.com',2,'0',1,NULL,5,1,NULL,'2014-08-02 21:45:15','MEX',NULL,1,3595,2,'1',700,'Maertinez',0),(128297,'Karen ','Garcia','F','1993-09-09','park.yong.won.kq@gmail.com',3,'0',1,NULL,5,1,NULL,'2014-08-02 21:47:43','MEX',NULL,1,3581,1,'0',350,'Quintero',0),(128298,'Lorena','Garcia','F','1996-09-09','lorenatonix@hotmail.com',2,'0',1,NULL,5,4,NULL,'2014-08-02 21:54:18','MEX',NULL,5,2577,10,'1',700,'Tonix',0),(128299,'Janeth Sarai','Guzman','F','1993-03-08','jnt_009@hotmail.com',3,'0',1,NULL,5,4,NULL,'2014-08-02 21:55:23','MEX',NULL,7,NULL,10,'1',700,'Mata',0),(128301,'Gabriela Guadalupe','Jarquin','F','1994-02-02','GJarquin@iyf.com',2,'0',1,NULL,5,1,NULL,'2014-08-02 21:58:23','MEX',NULL,6,2524,10,'1',700,'Morales',0),(128302,'Diana','Flores','F','1993-09-09','lattin_actitude22@hotmail.com',3,'0',1,NULL,5,1,NULL,'2014-08-02 21:58:30','MEX',NULL,1,2517,8,'1',700,'Perez',0),(128303,'Melina Mayumi','Martinez','F','1995-09-03','yyuummii03@hotmail.com',3,'0',1,NULL,5,2,NULL,'2014-08-02 21:59:17','MEX',NULL,7,2542,8,'1',700,'Ortiz',0),(128304,'Maria Gabriela','Echeverria','F','1991-10-09','gavychy_09@hotmail.com',3,'0',1,NULL,5,1,NULL,'2014-08-02 21:59:34','MEX',NULL,1,3587,8,'0',350,'Guerrero',0),(128305,'Elizabeth','Garcia','F','1997-08-09','ellis_ega@hotmail.com',2,'0',1,NULL,5,1,NULL,'2014-08-02 22:00:53','MEX',NULL,1,NULL,2,'1',700,'Araiza',0),(128306,'Karina','Doroteo','F','1991-09-26','daklti14@hotmail.com',3,'0',1,NULL,5,5,NULL,'2014-08-02 22:03:19','MEX',NULL,7,2542,10,'1',700,'Acevedo',0),(128307,'Angelica ','Mondragon','F','1995-02-02','angelicaasmr@hotmail.com',2,'0',1,NULL,5,1,NULL,'2014-08-02 22:05:13','MEX',NULL,9,NULL,2,'1',700,'Ramirez',0),(128308,'Ollin Monserrat','Flores','F','1992-11-09','mom_flakita.09@hotmail.com',3,'0',1,NULL,5,1,NULL,'2014-08-02 22:05:40','MEX',NULL,1,3582,10,'1',700,'Castillo',0),(128309,'Stefany','Salas','F','1996-09-09','booksde1fan@hotmail.com',2,'0',1,NULL,5,1,NULL,'2014-08-02 22:07:03','MEX',NULL,1,2592,4,'0',350,'Alcaraz',0),(128310,'Jazziel Rafael','Ortiz','M','1996-02-02','Ruflex.TokTok@hotmail.com',2,'0',1,NULL,5,4,NULL,'2014-08-02 22:07:33','MEX',NULL,5,NULL,10,'1',700,'Hernandez',0),(128311,'Juan Manuel','Jaramillo','M','1958-06-22','jjaramillo@iyf.com',1,'0',1,NULL,5,4,NULL,'2014-08-02 22:08:33','MEX',NULL,6,NULL,10,'1',700,'Jaramillo',0),(128312,'Sara Daniela ','Jimenez','F','1993-09-08','daniely_diego_12@hotmail.com',3,'0',1,NULL,5,2,NULL,'2014-08-02 22:10:10','MEX',NULL,1,2529,10,'1',700,'Triana',0),(128313,'Debanny Isabel','Martinez','F','1997-03-07','isssa.martinez@hotmail.com',2,'0',1,NULL,5,2,NULL,'2014-08-02 22:12:02','MEX',NULL,7,2542,2,'1',700,'Ortiz',0),(128314,'Armando','Jimenez','M','1994-02-02','could_205@hotmail.com',2,'0',1,NULL,5,4,NULL,'2014-08-02 22:15:11','MEX',NULL,1,3583,10,'0',350,'Munguia',0),(128315,'Paola Vanessa','Vazquez','F','1997-10-02','jonaspiolin@hotmail.com',2,'0',1,NULL,5,2,NULL,'2014-08-02 22:16:16','MEX',NULL,8,2518,2,'1',700,'Valencia',0),(128316,'Mariana ','Gonzalez','F','1992-09-09','marianagm1592@gmail.com',2,'0',1,NULL,5,1,NULL,'2014-08-02 22:17:20','MEX',NULL,5,3592,8,'1',700,'Macedo',0),(128317,'Laura Maria ','Peralta','F','1981-09-06','ita_peralta@hotmail.com',3,'0',1,NULL,5,4,NULL,'2014-08-02 22:19:44','MEX',NULL,6,2516,10,'1',700,'Cholico',0),(128318,'Karla Rebeca ','Camacho','F','1991-02-06','lor.Karla@gmail.com',2,'0',1,NULL,5,2,NULL,'2014-08-02 22:21:45','MEX',NULL,1,2515,1,'1',700,'Salazar',0),(128319,'Cynthia Karina','Gonzalez','F','1991-06-09','tangolunda_ixchel@hotmail.com',3,'0',1,NULL,5,4,NULL,'2014-08-02 22:23:25','MEX',NULL,7,2542,10,'1',700,'Gonzalez',0),(128320,'Magdalena','Hernandez','F','1996-02-02','maggies.loves@hotmail.com',2,'0',1,NULL,5,2,NULL,'2014-08-02 22:26:16','MEX',NULL,1,2515,10,'0',350,'Sandoval',0),(128321,'Evelyn','Flores','F','1995-09-09','kum1ch2n@hotmail.es',3,'0',1,NULL,5,2,NULL,'2014-08-02 22:28:21','MEX',NULL,1,3584,2,'1',700,'Guzman',0),(128322,'Laura Jaret','Viezca','F','1998-06-26','jaretzin.18@hotmail.com',2,'0',1,NULL,5,4,NULL,'2014-08-02 22:28:39','MEX',NULL,6,2516,10,'1',700,'Peralta',0),(128323,'Sandra Daniela','Galindo','F','1996-10-19','danielastar_iunic@hotmail.com',2,'1',1,NULL,5,1,NULL,'2014-08-03 04:01:47','MEX',NULL,1,3587,2,'1',700,'Granjeno',0),(128324,'Alex Divak','Jimenez','M','1995-10-19','axelereicer@hotmail.com',3,'0',1,NULL,5,1,NULL,'2014-08-03 04:06:10','MEX',NULL,1,3587,2,'1',700,'Toledo',0),(128325,'Tania Jessica','Hernandez','F','1989-09-10','ania21acissej@hotmail.com',3,'0',1,NULL,5,1,NULL,'2014-08-03 04:27:46','MEX',NULL,1,3584,2,'1',700,'Cortes',0),(128326,'Estefania','Lara','F','1993-09-19','hae_ju92@hotmail.com',2,'0',1,NULL,5,1,NULL,'2014-08-03 04:30:37','MEX',NULL,1,2517,8,'1',700,'Valdez',0),(128327,'Oscar Alberto','Aguilar','M','1993-08-18','bigsosc@hotmail.com',3,'0',1,NULL,5,1,NULL,'2014-08-03 04:33:58','MEX',NULL,4,2573,10,'1',700,'Gutierrez',0),(128328,'Lucero','Aguirre','F','1991-01-12','luces_nom@hotmail.com',3,'0',1,NULL,5,2,NULL,'2014-08-03 04:38:48','MEX',NULL,4,NULL,10,'1',700,'Escobar',0),(128329,'Marysofi','Almazo','F','1991-10-03','marysofi@hotmail.com',3,'1',1,NULL,5,2,NULL,'2014-08-03 04:41:32','MEX',NULL,4,2573,10,'1',700,'Dolores',0),(128330,'Maria Fernanda','Aguirre','F','1997-03-03','kimkibum-2309@hotmail.com',2,'0',1,NULL,5,2,NULL,'2014-08-03 04:47:06','MEX',NULL,4,NULL,10,'1',700,'Escobar',0),(128331,'Denysse Daniela','Ordaz|','F','1994-02-03','dnizd_ao09@hotmail.com',3,'1',1,NULL,5,1,NULL,'2014-08-03 04:50:08','MEX',NULL,4,2573,10,'1',700,'Aguirre',0),(128332,'Andrea Guadalupe','Altamirano','F','1985-04-04','agaq84@hotmail.com',3,'0',1,NULL,5,1,NULL,'2014-08-03 04:53:30','MEX',NULL,4,2573,10,'1',700,'Quijano',0),(128333,'Rubi','Cruz','F','1993-09-03','star_fire2582@hotmail.com',3,'1',1,NULL,5,1,NULL,'2014-08-03 05:02:28','MEX',NULL,4,2612,10,'1',700,'Coleaza',0),(128334,'Kenia Arlette','Sanchez','F','1996-02-03','kenia_tokiohotel@hotmail.com',2,'0',1,NULL,5,2,NULL,'2014-08-03 05:05:19','MEX',NULL,1,3580,8,'1',700,'Machuca',0),(128335,'Carlos David','Garcia','M','1983-09-02','gbspaz6@gmail.com',3,'0',1,NULL,5,6,NULL,'2014-08-03 05:08:27','MEX',NULL,1,3593,1,'1',700,'Paz',0),(128336,'Pilar ','Acosta','F','1967-07-08','pacosta@iyf.com',4,'0',1,NULL,5,4,NULL,'2014-08-03 05:23:55','MEX',NULL,1,2548,10,'0',350,'Mereles',0),(128337,'Armando','Orozco','M','1960-09-09','armando232103@gmail.com',4,'0',1,NULL,5,4,NULL,'2014-08-03 18:39:51','MEX',NULL,1,2548,10,'0',350,'Jimenez',0),(128338,'Jessica','Rangel','F','1995-02-02','JJDDMMGG7@hotmail.com',3,'0',1,NULL,5,1,NULL,'2014-08-04 01:40:59','MEX',NULL,1,2567,8,'1',700,'Aparicio',0),(128339,'Iarasema Sarai','Tierradentro','F','1995-02-02','irasema_elf@hotmail.com',3,'0',1,NULL,5,1,NULL,'2014-08-04 01:47:54','MEX',NULL,1,3587,8,'1',700,'Mendez',0),(128340,'Jesus Ernesto','Aguilar','M','1999-02-02','jesus_eam@hotmail.com',2,'1',1,NULL,5,1,NULL,'2014-08-04 01:52:17','MEX',NULL,12,2573,8,'1',700,'Medina',0),(128341,'Jonatan Hugo','Benavides','M','1994-02-02','JHugo_13@hotmail.com',3,'0',1,NULL,5,1,NULL,'2014-08-04 01:55:44','MEX',NULL,1,3588,1,'1',700,'Fajardo',0),(128342,'Efrain Rodrigo','Zamora','M','1986-02-02','rockefra@hotmail.com',3,'0',1,NULL,5,1,NULL,'2014-08-04 02:00:37','MEX',NULL,1,3580,8,'0',350,'Maceda',0),(128343,'Diego Gerardo','Sesmas','M','1993-02-02','sesmas_kifurce@hotmail.com',3,'0',1,NULL,5,1,NULL,'2014-08-04 02:05:45','MEX',NULL,1,2519,1,'0',350,'Diaz',0),(128344,'Ana Fabiola','Segura','F','1992-02-02','anasegura_cpap@gmail.com',3,'0',1,NULL,5,1,NULL,'2014-08-04 02:35:57','MEX',NULL,1,3584,1,'1',700,'Campos',0),(128345,'Cristopher','James','M','1997-02-02','errockjam@gmail.com',2,'0',1,NULL,5,1,NULL,'2014-08-04 02:43:12','MEX',NULL,1,2519,1,'0',350,'Ballesteros',0),(128346,'Erick Alejandro','Cordero ','M','1994-02-02','chickirruco_corderito17@hotmail.com',3,'0',1,NULL,5,1,NULL,'2014-08-04 04:48:33','MEX',NULL,1,2517,8,'1',700,'Garcia',0),(128347,'Jose Enrique','Garcia ','M','1997-02-02','yeye_15012003@hotmail.com',2,'0',1,NULL,5,1,NULL,'2014-08-04 04:51:36','MEX',NULL,1,2529,1,'1',700,'Jaimes',0),(128348,'Marco ','Carrera ','F','1988-02-02','carranzamarco@hotmail.com',2,'0',1,NULL,5,1,NULL,'2014-08-04 04:54:56','MEX',NULL,1,3585,8,'1',700,'Espinosa',0),(128350,'Lilia','Gonzalez','F','1973-02-02','lili.marzo2013@hotmail.com',2,'0',1,NULL,5,4,NULL,'2014-08-04 05:24:04','MEX',NULL,9,NULL,10,'1',700,'Magaña',0),(128351,'Angel de Jesus','Estrada','M','1993-02-02','angelestrada_321@hotmail.com',2,'0',1,NULL,5,3,NULL,'2014-08-04 05:29:32','MEX',NULL,5,2572,8,'1',700,'Garcia',0),(128352,'Vianet','Melo','F','1987-02-02','VMelo@iyf.com',1,'0',1,NULL,5,5,NULL,'2014-08-04 05:58:49','MEX',NULL,7,2533,10,'1',700,'Vazquez',0),(128353,'Raquel ','Yun ','F','1994-09-09','dbswlgns6110@naver.com',3,'0',1,NULL,5,4,NULL,'2014-08-04 06:18:13','MEX',NULL,1,3583,10,'1',700,'',0),(128354,'Pablo','Kim','M','1994-02-02','kky5104@naver.com',3,'0',1,NULL,5,4,NULL,'2014-08-04 06:20:45','MEX',NULL,1,3583,10,'1',700,'',0),(128355,'Eva ','kim','F','1991-08-02','knh6825@gmail.com',3,'0',1,NULL,5,4,NULL,'2014-08-04 06:22:16','MEX',NULL,1,3583,10,'1',700,'',0),(128356,'Felipe','Marquez','M','1983-09-08','fmarquezv@iyf.com',3,'0',1,NULL,5,4,NULL,'2014-08-04 06:26:07','MEX',NULL,1,3583,10,'1',700,'Vicente',0),(128357,'Diego Antonio','Roa','M','1995-07-07','droa@iyf.com',2,'0',1,NULL,5,4,NULL,'2014-08-04 06:30:24','MEX',NULL,1,3583,10,'1',700,'Moreno',0),(128358,'Evelia','Lopez','F','1971-09-08','elopez@oyf.com',4,'1',1,NULL,5,4,NULL,'2014-08-04 06:32:50','MEX',NULL,1,2546,10,'1',700,'Saucedo',0),(128359,'Maricruz ','Vazquez','F','1996-06-16','vazquez.aguila_vz@gmail.com',3,'0',1,NULL,5,2,NULL,'2014-08-04 06:35:22','MEX',NULL,1,3588,10,'1',700,'Zuñiga',0),(128360,'Sandra ','Perez','F','1970-09-09','m_sandy1509@yahoo.com.mx',4,'1',1,NULL,5,4,NULL,'2014-08-04 06:38:04','MEX',NULL,1,2548,10,'1',700,' Cruz',0),(128361,'Teresa','Leguizamo','F','1988-07-07','teedlit@hotmail.com',3,'0',1,NULL,5,2,NULL,'2014-08-04 15:41:27','MEX',NULL,1,3583,10,'0',350,'Gomez',0),(128362,'Francisca ','Piña','F','1954-03-04','fpiña@iyf.com',4,'0',1,NULL,5,4,NULL,'2014-08-04 15:48:37','MEX',NULL,1,3593,10,'1',700,'De La Cruz',0),(128363,'Ximena','Carrrillo','F','2002-01-09','ximenaciyf@.com',1,'0',1,NULL,5,4,NULL,'2014-08-04 16:00:50','MEX',NULL,7,2568,10,'1',700,'Murillo',0),(128364,'George','Dominguez','M','1994-07-05','george_6dominguez@hotmail.com',3,'0',1,NULL,5,1,NULL,'2014-08-04 16:02:24','MEX',NULL,1,2515,8,'1',700,'Caballero',0),(128365,'Diana Carolina','Labrada','F','1994-06-20','Karolove_iyf@hotmaul.com',3,'0',1,NULL,5,4,NULL,'2014-08-04 16:06:15','MEX',NULL,5,2548,10,'1',700,'Rojas',0),(128366,'Alondra','Garcia','F','1994-09-06','alondragarc@outlook.es',2,'1',1,NULL,5,1,NULL,'2014-08-04 16:08:06','MEX',NULL,1,3594,8,'0',350,'Hernandez',0),(128367,'Miguel Abraham','Peralta','F','1999-09-30','M.abraham_7@hotmail.com',2,'0',1,NULL,5,4,NULL,'2014-08-04 16:10:50','MEX',NULL,6,2516,10,'1',700,'Cortez',0),(128368,'Donaji','Garcia','F','2000-09-07','gaga_love1802@hotmail.com',1,'0',1,NULL,5,1,NULL,'2014-08-04 16:12:40','MEX',NULL,1,3582,2,'1',700,'Flores',0),(128369,'Jazmin','Zuñiga','F','1996-09-06','jazmin_130596@hotmail.com',2,'1',1,NULL,5,1,NULL,'2014-08-04 16:17:09','MEX',NULL,1,3593,10,'1',700,'Perez',0),(128370,'Jose','Carrillo','M','1960-05-22','jose_iyf@hotmail.com',1,'0',1,NULL,5,4,NULL,'2014-08-04 16:17:44','MEX',NULL,7,2568,10,'1',700,'Mendoza',0),(128371,'Aitana','Vega ','F','1997-08-06','aitana_vega@hotmail.com',2,'1',1,NULL,5,1,NULL,'2014-08-04 16:22:51','MEX',NULL,1,3595,2,'1',700,'Caballero',0),(128372,'Johana','Ruiz','F','1997-08-03','johanarc_0507@hotmail.com',2,'0',1,NULL,5,1,NULL,'2014-08-04 16:28:13','MEX',NULL,1,3583,8,'1',700,'Cerda',0),(128373,'Norma','Cabrera','F','1978-11-26','ncabrera@iyf.com',1,'0',1,NULL,5,4,NULL,'2014-08-04 16:28:23','MEX',NULL,9,NULL,10,'1',700,'Villagomez',0),(128374,'Ma. de los Angeles','Vera','F','1955-06-29','damaris.dmv@hotmail.com',3,'0',1,NULL,5,4,NULL,'2014-08-04 16:33:35','MEX',NULL,6,2516,10,'1',700,'Gonzalez',0),(128375,'Patricia','Murillo','F','1966-09-23','paty_murillo@hotmail.es',2,'0',1,NULL,5,4,NULL,'2014-08-04 16:38:13','MEX',NULL,7,2568,10,'1',700,'Chavira',0),(128376,'Patricia Vianey','Rosales','F','1990-03-09','vianey_1518',3,'0',1,NULL,5,1,NULL,'2014-08-04 16:39:08','MEX',NULL,1,3594,8,'0',350,'Escalona',0),(128377,'Clara Ruth','Ferrando','F','1987-11-06','ruth_ferrando@live.com.mx',3,'0',1,NULL,5,5,NULL,'2014-08-04 16:41:43','MEX',NULL,12,2547,10,'1',700,'Garcia',0),(128378,'Leticia','Moreno','F','1961-03-07','lmoreno@iyf.com',1,'0',1,NULL,5,4,NULL,'2014-08-04 16:45:12','MEX',NULL,6,2641,10,'1',700,'Rodriguez',0),(128379,'Tania Monserrat','Medina','F','2000-09-08','tania_kwon@hotmail.com',1,'0',1,NULL,5,1,NULL,'2014-08-04 16:45:42','MEX',NULL,1,2563,1,'1',700,'Martinez',0),(128380,'Mi Ga','Park','F','2000-06-16','mgp1999@hanmail.net',1,'0',1,NULL,5,4,NULL,'2014-08-04 16:48:22','MEX',NULL,7,2533,10,'1',700,'Hyun',0),(128381,'Joselin','Gonzalez','F','1999-08-03','isaesaranghe@gmail.com',2,'0',1,NULL,5,1,NULL,'2014-08-04 16:50:34','MEX',NULL,1,3585,1,'0',350,'Castillo',0),(128382,'Debany Patricia','Carrillo','F','2000-12-28','debany_5666@hotmail.com',1,'0',1,NULL,5,4,NULL,'2014-08-04 16:51:18','MEX',NULL,7,2568,10,'1',700,'Murillo',0),(128383,'Stphanie','Lozada','F','1995-07-02','sarang_kiseop@live.com',2,'0',1,NULL,5,1,NULL,'2014-08-04 16:53:35','MEX',NULL,1,2515,2,'0',350,'Garcia',0),(128384,'Maria Ramona','Nava','F','1959-09-26','mnava@iyf.com',1,'0',1,NULL,5,5,NULL,'2014-08-04 16:56:28','MEX',NULL,7,2568,10,'1',700,'Chaires',0),(128385,'Maria de los Angeles','Vazquez','F','1988-04-08','maya8877@msn.com',3,'0',1,NULL,5,1,NULL,'2014-08-04 16:56:44','MEX',NULL,1,NULL,8,'1',700,'Montes',0),(128386,'Daniela','Diaz','F','1989-05-06','zaidynad@hotmail.com',3,'0',1,NULL,5,1,NULL,'2014-08-04 16:59:45','MEX',NULL,1,2534,2,'1',700,'Diaz',0),(128387,'Carolina','Carolina','F','1969-02-06','hopecarolin@hotmail.com',2,'0',1,NULL,5,3,NULL,'2014-08-04 17:00:44','MEX',NULL,5,2548,10,'1',700,'Avila',0),(128388,'Francisco Javier','Diaz','M','2001-08-08','pancho.diaz.neri@hotmail.com',1,'0',1,NULL,5,1,NULL,'2014-08-04 17:02:37','MEX',NULL,1,2534,10,'1',700,'Neri',0),(128389,'Luis Gerardo','Labrada','M','1966-06-25','gerardolh_65@hotmail.com',2,'0',1,NULL,5,3,NULL,'2014-08-04 17:03:47','MEX',NULL,5,2592,10,'1',700,'Hernandez',0),(128390,'Maria Guadalupe','Herrera','F','1995-08-09','lupe_neriz16@hotmail.com',2,'0',1,NULL,5,1,NULL,'2014-08-04 17:05:10','MEX',NULL,1,3588,2,'0',350,'Garcia',0),(128391,'Jungin','Heo','F','1985-02-15','hji1216@hotmail.com',3,'0',1,NULL,5,4,NULL,'2014-08-04 17:07:01','MEX',NULL,1,3583,10,'1',700,'Ko',0),(128392,'Rodrigo Adrian','Macias','M','1993-09-04','rodro_ramm@hotmail.com',3,'0',1,NULL,5,2,NULL,'2014-08-04 17:08:07','MEX',NULL,1,NULL,8,'0',350,'Maldonado',0),(128393,'Alejandra','Mora','F','0000-00-00','aleestrellita12@hotmail.com',2,'1',1,NULL,5,1,NULL,'2014-08-04 17:10:15','MEX',NULL,1,3583,2,'1',700,'Acosta',0),(128394,'Fabiola','Martinez','F','1981-05-26','fmartinez@iyf.com',1,'0',1,NULL,5,4,NULL,'2014-08-04 17:11:39','MEX',NULL,9,NULL,10,'1',700,'Gonzales',0),(128395,'Rosa Maria ','Granjeno','F','1965-08-05','rosa45chocolat@hotmail.com',4,'0',1,NULL,5,1,NULL,'2014-08-04 17:13:34','MEX',NULL,1,3587,2,'1',700,'Martinez',0),(128396,'Monica ','Sanchez','F','1988-07-09','mosatox_25@hotmail.com',2,'0',1,NULL,5,1,NULL,'2014-08-04 17:16:27','MEX',NULL,1,2567,2,'1',700,'Torres',0),(128397,'Rebeca','Matienzo','F','1962-01-06','rebeca.matienzo@hortmail.com',1,'0',1,NULL,5,3,NULL,'2014-08-04 17:16:35','MEX',NULL,5,2548,10,'1',700,'Fuentes',0),(128398,'Johatzitl','Castañeda','F','1995-08-05','yolo.vid61@gmail.com',2,'0',1,NULL,5,1,NULL,'2014-08-04 17:19:14','MEX',NULL,1,2519,1,'1',700,'Villaseñor',0),(128399,'Hugo Cesar','Garcia ','M','1987-06-04','hugomerol@hotmail.com',3,'0',1,NULL,5,1,NULL,'2014-08-04 17:21:39','MEX',NULL,1,3583,2,'1',700,'Guzman',0),(128400,'Sharim Renee','Alarcaon','F','1995-08-07','sharbom.puma@gmail.com',3,'1',1,NULL,5,1,NULL,'2014-08-04 17:24:42','MEX',NULL,1,2517,2,'1',700,'Lima',0),(128401,'Mira','Kim','F','1968-02-22','mrshinkim@hotmail.com',3,'0',1,NULL,5,4,NULL,'2014-08-04 17:26:48','MEX',NULL,1,3583,10,'1',700,'Kim',0),(128402,'Valeria Mauina','Lezama','F','1996-06-07','valeriamaui54@hotmail.com',3,'0',1,NULL,5,1,NULL,'2014-08-04 17:27:47','MEX',NULL,1,3583,2,'1',700,'Sanchez',0),(128403,'Jaehun','Shin','M','1968-02-06','shin9191@hotmail.com',3,'0',1,NULL,5,4,NULL,'2014-08-04 17:30:30','MEX',NULL,1,3583,10,'1',700,'Shin',0),(128404,'Monserrat','Calzada','F','1992-07-05','montseara93@gmail.com',3,'0',1,NULL,5,2,NULL,'2014-08-04 17:31:42','MEX',NULL,1,3586,2,'1',700,'Arambula',0),(128405,'Leticia ','Perez','F','1992-09-05','tisha21_3000@live.com.mx',3,'0',1,NULL,5,1,NULL,'2014-08-04 17:36:09','MEX',NULL,1,3595,2,'1',700,'Cruz',0),(128406,'Ruben Aleberto','Gonzalez','M','1963-02-06','ruben.gonzalez.c@hotmail.com',2,'0',1,NULL,5,3,NULL,'2014-08-04 17:46:20','MEX',NULL,5,2548,10,'1',700,'Carrillo',0),(128407,'Joseph','Shin','M','1993-05-26','Whtpq1127@naver.com',3,'0',1,NULL,5,4,NULL,'2014-08-04 17:52:44','MEX',NULL,6,2516,10,'1',700,'',0),(128408,'Alan Eduardo','Pichardo','M','1999-06-03','apichardo@iyf.com',2,'0',1,NULL,5,3,NULL,'2014-08-04 17:57:23','MEX',NULL,9,NULL,10,'1',700,'Cabrera',0),(128409,'Felipe De Jesus','Horta','M','1949-02-06','fhorta@iyf.com',1,'0',1,NULL,5,4,NULL,'2014-08-04 18:05:36','MEX',NULL,6,2516,10,'1',700,'Vidrio',0),(128410,'Juan Ramon ','Perezchica','M','1969-01-22','Jramoneguiarte@hotmail.com',2,'0',1,NULL,5,5,NULL,'2014-08-04 18:09:50','MEX',NULL,6,2516,10,'1',700,'Eguiarte',0),(128411,'Francisca','Rodriguez','F','1963-02-06','frodriguez@iyf.com',1,'0',1,NULL,5,2,NULL,'2014-08-04 18:13:45','MEX',NULL,5,2548,10,'1',700,'Santos',0),(128412,'Adriana','Rangel','F','1994-09-06','adrii@live.com.mx',3,'0',1,NULL,5,2,NULL,'2014-08-04 18:52:21','MEX',NULL,1,3588,2,'1',700,'Bernal',0),(128413,'Monica','Francisco','F','1992-04-04','monyk_04_27@hotmail.com',3,'0',1,NULL,5,1,NULL,'2014-08-04 19:04:53','MEX',NULL,1,3588,1,'1',700,'Ortiz',0),(128414,'Hilda','Castelan','F','1991-03-03','hilda_1511@hotmail.com',2,'0',1,NULL,5,1,NULL,'2014-08-04 19:08:13','MEX',NULL,1,NULL,2,'1',700,'Castillo',0),(128415,'Mishell Alejandra','Agilar','F','1996-09-07','alejandrita5569@hotmail.com',3,'0',1,NULL,5,4,NULL,'2014-08-04 21:20:09','MEX',NULL,1,3586,10,'1',700,'Ramiro',0),(128416,'Diana ','Navarro','F','1995-09-18','yukleeangel4@gmail.com',3,'0',1,NULL,5,1,NULL,'2014-08-04 21:24:12','MEX',NULL,1,2669,2,'1',700,'Campa',0),(128417,'Maria Fernanda','Ramirez','F','1998-09-06','frd_rp717@hotmail.com',2,'0',1,NULL,5,1,NULL,'2014-08-04 21:27:00','MEX',NULL,1,NULL,NULL,'0',350,'Peniche',0),(128418,'Melcar Andres','Soto','M','1996-09-05','melander96@hotmail.com',2,'0',1,NULL,5,1,NULL,'2014-08-04 21:29:30','MEX',NULL,1,3595,2,'1',700,'Martinez',0),(128419,'Israel ','Moreno','M','1979-05-08','keisuke_loki@hotmail.com',2,'0',1,NULL,5,1,NULL,'2014-08-04 21:32:57','MEX',NULL,1,3593,2,'1',700,'Patricio',0),(128420,'Anabel ','Rosas','F','1989-09-07','ana.rosas.zu@hotmail.com',3,'1',1,NULL,5,4,NULL,'2014-08-04 21:35:51','MEX',NULL,1,3587,10,'1',700,'Zuñiga',0),(128421,'Pablo Alberto','Avila','M','1994-02-02','avilalbrt@aol.com',2,'0',1,NULL,5,3,NULL,'2014-08-04 22:00:40','MEX',NULL,1,3583,8,'0',350,'Jaimes',0),(128422,'Alexis Fernando','Serrano ','M','1996-02-02','dragon95alex@hotmail.com',3,'0',1,NULL,5,1,NULL,'2014-08-04 22:07:14','MEX',NULL,1,2586,8,'1',700,'Lopez',0),(128423,'Michelle','Calvillo','F','1998-02-02','os_degomita@hotmail.com',2,'0',1,NULL,5,1,NULL,'2014-08-04 22:13:37','MEX',NULL,1,3586,1,'1',700,'Diaz',0),(128424,'Jorge','Gonzalez','M','1994-02-02','johnfrusciante_jei@hotmail.com',3,'0',1,NULL,5,1,NULL,'2014-08-04 22:18:40','MEX',NULL,1,3583,1,'0',350,'Vargas',0),(128425,'Miriam ','Ramiro','F','1979-09-08','miriam1111@hotmail.com.mx',4,'0',1,NULL,5,4,NULL,'2014-08-04 22:33:25','MEX',NULL,1,3586,10,'0',350,'Rojas',0),(128426,'Dilan Axel','Aguilar','M','1996-04-05','axel_dilan13@hotmail.com',2,'0',1,NULL,5,4,NULL,'2014-08-04 22:35:39','MEX',NULL,1,3586,10,'1',700,'Ramiro',0),(128427,'Karen Itzel','Olivera|','F','1992-02-03','karen_queen_kings@hotmail.com',1,'1',1,NULL,5,1,NULL,'2014-08-04 22:38:41','MEX',NULL,1,3585,10,'1',700,'Varela',0),(128428,'Ariadna','Jimenez','F','1995-02-02','ajimenez@iyf.com',3,'0',1,NULL,5,4,NULL,'2014-08-04 22:44:32','MEX',NULL,1,2546,10,'1',700,'Lopez',0),(128429,'Ana Lizzeth','Rivera','F','1997-03-03','anasoldiervip@gmail.com',2,'1',1,NULL,5,1,NULL,'2014-08-04 22:46:40','MEX',NULL,1,2529,8,'1',700,'Rosas',0),(128430,'Maria de los Angeles','Moreno ','F','1967-04-05','mmoreno@iyf.com',4,'1',1,NULL,5,4,NULL,'2014-08-04 22:50:00','MEX',NULL,1,3583,10,'1',700,'Perez',0),(128431,'Karla','Gutierrez','F','1982-04-05','kurtka67@yahoo.com',2,'0',1,NULL,5,4,NULL,'2014-08-04 22:52:16','MEX',NULL,1,3593,8,'1',700,'Zamora',0),(128432,'Miguel ','Pompa ','M','1985-09-04','iyfpane@hotmail.com',4,'0',1,NULL,5,4,NULL,'2014-08-04 22:54:13','MEX',NULL,1,3583,10,'1',700,'Hernandez',0),(128433,'Norma Gabriela','Rodriguez','F','1982-04-05','dfnorma@hotmail.com',4,'0',1,NULL,5,4,NULL,'2014-08-04 22:56:41','MEX',NULL,1,3593,10,'1',700,'Recendiz',0),(128434,'Victoria','Ceran','F','1995-08-08','cherry_princess28@hotmail.com',2,'0',1,NULL,5,1,NULL,'2014-08-04 22:59:04','MEX',NULL,1,2517,2,'1',700,'Martinez',0),(128435,'Jose de Jesus','Simon','M','1970-09-08','jsimon@iyf.com',4,'1',1,NULL,5,4,NULL,'2014-08-04 23:03:22','MEX',NULL,1,2583,10,'1',700,'Ibañez',0),(128436,'Sebastian ','Valdes','M','1998-02-03','genaro.sebastian@hotmail.com',2,'0',1,NULL,5,4,NULL,'2014-08-04 23:06:57','MEX',NULL,1,3593,10,'1',700,'Rosales',0),(128437,'Elisa','Ceran','F','1999-08-08','pitufina83@live.com.mx',2,'0',1,NULL,5,1,NULL,'2014-08-04 23:08:16','MEX',NULL,1,2517,2,'1',700,'Martinez',0),(128438,'Joana Rubi','Velazco ','F','1996-09-09','sakurita_496@hotmail.com',2,'1',1,NULL,5,1,NULL,'2014-08-04 23:10:40','MEX',NULL,1,2529,8,'1',700,'Gomez',0),(128439,'Nayeli Arely','Avila','F','1986-09-06','arc_fraise@hotmail.com',2,'0',1,NULL,5,4,NULL,'2014-08-04 23:12:13','MEX',NULL,2,NULL,10,'1',700,'Avila',0),(128440,'Susana Noemi','Rosas','F','1973-02-03','susa_rose@hotmail.com',4,'0',1,NULL,5,4,NULL,'2014-08-04 23:16:46','MEX',NULL,1,3588,10,'0',350,'Matsumura',0),(128441,'Tania Lorena','Miranda','F','1997-09-07','iarzate@casaskrea.com.mx',2,'0',1,NULL,5,1,NULL,'2014-08-04 23:18:00','MEX',NULL,11,2534,1,'1',700,'Arzate',0),(128443,'Karla Mariela','Marquez','F','1995-09-07','carlywinkyww@gmail.com',2,'0',1,NULL,5,1,NULL,'2014-08-04 23:23:32','MEX',NULL,1,NULL,2,'1',700,'Martinez',0),(128444,'Edgar Said','Olvera','M','1988-09-04','turboblood@gmail.com',3,'1',1,NULL,5,1,NULL,'2014-08-04 23:26:42','MEX',NULL,1,2529,10,'0',350,'Varela',0),(128445,'Daniela','Quintos ','F','1994-08-08','chibi-bishi@hotmail.com',3,'0',1,NULL,5,1,NULL,'2014-08-04 23:28:40','MEX',NULL,1,3581,8,'0',350,'Zuñiga',0),(128446,'Dianayeli','Balcazar','F','1986-02-03','pauaryf@hotmail.com',2,'0',1,NULL,5,4,NULL,'2014-08-04 23:28:42','MEX',NULL,1,2515,10,'1',700,'Moreno',0),(128447,'Maithe Lorena','Perez De Leon','F','1985-02-03','kricri22@hotmail.com',4,'0',1,NULL,5,2,NULL,'2014-08-04 23:31:49','MEX',NULL,1,2519,10,'0',350,'Maldonado',0),(128448,'Marisol','Ortega','F','1973-09-02','mbn.cone@hotmail.com',4,'0',1,NULL,5,4,NULL,'2014-08-04 23:34:35','MEX',NULL,1,2515,10,'0',350,'Elias',0),(128449,'Raymundo Ismael','Martinez','M','1994-09-03','martesp.cel@gmail.com',3,'0',1,NULL,5,1,NULL,'2014-08-04 23:36:39','MEX',NULL,1,2548,8,'1',700,'Espinoza',0),(128450,'Patricia','Maldonado','F','1961-09-02','peperlypaty_6303@hotmail.com',4,'1',1,NULL,5,4,NULL,'2014-08-04 23:38:46','MEX',NULL,1,2519,10,'0',350,'Hernandez',0),(128451,'Gerson','Montiel','M','1999-09-09','macai82@hotmail.com',1,'0',1,NULL,5,1,NULL,'2014-08-04 23:40:01','MEX',NULL,11,2534,8,'1',700,'Martin del campo',0),(128452,'Kristian','Peralta','M','2002-09-08','kritzian@live.com.mx',1,'0',1,NULL,5,2,NULL,'2014-08-04 23:40:38','MEX',NULL,1,2519,10,'0',350,'Perez de Leon',0),(128453,'Enoc','Shin','M','1993-09-08','enoqui.shin@gmail.com',3,'0',1,NULL,5,4,NULL,'2014-08-04 23:42:34','MEX',NULL,1,3593,10,'1',700,'',0),(128454,'Daniel de jesus','Hernandez','M','1997-09-02','danytaker96@hotmail.com',2,'0',1,NULL,5,1,NULL,'2014-08-04 23:43:51','MEX',NULL,1,2583,10,'1',700,'Rojas',0),(128455,'Aida Veronica','Diaz','F','1962-09-02','veronica-aida@hotmail.com',4,'1',1,NULL,5,4,NULL,'2014-08-04 23:44:42','MEX',NULL,1,3583,10,'1',700,'Lanzagorta',0),(128456,'Yuliana Carolina','Ramirez','F','2000-02-02','benjitajessik@hotmail.com',1,'0',1,NULL,5,1,NULL,'2014-08-04 23:46:16','MEX',NULL,9,NULL,8,'1',700,'Pozas',0),(128457,'Martin Misael','Sanchez','M','1986-09-02','misael_st@live.com.mx',3,'0',1,NULL,5,5,NULL,'2014-08-04 23:46:31','MEX',NULL,7,2568,10,'1',700,'Torres',0),(128458,'Carlos Alexis','Cruz','M','1999-05-15','kr2.l.Alexis@outlook.com',2,'0',1,NULL,5,1,NULL,'2014-08-04 23:47:27','MEX',NULL,2,NULL,8,'1',700,'Pedraza',0),(128460,'Asstrid Elizabeth','Gonzalez','F','1993-03-03','asstrid_93@hotmail.com',3,'0',1,NULL,5,4,NULL,'2014-08-04 23:49:44','MEX',NULL,7,2542,10,'1',700,'Carrizales',0),(128461,'Silvia','Juarez','F','1967-09-07','bibyhsm@mail.com',2,'0',1,NULL,5,3,NULL,'2014-08-04 23:50:56','MEX',NULL,1,3588,2,'1',700,'Rosas',0),(128462,'Blanca Margarita','Hinostiosa','F','1969-07-08','blanca.hinostiosa@hotmail.com.mx',2,'0',1,NULL,5,4,NULL,'2014-08-04 23:51:35','MEX',NULL,11,2534,8,'1',700,'Moreno',0),(128463,'Joana Lizeth','Burciaga','F','1987-04-02','jo.burk@gmail.com',3,'0',1,NULL,5,5,NULL,'2014-08-04 23:53:42','MEX',NULL,7,2533,8,'1',700,' Bernal',0),(128464,'Ariadne','Villatoro','F','1998-09-06','ariadnevillatoro@gmail.com',2,'0',1,NULL,5,2,NULL,'2014-08-04 23:54:30','MEX',NULL,1,3585,8,'0',350,'Garcia',0),(128465,'Manuel ','Mata','M','1992-02-02','adrianagok@hotmail.com',2,'0',1,NULL,5,1,NULL,'2014-08-05 00:00:00','MEX',NULL,1,2515,4,'1',700,'Zepeda',0),(128466,'Silvia Samantha','De los santos','F','1998-09-08','inuyasha_osuwari_98@hotmail.com',2,'0',1,NULL,5,2,NULL,'2014-08-05 00:00:51','MEX',NULL,1,3580,10,'1',700,'Medina',0),(128467,'Lizeth Sarait','Peralta','F','1989-09-03','tyte44@gmail.com',2,'0',1,NULL,5,4,NULL,'2014-08-05 00:02:03','MEX',NULL,11,2590,8,'1',700,'Tena',0),(128468,'Cynthia Nallely ','Lopez','F','1997-09-02','cyn_depp231@hotmail.com',2,'0',1,NULL,5,1,NULL,'2014-08-05 00:04:03','MEX',NULL,7,NULL,2,'1',700,'Gonzalez',0),(128469,'Alondra Anaid','De los Santos','F','1994-11-12','anaid_escorpion_27@hotmail.com',2,'0',1,NULL,5,2,NULL,'2014-08-05 00:06:53','MEX',NULL,2,3588,8,'1',700,'Rodriguez',0),(128470,'Rosa Melba','Rodriguez','F','1977-08-09','melba.rodriguez@hotmail.com',1,'0',1,NULL,5,4,NULL,'2014-08-05 00:07:24','MEX',NULL,11,2534,2,'1',700,'Resendiz',0),(128471,'Paula Valeria','Vega','F','1990-09-02','estel_havok@hotmail.com',3,'0',1,NULL,5,5,NULL,'2014-08-05 00:09:12','MEX',NULL,11,2534,10,'1',700,'Pacheco',0),(128472,'Lizeth Selene','Rios','F','1988-09-02','liz.rios.24@hotmail.com',2,'0',1,NULL,5,3,NULL,'2014-08-05 00:10:53','MEX',NULL,7,2542,10,'1',700,'Ramirez',0),(128473,'Susana Yolybeth','Ayala','F','1993-09-08','yoliza99@gmail.com',3,'0',1,NULL,5,5,NULL,'2014-08-05 00:12:41','MEX',NULL,11,2671,8,'1',700,'Zamora',0),(128474,'Noemi ','Castillo','F','1979-09-08','noemii_cj78@homail.es',1,'0',1,NULL,5,5,NULL,'2014-08-05 00:14:45','MEX',NULL,5,2548,10,'1',700,'Juarez',0),(128475,'Gaudencio','Rosales','M','1950-09-08','grosales@iyf.com',1,'0',1,NULL,5,4,NULL,'2014-08-05 00:16:56','MEX',NULL,7,2533,10,'1',700,'Neri',0),(128476,'Magdalena','Hernandez','F','1967-02-03','magdalenahernandez@iyf.com',1,'0',1,NULL,5,4,NULL,'2014-08-05 00:19:32','MEX',NULL,11,NULL,10,'1',700,'Mendoza',0),(128479,'Bernardo','Gomez','M','1993-09-08','ojomoradogrifin@hotmail.com',3,'0',1,NULL,5,3,NULL,'2014-08-05 00:33:57','MEX',NULL,1,3581,8,'0',350,'Tino',0),(128480,'Karla Araceli','Santillan','F','1994-09-07','sask_5@hotmail.com',3,'0',1,NULL,5,1,NULL,'2014-08-05 00:38:37','MEX',NULL,1,2669,2,'1',700,'Suarez',0),(128482,'Oscar','Santillan','M','1997-09-07','chicocabrera_6@hotmail.com',2,'0',1,NULL,5,1,NULL,'2014-08-05 01:50:39','MEX',NULL,1,2669,2,'1',700,'Suarez',0),(128483,'Salvador','Pichardo','M','1973-02-03','spichardo@iyf.com',1,'0',1,NULL,5,4,NULL,'2014-08-05 01:52:44','MEX',NULL,9,NULL,10,'1',700,'Trigeros',0),(128484,'Rafael ','Ramirez','M','1996-09-08','rafax.darkrai@gmail.com',2,'0',1,NULL,5,1,NULL,'2014-08-05 01:56:43','MEX',NULL,1,2519,8,'1',700,'Nazario',0),(128485,'Rebeca Michell','Cortez','F','1999-07-16','naruto.rebe@hotmail.com',2,'0',1,NULL,5,1,NULL,'2014-08-05 02:00:14','MEX',NULL,1,2515,10,'1',700,'Venegas',0),(128486,'Estefany','Barron','F','1999-09-09','fanixnna1@hotmail.com',2,'0',1,NULL,5,3,NULL,'2014-08-05 02:00:41','MEX',NULL,5,2548,10,'1',700,'Hernandez',0),(128487,'Benjamin','Bautista','M','1981-00-00','Benjamin.rodriguez@gmail.com',1,'0',1,NULL,5,5,NULL,'2014-08-05 02:02:43','MEX',NULL,6,2516,10,'1',700,'Rodriguez',0),(128488,'Andrea Guadalupe','Mendez','F','2000-02-21','agmm14@gmail.com',1,'0',1,NULL,5,1,NULL,'2014-08-05 02:04:50','MEX',NULL,6,2641,10,'1',700,'Moreno',0),(128489,'Maria Dolores','Ramirez','F','1960-09-02','mdramirez@iyf.com',1,'0',1,NULL,5,4,NULL,'2014-08-05 02:07:27','MEX',NULL,9,2556,10,'1',700,'Ramirez',0),(128490,'Uriel','Diaz Ceballos','M','1998-12-22','uriel_2798@hotmail',2,'0',1,NULL,5,4,NULL,'2014-08-05 02:10:25','MEX',NULL,5,2548,10,'1',700,'Rangel',0),(128491,'Andrea Damaris','Mendez','F','1995-12-03','andrea.dmv@hotmail.com',3,'0',1,NULL,5,4,NULL,'2014-08-05 02:19:08','MEX',NULL,6,2516,10,'1',700,'Vera',0),(128492,'Maria','Panuco','F','1984-07-03','mpanuco@iyf.com',2,'0',1,NULL,5,4,NULL,'2014-08-05 02:21:40','MEX',NULL,6,2524,10,'1',700,'Ramirez',0),(128493,'Monica Yoali','Moreno','F','1999-08-07','faby_frambuesa@hotmail.com',2,'0',1,NULL,5,1,NULL,'2014-08-05 02:23:26','MEX',NULL,1,NULL,10,'1',700,'Zavala',0),(128494,'Seon Mee','Kim','F','1994-03-04','vkehtjsal@naver.com',3,'0',1,NULL,5,4,NULL,'2014-08-05 02:26:13','MEX',NULL,5,2548,10,'1',700,'',0),(128495,'Ana','Renteria','F','1996-12-27','arenteria@iyf.com',2,'0',1,NULL,5,4,NULL,'2014-08-05 02:40:59','MEX',NULL,6,2516,10,'1',700,'Rodriguez',0),(128496,'Ernestina','Magaña','F','1949-09-02','emagaña@iyf.com',1,'0',1,NULL,5,4,NULL,'2014-08-05 02:43:12','MEX',NULL,9,NULL,10,'1',700,'Garcia',0),(128497,'Angel Axel','Peralta','M','2002-04-03','aperalta@iyf.com',1,'0',1,NULL,5,4,NULL,'2014-08-05 02:55:34','MEX',NULL,6,2516,10,'1',700,'Cortes',0),(128498,'Jessica Viviana','Ramirez','F','1994-02-02','benjanitajess@hotmail.com',3,'0',1,NULL,5,1,NULL,'2014-08-05 03:11:24','MEX',NULL,9,NULL,8,'1',700,'Pozas',0),(128499,'Viviana Hayde','Saldierna','F','1983-11-23','viviana_iyf@hotmail.com',2,'0',1,NULL,5,4,NULL,'2014-08-05 03:12:19','MEX',NULL,9,NULL,10,'1',700,'Balderas',0),(128500,'Xuan Cielo','Hu','F','1987-02-03','68080166@99.com',3,'0',1,NULL,5,4,NULL,'2014-08-05 03:14:56','MEX',NULL,5,2548,10,'1',700,'',0),(128501,'Martha Cecilia','Cortes','F','1971-11-14','ceci_1120@hotmail.com',3,'0',1,NULL,5,4,NULL,'2014-08-05 03:29:35','MEX',NULL,6,2516,10,'1',700,'Gonzalez',0),(128502,'Miguel Angel ','Peralta','M','1953-01-16','mangel-1970@hotmail.com',3,'0',1,NULL,5,5,NULL,'2014-08-05 03:32:27','MEX',NULL,6,2516,10,'1',700,'Meza',0),(128503,'Dora Alicia','Jimenez','F','1974-09-02','jicda02@hotmail.com',2,'0',1,NULL,5,5,NULL,'2014-08-05 07:01:07','MEX',NULL,12,2547,10,'1',700,'Campos',0),(128504,'Ana Victoria','Zamorano','F','1999-02-03','anavictoria.zago99@hotmail.com',2,'0',1,NULL,5,4,NULL,'2014-08-05 07:04:00','MEX',NULL,9,NULL,10,'1',700,'Gonzalez',0),(128505,'Giselle Aylin','Reyes','F','2001-01-16','cucho82@msn.com',1,'0',1,NULL,5,1,NULL,'2014-08-05 07:06:18','MEX',NULL,5,2548,8,'1',700,'Simoneem',0),(128507,'Ana Guadalupe','Olvera','F','1986-02-03','anabantha_1986@yohoo.com.mx',3,'0',1,NULL,5,1,NULL,'2014-08-05 15:54:50','MEX',NULL,9,NULL,10,'1',700,'Luna',0),(128508,'Maria Gabriela','Villaseñor','F','1972-09-04','gabyvb@outlook.com',2,'0',1,NULL,5,4,NULL,'2014-08-05 15:58:00','MEX',NULL,5,2548,10,'1',700,'Bautista',0),(128509,'Lorena','Olvera','F','1984-12-16','libertad_luna777@yahoo.com.mx',3,'0',1,NULL,5,1,NULL,'2014-08-05 16:01:37','MEX',NULL,9,NULL,10,'1',700,'Luna',0),(128510,'Ivan Gabriel','Vega','M','2002-09-03','Ivega@iyf.com',1,'0',1,NULL,5,2,NULL,'2014-08-05 16:37:36','MEX',NULL,5,2548,10,'1',700,'Villaseñor',0),(128511,'Maria Del Rocio','Rangel','F','1978-09-02','rangel.chio.78@hotmail.com',1,'0',1,NULL,5,3,NULL,'2014-08-05 16:43:19','MEX',NULL,5,2548,10,'1',700,'Sanchez',0),(128512,'Miriam Esther','Vargas','F','2000-09-05','miriam-vargas99@hotmail.com',1,'0',1,NULL,5,4,NULL,'2014-08-05 16:49:55','MEX',NULL,9,2628,10,'1',700,'Raya',0),(128513,'Alma Rosa','Rangel ','F','1986-02-03','arangel@iyf.com',1,'0',1,NULL,5,4,NULL,'2014-08-05 16:53:03','MEX',NULL,5,2548,10,'1',700,'Suarez',0),(128514,'Victor','Hernandez','M','1951-11-28','vhernandez@iyf.com',2,'0',1,NULL,5,4,NULL,'2014-08-05 16:55:27','MEX',NULL,9,2556,10,'1',700,'Martinez',0),(128515,'Guillermina','Raya ','F','1973-03-03','guille-raya73@hotmail.com',1,'0',1,NULL,5,4,NULL,'2014-08-05 17:00:22','MEX',NULL,9,NULL,10,'1',700,'Chavez',0),(128516,'Patricia Jael','Matiezco','F','1970-02-03','jaelmbn@hotmail.com',1,'0',1,NULL,5,3,NULL,'2014-08-05 17:03:30','MEX',NULL,5,2548,10,'1',700,'Fuentes',0),(128517,'Sandra','Chavez','F','1982-09-12','sandra 2287@live.com',1,'0',1,NULL,5,4,NULL,'2014-08-05 17:07:53','MEX',NULL,9,2536,10,'1',700,'Santana',0),(128518,'Alejandro','Gamboa','M','1963-09-02','ale100@hotmail.com',2,'0',1,NULL,5,1,NULL,'2014-08-05 17:12:03','MEX',NULL,5,2548,10,'1',700,'Escamilla',0),(128519,'Juan Arturo','Martinez','M','1987-09-02','Bracichiphop@hotmail.com',2,'0',1,NULL,5,2,NULL,'2014-08-05 17:18:46','MEX',NULL,5,2548,8,'1',700,'Ramirez',0),(128520,'Sol','Moon','M','1995-09-04','smoon@iyf.com',3,'0',1,NULL,5,4,NULL,'2014-08-05 17:20:47','MEX',NULL,9,2536,10,'1',700,'',0),(128521,'Sandra Jazmin','Cruz','F','2001-09-03','sjcruz@iyf.com',1,'0',1,NULL,5,1,NULL,'2014-08-05 17:23:42','MEX',NULL,5,2548,10,'1',700,'Rodriguez',0),(128522,'Hee Kyu','Kim','F','1994-04-16','hkkim@iyf.com',3,'0',1,NULL,5,4,NULL,'2014-08-05 17:25:30','MEX',NULL,9,2536,10,'1',700,'',0),(128523,'Noemi','Bautista','F','1983-02-09','nohemi.gracia@mail.com',2,'0',1,NULL,5,4,NULL,'2014-08-05 17:28:29','MEX',NULL,9,2536,10,'1',700,'Rodriguez',0),(128524,'Ma. Guadalupe','Perez','F','1966-09-02','mgperez@iyf.com',1,'0',1,NULL,5,4,NULL,'2014-08-05 17:33:49','MEX',NULL,5,2551,10,'1',700,'Garnica',0),(128525,'Karina','Carrera','F','1989-02-03','atalaya_princess@hotmail.com',3,'0',1,NULL,5,5,NULL,'2014-08-05 17:35:34','MEX',NULL,8,2518,10,'1',700,'Mendoza',0),(128526,'Paola ','Luna','F','1985-09-07','ambersaori@',2,'0',1,NULL,5,1,NULL,'2014-08-05 21:24:29','MEX',NULL,1,3590,1,'0',350,'Juarez',0),(128527,'Alondra Guadalupe','Ramirez','F','1998-09-04','cross_yuky@hotmail.com',2,'0',1,NULL,5,1,NULL,'2014-08-05 21:31:57','MEX',NULL,1,2567,8,'1',700,'Alvarez',0),(128528,'Claudia Valeria','Vazquez','F','1987-07-05','valeryvr@gmail.com',4,'0',1,NULL,5,2,NULL,'2014-08-05 21:36:02','MEX',NULL,1,3580,2,'1',700,'Rodriguez',0),(128530,'Diana','Torres','F','1992-05-07','dai_419@hotmail.com',3,'0',1,NULL,5,1,NULL,'2014-08-05 21:47:23','MEX',NULL,1,3590,8,'0',350,'Caballero',0),(128531,'Rebeca','Hernandez','F','1993-06-03','rebecaubf@hotmail.com',3,'0',1,NULL,5,1,NULL,'2014-08-05 22:16:07','MEX',NULL,6,2516,8,'1',700,'Fuentes',0),(128532,'Yolanda Jatzabel','Hernandez','F','1997-05-14','yoli_1110@hotmail.com',2,'0',1,NULL,5,2,NULL,'2014-08-05 22:19:47','MEX',NULL,6,2545,8,'1',700,'Aguilera',0),(128533,'Juana Matilde','Moreno','F','1973-08-23','natyj.moren@yahoo.com.mx',2,'0',1,NULL,5,1,NULL,'2014-08-05 22:24:56','MEX',NULL,1,2524,8,'1',700,'Zacarias',0),(128534,'Dinora','Huidor','F','1982-09-13','dinoriris@hotmail.com',2,'0',1,NULL,5,1,NULL,'2014-08-05 22:29:39','MEX',NULL,6,2524,8,'1',700,'Aguayo',0),(128535,'Nestor Zuriel ','Palomar','M','1993-09-15','nzpalomar@hotmail.com',3,'0',1,NULL,5,2,NULL,'2014-08-05 22:34:05','MEX',NULL,6,2545,8,'1',700,'Alcantar',0),(128536,'Jonathan Missael','Palomar','M','1998-08-15','chino_chivasmanda@hotmail.com',2,'0',1,NULL,5,1,NULL,'2014-08-05 22:39:31','MEX',NULL,6,2545,8,'1',700,'Alcantar',0),(128537,'Ariadna Thalia','Herrera','F','1994-08-17','thalia294@hotmail.com',3,'0',1,NULL,5,2,NULL,'2014-08-05 22:53:28','MEX',NULL,6,2516,8,'1',700,'Lopez',0),(128538,'Elsie','Guzman','F','1997-07-17','elsiegr@hotmail.com',2,'0',1,NULL,5,1,NULL,'2014-08-05 23:20:36','MEX',NULL,6,2516,8,'1',700,'Rodriguez',0),(128539,'Monica Ali','Carmona','F','1997-08-16','monish@hotmail.com',2,'0',1,NULL,5,1,NULL,'2014-08-05 23:23:59','MEX',NULL,12,2547,8,'1',700,'Serrano',0),(128540,'Horacio ','Grajales','M','1979-09-17','hory@live.com.mx',2,'0',1,NULL,5,3,NULL,'2014-08-05 23:28:22','MEX',NULL,12,2547,8,'1',700,'Ramirez',0),(128541,'Alfonso ','Lechuga','M','1954-09-16','lechugaa@hotmail.com',4,'0',1,NULL,5,4,NULL,'2014-08-05 23:34:54','MEX',NULL,12,2547,10,'1',700,'Perez',0),(128543,'Derian Eduardo ','Trejo','M','1995-09-17','changoakc@hotmail.es',2,'0',1,NULL,5,4,NULL,'2014-08-05 23:38:16','MEX',NULL,12,2547,10,'1',700,'Garcia',0),(128544,'Angelica','Hernandez','F','1992-09-17','khisten_o@hotmail.com',2,'0',1,NULL,5,3,NULL,'2014-08-05 23:43:54','MEX',NULL,5,2548,8,'1',700,'Christen',0),(128545,'Erwin Daniel','Villegas','M','1986-09-13','edvlpax@hotmail.com',2,'0',1,NULL,5,5,NULL,'2014-08-05 23:49:15','MEX',NULL,5,2548,8,'1',700,'Lezama',0),(128546,'Francisco Javier','Diaz','M','2001-09-16','francisco_javierdiazneri@hotmail.com',1,'0',1,NULL,5,1,NULL,'2014-08-05 23:59:00','MEX',NULL,11,2534,1,'1',700,'Neri',0),(128547,'Ivan','Nuñez','M','1999-04-16','oivan1961@hotmail.com',2,'0',1,NULL,5,4,NULL,'2014-08-06 00:02:49','MEX',NULL,11,2534,8,'1',700,'Besarez',0),(128548,'Monserrat','Ramirez','F','1999-03-17','montse_iyf@hotmail.com',2,'0',1,NULL,5,2,NULL,'2014-08-06 00:06:15','MEX',NULL,11,2534,8,'1',700,'Velasco',0),(128549,'Amhin Halil','Bustos','F','1981-09-03','amhin_halil@hotmail.com',3,'0',1,NULL,5,5,NULL,'2014-08-06 01:17:45','MEX',NULL,5,2548,8,'0',350,'Aguilera',0),(128550,'Ma. Irma del Carmen','Mendiola ','F','1959-09-18','mmendiola@iyf.com',3,'0',1,NULL,5,4,NULL,'2014-08-06 01:18:42','MEX',NULL,11,2534,8,'1',700,'Valdes',0),(128551,'Ana Maria','Ramirez','F','1985-09-09','marmeztliunam@gmail.com',3,'0',1,NULL,5,4,NULL,'2014-08-06 01:21:03','MEX',NULL,5,2548,10,'0',350,'Martinez',0),(128552,'Liais Fabiola','Nuñez','F','2000-08-12','infinite_liais@hotmail.com',1,'0',1,NULL,5,2,NULL,'2014-08-06 01:23:19','MEX',NULL,11,2534,8,'1',700,'Besarez',0),(128553,'Teresa','Ruiz','F','1959-09-09','truiz@iyf.com',1,'0',1,NULL,5,2,NULL,'2014-08-06 01:24:23','MEX',NULL,5,2548,10,'1',700,'Garcia',0),(128554,'Cristina Angelica','Piñon','F','1991-02-03','cpiñon@iyf.com',2,'0',1,NULL,5,3,NULL,'2014-08-06 01:27:10','MEX',NULL,5,2548,10,'1',700,'Garcia',0),(128555,'Jose de Jesus ','Cruz','M','2000-02-18','jcruz@iyf.com',1,'0',1,NULL,5,2,NULL,'2014-08-06 01:27:39','MEX',NULL,11,2534,8,'1',700,'Salgado',0),(128556,'Roquey','Rivera','M','1976-09-08','roke@hotmail.com',1,'0',1,NULL,5,3,NULL,'2014-08-06 01:29:23','MEX',NULL,8,2518,10,'1',700,'Bonilla',0),(128557,'Daniela','Velazquez','F','1997-07-23','loovnerds@hotmail.com',2,'0',1,NULL,5,1,NULL,'2014-08-06 01:30:19','MEX',NULL,11,2534,8,'1',700,'Martinez',0),(128558,'Graciela','Ramirez','F','1959-07-27','gramirez@iyf.com',1,'0',1,NULL,5,2,NULL,'2014-08-06 01:31:58','MEX',NULL,5,2548,8,'1',700,'Tapia',0),(128559,'Sharon Yuridia','Thompson','F','1993-09-09','sharonthompson@hotmail.com',2,'0',1,NULL,5,3,NULL,'2014-08-06 01:55:28','MEX',NULL,8,2518,10,'1',700,'Valencia',0),(128560,'Jesus Roberto ','Terron ','M','1992-09-16','dj.zone_street@hotmail.com',3,'0',1,NULL,5,1,NULL,'2014-08-06 01:58:12','MEX',NULL,11,2534,8,'1',700,'Hernandez',0),(128561,'Reyna Isabel','Gonzalez','F','1986-03-04','rgonzalez@iyf.com',1,'0',1,NULL,5,1,NULL,'2014-08-06 02:04:01','MEX',NULL,5,2548,10,'1',700,'Lozano',0),(128562,'Edher','Castro','M','1995-09-08','supra.tk@hotmail.com',1,'0',1,NULL,5,2,NULL,'2014-08-06 02:06:19','MEX',NULL,8,2518,10,'1',700,'Rivera',0),(128563,'Raul Mario','Vega','M','1972-03-03','rvega@iyf.com',2,'0',1,NULL,5,4,NULL,'2014-08-06 02:09:31','MEX',NULL,5,2548,10,'1',700,'Garcia',0),(128564,'Vanessa Arlette','Cruz','F','1998-09-17','arlettecrxp@hotmail.com',2,'0',1,NULL,5,1,NULL,'2014-08-06 02:12:27','MEX',NULL,5,2548,8,'1',700,'Ruiz',0),(128565,'Rebeca Araceli','Perez','F','2000-08-19','beky291099@hotmail.com',2,'0',1,NULL,5,2,NULL,'2014-08-06 02:15:45','MEX',NULL,5,2548,8,'1',700,'Perez',0),(128566,'Marco Antonio ','Rivera','M','1986-09-09','jesus_leondejuda@hotmail.com',2,'0',1,NULL,5,4,NULL,'2014-08-06 02:16:11','MEX',NULL,8,2518,10,'1',700,'Bonilla',0),(128567,'Angelica','Castillo','F','1991-09-06','angle.matienzo@gmail.com',3,'0',1,NULL,5,4,NULL,'2014-08-06 02:19:05','MEX',NULL,5,2548,10,'1',700,'Matienzo',0),(128568,'Lilia Teresita','Garcia','F','1987-09-02','yiyi_nena09@hotmail.com',2,'0',1,NULL,5,5,NULL,'2014-08-06 02:22:02','MEX',NULL,8,2518,10,'1',700,'Hernandez',0),(128569,'Georgina','Matienzo','F','1947-09-02','geo.mat.fue@hotmail.com',1,'0',1,NULL,5,4,NULL,'2014-08-06 02:25:09','MEX',NULL,5,2548,10,'1',700,'Fuentes',0),(128570,'Laura Georgina','Castillo','F','1993-09-09','laurita_iyf@hotmail.com',3,'0',1,NULL,5,4,NULL,'2014-08-06 02:27:39','MEX',NULL,5,2548,10,'1',700,'Fuentes',0),(128571,'Adriana','Perez','F','1979-02-02','aperez@iyf.com',3,'0',1,NULL,5,1,NULL,'2014-08-06 02:49:00','MEX',NULL,1,2515,8,'1',700,'Zepeda',0),(128572,'Joselyn','Camela','F','2000-02-02','angel_bumica_13@hotmail.com',2,'1',1,NULL,5,1,NULL,'2014-08-06 02:53:34','MEX',NULL,8,2518,8,'1',700,'Mendez',0),(128573,'Mayra Lizzette','Mendez','F','1993-02-02','mmendez@iyf.com',2,'1',1,NULL,5,1,NULL,'2014-08-06 02:58:16','MEX',NULL,8,2518,8,'1',700,'Espinoza',0),(128574,'Jorge Salomon','Alonso','M','1993-02-02','alonso_corp13@hotmail.com',2,'1',1,NULL,5,1,NULL,'2014-08-06 03:01:46','MEX',NULL,8,2518,8,'1',700,'Perez',0),(128575,'Annette','Camelia','F','1991-02-02','annettecamela@hotmail.com',3,'1',1,NULL,5,1,NULL,'2014-08-06 03:04:31','MEX',NULL,8,2518,8,'1',700,'Mendez',0),(128576,'Arturo','Camela','M','1951-02-02','acamela@iyf.com',2,'0',1,NULL,5,1,NULL,'2014-08-06 03:13:31','MEX',NULL,8,2518,8,'1',700,'Bardesi',0),(128577,'Elba Cecilia','Mendez','F','1963-02-02','emendez@iyf.com',3,'0',1,NULL,5,1,NULL,'2014-08-06 03:17:15','MEX',NULL,8,2518,8,'1',700,'Lopez',0),(128578,'Jose Ricardo','Diaz Ceballo','M','1968-09-03','diazCeballos_iyf@hotmail.com',1,'0',1,NULL,5,3,NULL,'2014-08-06 03:19:14','MEX',NULL,5,2548,10,'1',700,'Juarez',0),(128579,'Libna Saret','García ','F','1990-02-02','candy_libna@hotmail.com',3,'0',1,NULL,5,1,NULL,'2014-08-06 03:22:15','MEX',NULL,1,3588,8,'1',700,'Castro',0),(128580,'Mario Alberto','Rodriguez','M','1976-09-09','kiag32009@hotmail.com',2,'0',1,NULL,5,5,NULL,'2014-08-06 03:25:23','MEX',NULL,8,2518,10,'1',700,'Perez',0),(128582,'Pedro','Calvillo','M','1979-04-05','pcalvillo@iyf.com',2,'0',1,NULL,5,1,NULL,'2014-08-06 03:27:42','MEX',NULL,5,2548,8,'0',350,'Alvarez',0),(128583,'Ariana Ebenezer','Perez','F','1988-02-02','abiluzcruz@gmail.com',3,'0',1,NULL,5,4,NULL,'2014-08-06 03:37:45','MEX',NULL,5,2548,10,'0',350,'Juarez',0),(128584,'Linnet Karen','Amador','F','1997-02-02','linnette2910@live.com.mx',2,'0',1,NULL,5,1,NULL,'2014-08-06 03:43:11','MEX',NULL,1,3587,2,'1',700,'Solis',0),(128585,'Francisco Jesus','Alvarado ','M','1993-02-02','breck_monuhr@hotmail.com',2,'0',1,NULL,5,1,NULL,'2014-08-06 03:47:40','MEX',NULL,1,3589,8,'1',700,'Soto',0),(128586,'Carlos Humberto','Sanchez','M','1961-09-09','carlossanchez1536@outlook.mx',2,'0',1,NULL,5,4,NULL,'2014-08-06 04:00:52','MEX',NULL,12,2547,10,'1',700,'Naredo',0),(128587,'Claudia','Gonzalez','F','0000-00-00','claudiaglez:cruz@hotmail.com',3,'0',1,NULL,5,5,NULL,'2014-08-06 04:03:15','MEX',NULL,5,2548,10,'1',700,'Cruz',0),(128588,'Sang Tae','Park','M','1973-02-02','pst1999@hanmail.net',3,'0',1,NULL,5,4,NULL,'2014-08-06 04:03:21','MEX',NULL,7,2523,10,'0',350,'--',0),(128589,'Javier','Rivera','M','1980-09-09','xavi_09@live.com.mx',1,'0',1,NULL,5,5,NULL,'2014-08-06 04:04:59','MEX',NULL,8,2518,10,'1',700,'Bonilla',0),(128591,'Mario Alberto','Rodriguez','M','1953-09-09','mario_may@hotmail.com',1,'0',1,NULL,5,3,NULL,'2014-08-06 04:09:43','MEX',NULL,8,2518,10,'1',700,'Soto',0),(128592,'Karla Elizabeth','Ramos','F','1995-05-05','karla_e_yazmin10@hotmail.com',3,'0',1,NULL,5,4,NULL,'2014-08-06 04:13:07','MEX',NULL,12,2547,10,'1',700,'Cobos',0),(128593,'Juan','Beltran ','M','1966-05-05','juavelt@hotmail.com',4,'0',1,NULL,5,5,NULL,'2014-08-06 04:19:20','MEX',NULL,5,2548,10,'1',700,'Lozano',0),(128594,'Maria Josefina','Perez','F','1958-09-09','jose_perezcano@hotmail.com',1,'0',1,NULL,5,3,NULL,'2014-08-06 06:03:54','MEX',NULL,8,2518,10,'1',700,'Cano',0),(128595,'Maria de Jesus','Monroy','F','1985-12-03','j.aflores@hotmail.com',2,'0',1,NULL,5,1,NULL,'2014-08-06 06:06:01','MEX',NULL,8,2518,10,'1',700,'Cruz',0),(128596,'Lucia Magdalena','Olguin','F','0000-00-00','pelusinsin@yahoo.com.mx',3,'0',1,NULL,5,2,NULL,'2014-08-06 06:07:43','MEX',NULL,5,2548,10,'1',700,'Ruiz',0),(128597,'Edson Maximino','Mendez','M','1981-02-02','max_mendez_music@hotmail.com',2,'0',1,NULL,5,2,NULL,'2014-08-06 06:09:25','MEX',NULL,8,2518,10,'1',700,'Mendez',0),(128598,'Jose','Cartagena ','M','2001-09-09','olopoi@hotmail.com',1,'0',1,NULL,5,4,NULL,'2014-08-06 06:10:59','MEX',NULL,12,2547,10,'1',700,'Rodriguez',0),(128599,'Omar Yesith','Ruiz','M','1984-09-09','oruiz@iyf.com',2,'0',1,NULL,5,3,NULL,'2014-08-06 06:12:52','MEX',NULL,5,2548,10,'1',700,'Perez',0),(128600,'Itzel Anel','Mujica','F','1994-04-04','imujica@iyf.com',1,'0',1,NULL,5,1,NULL,'2014-08-06 06:14:40','MEX',NULL,5,2548,10,'1',700,'Juarez',0),(128601,'Ana Elvia','Mercado','F','1989-09-09','aeml_girl@hotmail.com',3,'0',1,NULL,5,4,NULL,'2014-08-06 06:16:25','MEX',NULL,12,2547,10,'1',700,'Lara',0),(128602,'Rocio','Espinoza','F','1963-09-09','respinoza@iyf.com',2,'0',1,NULL,5,3,NULL,'2014-08-06 06:20:24','MEX',NULL,5,2551,10,'0',350,'Villareal',0),(128603,'Ninive','Osorio','F','2000-09-09','ninive2709@hotmail.com',1,'0',1,NULL,5,4,NULL,'2014-08-06 06:23:11','MEX',NULL,12,2547,10,'1',700,'Dominguez',0),(128604,'Diana','Espinoza','F','1969-09-09','despinoza@iyf.com',3,'0',1,NULL,5,3,NULL,'2014-08-06 06:25:03','MEX',NULL,5,2551,10,'0',350,'Villareal',0),(128605,'Juan Carlos','Moreno','M','1961-02-02','jcmoreno@iyf.com',1,'0',1,NULL,5,4,NULL,'2014-08-06 06:26:50','MEX',NULL,12,2547,10,'1',700,'Santiago',0),(128606,'Bibiana ','Rodriguez','F','1980-09-09','bibi775@hotmail.com',2,'0',1,NULL,5,5,NULL,'2014-08-06 06:28:39','MEX',NULL,5,2548,10,'1',700,'Torres',0),(128607,'Jorge ','Ososrio','M','1972-02-02','josorio@iyf.com',2,'0',1,NULL,5,4,NULL,'2014-08-06 14:31:32','MEX',NULL,12,2547,10,'1',700,'Ramirez',0),(128608,'Blanca Estela','Garcia','F','1984-09-02','blankiss_goodnews@outlook.com',1,'0',1,NULL,5,5,NULL,'2014-08-06 14:34:38','MEX',NULL,5,2548,10,'1',700,'Martinez',0),(128609,'Felipe','Vazquez','M','1950-02-02','fvazquez@iyf.com',1,'0',1,NULL,5,4,NULL,'2014-08-06 14:36:35','MEX',NULL,12,2547,10,'1',700,'Gil',0),(128610,'Dulce Maria','Juarez','F','1960-09-02','dmjuarez@iyf.com',1,'0',1,NULL,5,4,NULL,'2014-08-06 14:38:42','MEX',NULL,5,NULL,10,'1',700,'Gonzalez',0),(128611,'Sara Eugenia','Flores','F','1966-09-04','sara_eugenia.65@hotmail.com',3,'0',1,NULL,5,4,NULL,'2014-08-06 14:40:44','MEX',NULL,12,2547,10,'1',700,'Guzman',0),(128612,'Kevyn Elias','Moedano','M','1994-04-04','isonnyb@gmail.com',1,'0',1,NULL,5,2,NULL,'2014-08-06 14:42:34','MEX',NULL,5,2548,10,'1',700,'Hernandez',0),(128613,'Nathaly','Morales','F','1997-08-09','melisa_flores@outlook.com-mx',2,'0',1,NULL,5,4,NULL,'2014-08-06 14:51:04','MEX',NULL,12,2547,10,'1',700,'Flores',0),(128614,'Mariano Ezequiel','Moedano','M','1998-09-02','memoedano@iyf.com',2,'0',1,NULL,5,1,NULL,'2014-08-06 14:53:57','MEX',NULL,5,2548,8,'1',700,'Hernandez',0),(128615,'Ana Maria','Gleason','F','1949-09-09','amgleason@iyf,com',3,'0',1,NULL,5,3,NULL,'2014-08-06 14:55:55','MEX',NULL,5,2548,10,'1',700,'Santana',0),(128616,'Fernando ','Villegas','M','1957-12-02','fervillegas21@gmail.com',3,'0',1,NULL,5,4,NULL,'2014-08-06 14:57:58','MEX',NULL,12,2547,10,'1',700,'Salas',0),(128617,'Adriana ','Rodriguez','F','1974-09-02','adriana-pspg@live.com.mx',1,'0',1,NULL,5,4,NULL,'2014-08-06 15:00:23','MEX',NULL,12,2547,10,'1',700,'Resendiz',0),(128618,'Rossana ','Castro','F','1971-09-02','castr_rossana@hotmail.com',3,'0',1,NULL,5,4,NULL,'2014-08-06 15:01:58','MEX',NULL,12,2547,10,'1',700,'Lagunes',0),(128619,'Aldo ','Valenzuela','M','1998-02-04','chokoiyf@gmail.com',2,'0',1,NULL,5,3,NULL,'2014-08-06 15:03:56','MEX',NULL,12,2547,10,'1',700,'Barbosa',0),(128620,'Erik Adrian','Cartagena','M','1996-02-03','erikcr1996@hotmail.com',3,'0',1,NULL,5,4,NULL,'2014-08-06 15:05:40','MEX',NULL,12,2547,10,'1',700,'Rodriguez',0),(128621,'Silvia','Maldonado','F','1958-09-03','silvia maldonado hez@hotmail.com',4,'0',1,NULL,5,4,NULL,'2014-08-06 15:08:20','MEX',NULL,12,2547,10,'1',700,'Hernandez',0),(128622,'Balam Ulises','Trujano','M','1991-02-02','trujano_iyf@outlook.es',3,'0',1,NULL,5,5,NULL,'2014-08-06 15:10:40','MEX',NULL,12,2547,10,'1',700,'De La Cruz',0),(128623,'Onesimo','Cartagena','M','2000-02-02','rodriguezonec@hotmail.com',1,'0',1,NULL,5,4,NULL,'2014-08-06 15:15:48','MEX',NULL,12,2547,10,'1',700,'Rodriguez',0),(128624,'Gloria','Dominguez','F','1980-09-02','nijor2721@hotmail.com',3,'0',1,NULL,5,4,NULL,'2014-08-06 15:17:42','MEX',NULL,12,2547,10,'1',700,'Rossell',0),(128625,'Karen','Nochebuena','F','1998-02-02','knj_nochebuena@hotmail.com',2,'0',1,NULL,5,4,NULL,'2014-08-06 15:19:17','MEX',NULL,12,2547,10,'1',700,'Jimenez',0),(128626,'Marla','Marrun','F','1979-02-02','marlamarrun@hotmail.com',2,'0',1,NULL,5,4,NULL,'2014-08-06 15:20:52','MEX',NULL,12,2547,10,'1',700,'Maldonado',0),(128627,'Carlos','Prior','M','1984-09-02','priorinc@hotmail.com',3,'0',1,NULL,5,4,NULL,'2014-08-06 15:22:51','MEX',NULL,12,2547,10,'1',700,'Hernandez',0),(128628,'Angel','Nochebuena','M','1967-02-02','nochenoca@hotmail.com',3,'0',1,NULL,5,5,NULL,'2014-08-06 15:26:08','MEX',NULL,12,2547,10,'1',700,'Cruz',0),(128629,'Alejandro','Muñoz','M','1998-02-02','alejandrithomunozz@gmail.com',2,'0',1,NULL,5,4,NULL,'2014-08-06 15:27:35','MEX',NULL,12,2547,10,'1',700,'Ortiz',0),(128630,'Brenda Denise','Garcia','F','1995-09-03','follybren95@gmail.com',2,'0',1,NULL,5,1,NULL,'2014-08-06 15:29:18','MEX',NULL,1,3590,4,'0',350,'Marquez',0),(128631,'Leonardo','Saul','M','2000-11-02','xxpanervxx360@hotmail.com',1,'1',1,NULL,5,4,NULL,'2014-08-06 15:32:58','MEX',NULL,3,2546,8,'1',700,'Alonso',0),(128632,'Isai','Tellez','M','1998-02-02','isai_chivas15@hotmail.com',2,'1',1,NULL,5,4,NULL,'2014-08-06 15:34:33','MEX',NULL,3,2546,10,'1',700,'Diaz',0),(128633,'Edith Sarai','Marquez','F','1997-02-02','edith9705@hotmail.com',2,'0',1,NULL,5,1,NULL,'2014-08-06 15:36:08','MEX',NULL,1,3583,2,'1',700,'Vargas',0),(128634,'Monica','Perez','F','1977-02-02','mperez@iyf.com',1,'0',1,NULL,5,3,NULL,'2014-08-06 15:38:04','MEX',NULL,3,2529,10,'1',700,'Rodriguez',0),(128635,'Brenda Ivette','Rosales','F','1992-04-04','europa_ivette@hotmail.com',3,'1',1,NULL,5,5,NULL,'2014-08-06 15:39:32','MEX',NULL,3,2546,10,'1',700,'Santiago',0),(128636,'Marisela','Alonso','F','1977-02-02','isha_0405@hotmail.com',2,'0',1,NULL,5,5,NULL,'2014-08-06 15:41:49','MEX',NULL,3,2546,10,'1',700,'Flores',0),(128637,'Guadalupe Itzayana','Zacapala','F','1995-09-09','gzacapala@iyf.com',2,'1',1,NULL,5,3,NULL,'2014-08-06 15:49:10','MEX',NULL,3,2525,10,'1',700,'Gonzales',0),(128638,'Sara ','Zacapala','F','1996-02-02','szacapala@iyf.com',2,'1',1,NULL,5,3,NULL,'2014-08-06 15:51:13','MEX',NULL,3,2525,10,'1',700,'Gonzales',0),(128639,'Marycruz','Jimenez','F','1992-02-02','mjimenez@iyf.com',3,'1',1,NULL,5,2,NULL,'2014-08-08 20:12:45','MEX',NULL,1,3588,10,'1',700,'Perez',0),(128640,'Celia','Ordoñes','F','1967-02-02','cordoñes@iyf.com',2,'0',1,NULL,5,3,NULL,'2014-08-08 20:25:27','MEX',NULL,2,NULL,10,'1',700,'tellez',0),(128641,'Maria Santos','Cortes','F','1972-02-02','mcortes@iyf.com',1,'0',1,NULL,5,4,NULL,'2014-08-08 20:35:10','MEX',NULL,2,NULL,10,'1',700,'Clemente',0),(128642,'Sonia','Anaya','F','1990-02-02','sanaya@iyf.com',2,'0',1,NULL,5,4,NULL,'2014-08-08 20:40:26','MEX',NULL,2,NULL,10,'1',700,'Modesto',0),(128643,'Cristopher ','Leon','M','1984-02-02','cleon@iyf.com',2,'0',1,NULL,5,4,NULL,'2014-08-08 20:45:07','MEX',NULL,2,NULL,10,'1',700,'Gonzalez',0),(128644,'Angel','Saldaña','M','1991-02-02','asaldaña@iyf.com',3,'0',1,NULL,5,1,NULL,'2014-08-08 20:59:10','MEX',NULL,1,NULL,8,'1',700,'Valdes',0),(128645,'Yesenia','Madero','F','1997-02-02','ymadero@iyf.com',2,'0',1,NULL,5,4,NULL,'2014-08-08 21:07:55','MEX',NULL,5,NULL,2,'1',700,'Tejeda',0),(128646,'Diego Alonso','Hernandez','M','1996-02-02','DiegoAlonsohdz.k@hotmail.com',2,'0',1,NULL,5,4,NULL,'2014-08-08 21:09:45','MEX',NULL,1,3588,10,'1',700,'Kanchi',0),(128650,'Lucero ','Aguirre','F','1991-02-02','laguirre@iyf.com',3,'0',1,NULL,5,2,NULL,'2014-08-08 21:27:38','MEX',NULL,4,NULL,10,'1',700,'Escobar',0),(128651,'Maria Fernanda ','Aguirre ','F','1997-02-02','maguirre@iyf.com',2,'0',1,NULL,5,3,NULL,'2014-08-08 21:31:45','MEX',NULL,4,NULL,10,'1',700,'Escobar',0),(128653,'Antonio','Martinez','M','1966-02-02','amartinez@iyf.com',1,'0',1,NULL,5,4,NULL,'2014-08-08 21:54:28','MEX',NULL,3,NULL,10,'1',700,'Garcia',0),(128654,'Alma Delfina','Martinez','F','1998-02-02','almis_delfincito@hotmail.com',2,'0',1,NULL,5,4,NULL,'2014-08-08 21:59:39','MEX',NULL,3,NULL,10,'1',700,'Jimenez',0),(128655,'Isaias','Yong','M','1995-02-02','ceo_yse@naver.com',3,'0',1,NULL,5,4,NULL,'2014-08-08 22:07:47','MEX',NULL,3,2546,8,'1',700,'X',0),(128656,'Miriam Mahame ','Capon','F','1996-02-02','miryamcapon@hotmail.com',2,'0',1,NULL,5,3,NULL,'2014-08-08 22:14:22','MEX',NULL,1,3585,10,'0',350,'Gutierrez',0),(128657,'Angela Alejandra','Miravete','F','1996-02-02','alejandromiravete@hotmail.com',3,'0',1,NULL,5,2,NULL,'2014-08-08 22:19:37','MEX',NULL,1,NULL,2,'1',700,'Delate',0),(128658,'Daniela ','Olvera','F','1999-02-02','dov_isabel@hotmail.com',1,'0',1,NULL,5,2,NULL,'2014-08-08 22:23:45','MEX',NULL,1,3587,2,'0',350,'Vazquez',0),(128659,'Stephanie ','Lozada','F','1995-02-02','slozada@iyf.com',2,'0',1,NULL,5,1,NULL,'2014-08-08 22:32:02','MEX',NULL,1,NULL,2,'0',350,'Garcia',0),(128660,'Maria de los Angeles','Vazquez','F','1988-02-02','mvazquez@iyf.com',3,'0',1,NULL,5,1,NULL,'2014-08-08 22:37:06','MEX',NULL,1,NULL,8,'1',700,'Montes',0),(128661,'Rodrigo Adrian','Macias','M','1992-02-02','rmacias@iyf.com',3,'0',1,NULL,5,2,NULL,'2014-08-08 22:44:26','MEX',NULL,1,2515,8,'1',700,'Maldonado',0),(128662,'Hilda ','Castelan ','F','1991-02-02','hcastelan@iyf.com',2,'0',1,NULL,5,1,NULL,'2014-08-08 22:49:54','MEX',NULL,1,NULL,2,'1',700,'Castillo',0),(128663,'Maria Fernanda','Ramirez','F','1198-02-02','mramirez@iyf.com',2,'0',1,NULL,5,1,NULL,'2014-08-08 22:53:42','MEX',NULL,1,NULL,8,'0',350,'Peniche',0),(128664,'Jessica Berenice','Cardoza','F','1995-02-02','jessiprinces1234@hotmail.com',2,'0',1,NULL,5,1,NULL,'2014-08-08 22:57:08','MEX',NULL,1,2544,1,'1',700,'Cardoza',0),(128665,'Veronica Aline ','Gomez','F','1992-02-02','vero.pk@hotmail.com',3,'0',1,NULL,5,1,NULL,'2014-08-08 23:00:18','MEX',NULL,5,2548,1,'1',700,'Dominguez',0),(128666,'Nayeli Arely','Avila','F','1986-02-02','arc_fraise@hormail.com',2,'0',1,NULL,5,4,NULL,'2014-08-08 23:05:49','MEX',NULL,2,NULL,10,'1',700,'Avila',0),(128667,'Fabiola','Porquillo','F','1994-09-02','fabiiola.pr@gmail.com',3,'0',1,NULL,5,1,NULL,'2014-08-09 16:23:21','MEX',NULL,8,2670,1,'1',700,'Ramos',0),(128668,'Hyodong','Im','M','1991-02-03','feichangle@naver.com',3,'0',1,NULL,5,4,NULL,'2014-08-09 16:31:14','MEX',NULL,11,2534,8,'1',700,'',0),(128669,'Javier Armando','Torres','M','1982-09-03','jatorres@iyf.com',1,'0',1,NULL,5,3,NULL,'2014-08-09 16:35:50','MEX',NULL,5,2548,10,'1',700,'Ornelas',0),(128670,'Nanci','Bautista','F','1967-09-02','nancy_bautista10@hotmail.com',4,'0',1,NULL,5,1,NULL,'2014-08-09 16:38:08','MEX',NULL,5,2548,8,'0',350,'Hernandez',0),(128671,'Martha','Villaverde','F','1949-09-05','mvillaverde',3,'0',1,NULL,5,1,NULL,'2014-08-09 16:42:26','MEX',NULL,5,2548,1,'1',700,'Dominguez',0),(128672,'Leonardo','Ochoa','M','1996-09-02','lochoa@iyf.com',2,'0',1,NULL,5,1,NULL,'2014-08-09 16:49:40','MEX',NULL,5,2548,8,'1',700,'Ochoa',0),(128673,'Rebeca','RuizVelasco','F','1992-03-04','rbk_rvt-hola@hotmail.com',3,'0',1,NULL,5,1,NULL,'2014-08-09 16:57:12','MEX',NULL,5,2548,1,'1',700,'Trujillo',0),(128674,'Levi Emmanuel','Perez','M','2001-09-08','leperez@iyf.com',1,'0',1,NULL,5,2,NULL,'2014-08-09 17:03:17','MEX',NULL,5,NULL,8,'1',700,'Perez',0),(128675,'Alejandra','Nochebuena','F','1996-09-02','alexnochep@hotmail.com',2,'0',1,NULL,5,1,NULL,'2014-08-09 17:06:02','MEX',NULL,5,2548,1,'1',700,'Ponce',0),(128676,'Isai Francisco','Perez','M','1995-02-03','ifperez@iyf.com',2,'0',1,NULL,5,3,NULL,'2014-08-09 17:08:01','MEX',NULL,5,2548,1,'1',700,'Juarez',0),(128677,'Maria Fernanda','Piñon','F','1998-02-03','fer_300797@live.com.mx',2,'0',1,NULL,5,1,NULL,'2014-08-09 17:09:59','MEX',NULL,5,2529,8,'1',700,'Garcia',0),(128678,'Carlos','Lopez','M','1950-04-03','clopez@iyf.com',1,'0',1,NULL,5,3,NULL,'2014-08-09 17:12:06','MEX',NULL,5,2548,10,'0',350,'Lugo',0),(128679,'Ma.del Rosario','Garcia','F','1962-09-03','rosariotonix@prodigy.net.mx',4,'0',1,NULL,5,2,NULL,'2014-08-09 17:15:17','MEX',NULL,5,2551,8,'1',700,'Tonix',0),(128680,'Jakeline','Trejo','F','1992-03-04','jarukitaa@gmail.com',3,'0',1,NULL,5,1,NULL,'2014-08-09 17:22:10','MEX',NULL,10,NULL,7,'1',700,'',0),(128681,'Sandra Luz','Espinosa','F','1974-09-03','sespinosa@iyf.com',1,'0',1,NULL,5,1,NULL,'2014-08-09 17:25:19','MEX',NULL,5,2548,10,'1',700,'Mejia',0),(128682,'Noel Isaac','Lopez','M','1985-04-04','isak_lopez@hotmail.com',3,'0',1,NULL,5,4,NULL,'2014-08-09 17:28:05','MEX',NULL,5,2548,10,'1',700,'Vera',0),(128683,'Maria Fernanda','Aguirre ','F','1997-09-03','kimkibum_2309@hotmail.com',2,'0',1,NULL,5,4,NULL,'2014-08-09 17:30:14','MEX',NULL,4,NULL,8,'1',700,'Escobar',0),(128684,'Maria Teresa','Rangel','F','1986-09-09','tshalom_7@hotmail.com',2,'0',1,NULL,5,4,NULL,'2014-08-09 17:35:44','MEX',NULL,10,2521,10,'1',700,'Guerrero',0),(128685,'Albino ','Aguirre','F','1963-03-04','profralb@hotmail.com',2,'0',1,NULL,5,1,NULL,'2014-08-09 17:38:06','MEX',NULL,4,NULL,8,'1',700,'Torres',0),(128686,'Maria Clara','Escobar','F','1969-02-03','clarenero@hotmail.com',1,'0',1,NULL,5,1,NULL,'2014-08-09 17:41:14','MEX',NULL,4,NULL,8,'1',700,'Antonio',0),(128687,'Marisol','Campos','F','1991-09-02','sopa_sun4@hotmail.com',3,'0',1,NULL,5,1,NULL,'2014-08-09 17:43:03','MEX',NULL,1,3587,2,'1',700,'Garcia',0),(128688,'Leticia','Iniesta','F','1995-09-03','lety_hsmlove@hotmail.com',3,'0',1,NULL,5,3,NULL,'2014-08-09 17:45:13','MEX',NULL,1,3586,8,'1',700,'Silva',0),(128689,'David ','Zuñiga','M','1996-09-02','malabarizate@gmail.com',2,'0',1,NULL,5,1,NULL,'2014-08-09 17:48:58','MEX',NULL,3,2529,2,'0',350,'Ibarra',0),(128690,'Natzari Anahi','Ramos','F','1999-09-03','natzarimariposa@hotmail.com',1,'0',1,NULL,5,1,NULL,'2014-08-09 17:56:55','MEX',NULL,1,2517,10,'1',700,'Badillo',0),(128691,'Yareni Susana ','Ramos','F','2001-09-02','susyabejita@hotmail.com',1,'0',1,NULL,5,1,NULL,'2014-08-09 18:02:44','MEX',NULL,1,2517,10,'1',700,'Badillo',0),(128692,'Jessica','Pool','F','1991-06-27','jessica_poolm@hotmail.com',3,'0',1,NULL,5,1,NULL,'2014-08-09 18:07:18','MEX',NULL,7,2523,2,'1',700,'Marquez',0),(128693,'Sandra','Garcia','F','1985-09-03','mora_1145@hormail.com',2,'0',1,NULL,5,4,NULL,'2014-08-09 18:10:59','MEX',NULL,5,2548,10,'1',700,'Jimenez',0),(128694,'Veronica','Perez','F','1975-09-02','basti714@yahoo.com',1,'0',1,NULL,5,4,NULL,'2014-08-09 18:17:51','MEX',NULL,5,2548,10,'1',700,'Cruz',0),(128695,'Victor Manuel','Piña','M','1999-09-02','juggertito@hotmail.com',2,'0',1,NULL,5,2,NULL,'2014-08-09 18:35:08','MEX',NULL,12,2622,8,'1',700,'Asuncion',0),(128696,'Asalia','Arellanes','F','1992-05-14','azalia.arellanesarmenta',3,'0',1,NULL,5,1,NULL,'2014-08-09 18:38:56','MEX',NULL,1,2559,5,'1',700,'Armenta',0),(128697,'Sandra Abigail','Sanroman','F','1994-09-03','marback_23@hotmail.com',3,'0',1,NULL,5,1,NULL,'2014-08-09 18:38:56','MEX',NULL,8,2518,8,'1',700,'Saucedo',0),(128698,'Ruth','Sanroman','F','1998-02-03','rsanroman@iyf.com',1,'0',1,NULL,5,1,NULL,'2014-08-09 18:45:59','MEX',NULL,8,2518,8,'1',700,'Saucedo',0),(128699,'Blanca Valeria','Monrroy','F','1996-09-03','blareria_monroycullen@hotmail.com',2,'1',1,NULL,5,1,NULL,'2014-08-09 18:48:13','MEX',NULL,8,2518,8,'1',700,'Cruz',0),(128700,'Liliana Veronica','Vega ','F','1990-02-07','lilyvega.21@hotmail.com',3,'0',1,NULL,5,1,NULL,'2014-08-09 18:48:17','MEX',NULL,1,2559,5,'1',700,'Salmeron',0),(128701,'Maria Fernanda','Vera','F','1992-09-02','limpbizkit_92@hotmail.com',3,'1',1,NULL,5,1,NULL,'2014-08-09 18:50:15','MEX',NULL,1,3582,8,'1',700,'Mergruen',0),(128702,'Cesar','Perez','M','1993-09-03','raganarock616@gmail.com',3,'1',1,NULL,5,2,NULL,'2014-08-09 18:52:17','MEX',NULL,2,2578,8,'1',700,'Ordoñes',0),(128703,'Lisandra','Mc Pherson','F','1992-07-27','imagina_lulu@hotmail.com',3,'1',1,NULL,5,3,NULL,'2014-08-09 18:52:43','MEX',NULL,1,2546,8,'1',700,'Campos',0),(128704,'Imelda','Madero','F','1968-12-23','Sin email',2,'0',1,NULL,5,3,NULL,'2014-08-09 18:57:55','MEX',NULL,3,2546,10,'1',700,'Tejeda',0),(128705,'Reynol','Rosales','M','1967-06-22','rrosales',1,'0',1,NULL,5,3,NULL,'2014-08-09 19:03:11','MEX',NULL,3,2546,10,'1',700,'San Agustin',0),(128706,'Imelda','Rosales','F','1996-05-03','irosales@iyf.com',2,'0',1,NULL,5,3,NULL,'2014-08-09 19:08:46','MEX',NULL,3,2546,10,'1',700,'Madero',0),(128707,'Remis','Rosales','M','1990-01-26','rrosales@iyf.com',3,'0',1,NULL,5,3,NULL,'2014-08-09 19:12:30','MEX',NULL,3,2546,10,'1',700,'Madero',0),(128708,'Paulina','Alvarez','F','1988-04-12','tuli_pau@hotmail.com',3,'0',1,NULL,5,1,NULL,'2014-08-09 19:17:14','MEX',NULL,1,2559,8,'1',700,'Corrales',0),(128709,'Pamela','Muñoz','F','1988-07-02','pamela24115@hotmail.com',3,'0',1,NULL,5,1,NULL,'2014-08-09 19:29:06','MEX',NULL,1,3585,10,'1',700,'Hernandez',0),(128710,'Yarely','Dominguez','F','1996-04-23','yare_DIOS.tkmnlo@hotmail.com',2,'0',1,NULL,5,4,NULL,'2014-08-09 19:34:40','MEX',NULL,1,2546,2,'1',700,'Juncal',0),(128711,'Daniel Alberto','Ramirez ','M','1990-09-03','danielalbertoramirez2013@gmail.com',3,'0',1,NULL,5,1,NULL,'2014-08-09 19:38:35','MEX',NULL,1,3586,8,'1',700,'Perez',0),(128712,'Jenny Laura','Diaz ','F','1990-03-15','j.laura_dc@hotmail.com',3,'1',1,NULL,5,1,NULL,'2014-08-09 19:46:09','MEX',NULL,8,2518,1,'1',700,'Castellanos',0),(128713,'Zoar Elizabeth','Guerrero','F','1990-11-03','zege.psico@gmail.com',3,'0',1,NULL,5,2,NULL,'2014-08-09 19:52:45','MEX',NULL,1,3594,2,'0',350,'Estrada',0),(128714,'Martha Maria','Figueroa ','F','1990-08-04','martha.fibar@gmail.com',3,'0',1,NULL,5,2,NULL,'2014-08-09 19:58:08','MEX',NULL,11,2590,2,'1',700,'Barajas',0),(128715,'Jorge Antonio','De la Cruz','M','1982-09-29','sonidoritmoyson@gmail.com',2,'0',1,NULL,5,1,NULL,'2014-08-09 20:03:21','MEX',NULL,5,2671,2,'1',700,'Ferrer',0),(128716,'Joselyn','Nuñez','F','1992-05-06','Joss1406@hotmail.com',3,'0',1,NULL,5,1,NULL,'2014-08-09 20:06:55','MEX',NULL,1,3587,2,'1',700,'Lopez',0),(128717,'Luis Alberto','Hernandez','M','1995-02-07','lubehermo@hotmail.com',2,'0',1,NULL,5,1,NULL,'2014-08-09 20:09:40','MEX',NULL,1,2519,1,'1',700,'Morales',0),(128718,'Marcela','Hernandez','F','1990-05-08','cerezalore-bou21@hotmail.com',2,'0',1,NULL,5,1,NULL,'2014-08-09 20:13:13','MEX',NULL,8,2518,8,'1',700,'Cabrera',0),(128719,'Ana Laura','Leon','F','1995-11-07','k-irsa@hotmail.com',2,'1',1,NULL,5,1,NULL,'2014-08-09 20:17:06','MEX',NULL,8,2518,8,'1',700,'Sotero',0),(128720,'Vasthi','Garcia ','F','1990-08-24','reve_16@hotmail.com',3,'0',1,NULL,5,2,NULL,'2014-08-09 20:21:25','MEX',NULL,8,2518,8,'1',700,'Quezada',0),(128721,'Paola','Galan','F','1995-08-03','paocristal_14@hotmail.com',3,'0',1,NULL,5,1,NULL,'2014-08-09 20:28:47','MEX',NULL,8,2518,8,'1',700,'Lopez',0),(128722,'Jorge ','Zavaleta','M','1996-04-23','mikey_@hotmail.com',1,'0',1,NULL,5,1,NULL,'2014-08-09 20:31:58','MEX',NULL,8,2518,1,'1',700,'Jimenez',0),(128723,'Josue','Villalba','M','1986-01-07','jmslvillalba@hotmail.com',3,'0',1,NULL,5,1,NULL,'2014-08-09 20:35:14','MEX',NULL,8,2518,8,'1',700,'Villalba',0),(128724,'Omar','Mendez','M','1991-05-06','seokcdd@hotmail.com',1,'1',1,NULL,5,1,NULL,'2014-08-09 20:38:18','MEX',NULL,8,2518,8,'1',700,'Ceron',0),(128725,'Josue','Olarte','M','2001-09-20','saupi-239@hotmail.com',1,'0',1,NULL,5,1,NULL,'2014-08-09 20:41:06','MEX',NULL,8,2518,1,'1',700,'Figueroa',0),(128726,'Jose Ivan','Mendez ','M','1991-03-29','nocecuales182@hotmail.com',1,'0',1,NULL,5,1,NULL,'2014-08-09 20:45:46','MEX',NULL,8,2518,8,'1',700,'Pedroza',0),(128727,'Abril Arely','Ramos','F','1993-06-30','pluky-abril@hotmail.com',3,'0',1,NULL,5,1,NULL,'2014-08-09 20:50:47','MEX',NULL,8,2518,8,'1',700,'Perez',0),(128728,'Luis Amado','Tablas','M','1991-02-16','guicho_320@hotmail.com',2,'0',1,NULL,5,1,NULL,'2014-08-09 20:54:44','MEX',NULL,8,2518,8,'1',700,'De Jesus',0),(128729,'Erika','Castillo','F','1994-10-04','erikacastilloriverae@gmail.com',2,'0',1,NULL,5,3,NULL,'2014-08-09 20:58:25','MEX',NULL,8,2518,8,'1',700,'Rivera',0),(128730,'Monserrat','Vega','F','1997-02-17','rock_starstuck@hotmail.com',2,'1',1,NULL,5,1,NULL,'2014-08-09 21:02:05','MEX',NULL,1,3588,8,'1',700,'Garcia',0),(128731,'Sandra ','Paz','F','1995-08-16','miyuki_sam@hotmail.com',2,'0',1,NULL,5,1,NULL,'2014-08-09 21:05:17','MEX',NULL,1,3588,10,'1',700,'Martinez',0),(128732,'Josue','Torres','M','2000-09-27','josutorrespazarin@yahoo.com',1,'0',1,NULL,5,1,NULL,'2014-08-09 21:09:18','MEX',NULL,3,2546,1,'1',700,'Pazarin',0),(128733,'Roberto Andres','Lopez','M','1994-05-07','blackligth_29@hotmail.com',3,'0',1,NULL,5,1,NULL,'2014-08-09 21:15:04','MEX',NULL,2,NULL,8,'1',700,'Samudio',0),(128734,'Ana Karen','Silva','F','1998-02-21','ztrow1010@hotmail.com',2,'0',1,NULL,5,1,NULL,'2014-08-09 21:18:04','MEX',NULL,1,3580,1,'1',700,'Machuca',0),(128735,'Jose','Patiño ','M','1968-01-30','jose_doxxa@hotmail.com',1,'0',1,NULL,5,4,NULL,'2014-08-09 21:22:09','MEX',NULL,9,NULL,10,'1',700,'Mandujano',0),(128736,'Oliva','Martinez','F','1970-09-16','omartinez@iyf.com',1,'0',1,NULL,5,4,NULL,'2014-08-09 21:27:42','MEX',NULL,9,NULL,10,'1',700,'Perez',0),(128737,'Paulina Yareth','Patiño','F','1997-06-29','ppatiño@hotmail.com',2,'0',1,NULL,5,4,NULL,'2014-08-09 21:32:50','MEX',NULL,9,NULL,10,'1',700,'Martiez',0),(128738,'Monica','Serrano','F','1987-02-04','mserrano@iyf.com',3,'0',1,NULL,5,1,NULL,'2014-08-09 21:37:19','MEX',NULL,9,NULL,8,'1',700,'Morales',0),(128739,'Adriana','Serrano','F','1993-07-21','aserrano@hotmail.com',3,'0',1,NULL,5,1,NULL,'2014-08-09 21:42:14','MEX',NULL,9,NULL,10,'1',700,'Morales',0),(128740,'Jose Manuel','Huitron','M','2000-12-11','yo991996@hotmail.com',2,'0',1,NULL,5,1,NULL,'2014-08-09 21:46:34','MEX',NULL,1,3586,2,'1',700,'Rodriguez',0),(128741,'March','Ramirez','F','1998-10-18','mramirez1@iyf.com',2,'0',1,NULL,5,1,NULL,'2014-08-09 21:51:45','MEX',NULL,1,3590,10,'0',350,'Saucedo',0),(128742,'Aimee Aketzalli','Mervo ','F','2002-06-15','AMervo@iyf.com',1,'0',1,NULL,5,1,NULL,'2014-08-09 21:55:57','MEX',NULL,1,NULL,10,'0',350,'Ortega',0),(128743,'Johan Alexis','Zaldivar ','M','2000-04-21','adnilkrys@yahoo.com.mx',1,'0',1,NULL,5,1,NULL,'2014-08-09 21:59:39','MEX',NULL,1,3590,10,'0',350,'Perez',0),(128744,'Angelica','Mondragon','F','1995-10-20','amondragon@iyf.com',2,'0',1,NULL,5,1,NULL,'2014-08-09 22:03:25','MEX',NULL,9,NULL,2,'1',700,'Ramirez',0),(128745,'Rodrigo','Ortiz ','M','1997-02-03','ederman@live.com',2,'0',1,NULL,5,1,NULL,'2014-08-09 22:06:34','MEX',NULL,1,2601,1,'0',350,'Sanchez',0),(128746,'Lilia ','Gonzalez','F','1973-08-30','lili.marzo2013',2,'0',1,NULL,5,4,NULL,'2014-08-09 22:11:16','MEX',NULL,9,NULL,10,'1',700,'Magaña',0),(128747,'Yuliana Carolina','Ramirez','F','2000-01-02','yramirez@iyf.com',1,'0',1,NULL,5,1,NULL,'2014-08-09 22:15:02','MEX',NULL,9,NULL,8,'1',700,'Pozas',0),(128748,'Jessica Viviana','Ramirez','F','1994-03-06','benjanitajessik@hotmail.com',3,'0',1,NULL,5,1,NULL,'2014-08-09 22:18:51','MEX',NULL,9,NULL,8,'1',700,'Pozas',0),(128749,'Jorge ','Medina','M','1995-08-28','cf.real94@hotmail.com',3,'0',1,NULL,5,1,NULL,'2014-08-09 22:21:10','MEX',NULL,9,NULL,8,'1',700,'Teniente',0),(128750,'Brenda','Lopez','F','1991-02-05','zoreliita@gmail.com',2,'0',1,NULL,5,1,NULL,'2014-08-09 22:25:35','MEX',NULL,1,2517,2,'1',700,'Paulin',0),(128751,'Isaac','Ortega','M','1994-06-04','juanandort13579@gmai.com',4,'0',1,NULL,5,1,NULL,'2014-08-09 22:28:06','MEX',NULL,1,3583,10,'1',700,'Martinez',0),(128752,'Krystal','Lopez','F','0000-00-00','klopez@iyf.com',2,'0',1,NULL,5,1,NULL,'2014-08-09 22:31:27','MEX',NULL,1,2517,2,'1',700,'Paulin',0),(128753,'Mario','Orozco','M','1993-10-23','biohazard_crack@hotmail.com',3,'0',1,NULL,5,1,NULL,'2014-08-09 22:34:40','MEX',NULL,1,2546,8,'1',700,'Gutierrez',0),(128754,'Sergio Alberto','Fernandez','M','1993-11-01','listyery_fp@hotmail.com',2,'0',1,NULL,5,1,NULL,'2014-08-09 22:38:20','MEX',NULL,1,3590,2,'1',700,'Perez',0),(128755,'Lourdes María','Ponce de Leon','F','2000-04-14','vesurez@yahoo.com',1,'0',1,NULL,5,1,NULL,'2014-08-09 22:42:11','MEX',NULL,1,3582,10,'0',350,'Barrios',0),(128756,'Aketzalli','Montiel','F','1993-01-08','aket_107rod@hotmail.com',3,'0',1,NULL,5,1,NULL,'2014-08-09 22:45:58','MEX',NULL,1,3586,8,'1',700,'Quevedo',0),(128757,'Aracely ','Ramos ','F','1992-12-04','somar_odaicerp@hotmail.com',3,'0',1,NULL,5,2,NULL,'2014-08-09 22:50:19','MEX',NULL,6,2516,8,'1',700,'Preciado',0),(128758,'Luis Javier','Lozano','M','1988-11-25','wuissiyf@gmail.com',3,'0',1,NULL,5,4,NULL,'2014-08-09 22:53:52','MEX',NULL,6,2516,10,'1',700,'Cruz',0),(128759,'Amparo','Ramirez ','F','1992-03-05','ztharpalil_pinq@hotmail.com',3,'0',1,NULL,5,1,NULL,'2014-08-09 22:59:32','MEX',NULL,3,2546,10,'1',700,'Durand',0),(128760,'Noemi Celina','Perez','F','1992-02-07','noemi.celina@outlook.com',3,'0',1,NULL,5,1,NULL,'2014-08-09 23:02:58','MEX',NULL,3,2546,10,'1',700,'Verastegui',0),(128761,'Susana','Rojas','F','0000-00-00','zuzana_rr4993@hotmail.com',3,'0',1,NULL,5,1,NULL,'2014-08-09 23:21:28','MEX',NULL,1,2525,10,'1',700,'Ramirez',0),(128762,'Araceli Rocio','Arroyo','F','1976-05-03','aarroyo@iyf.com',1,'0',1,NULL,5,1,NULL,'2014-08-09 23:24:42','MEX',NULL,5,2548,10,'1',700,'Marquez',0),(128763,'Mauricio ','Del Villar','M','1997-05-08','mdelvillar@iyf.com',2,'0',1,NULL,5,1,NULL,'2014-08-09 23:27:52','MEX',NULL,5,2548,10,'1',700,'Arroyo',0),(128764,'Lucero','Hernandez','F','1999-02-09','luzeritolucero@outlook.es',1,'0',1,NULL,5,1,NULL,'2014-08-09 23:31:31','MEX',NULL,5,NULL,10,'1',700,'Christen',0),(128765,'Elizabeth','Serrato','F','1993-02-18','eliz_sp7@hotmail.com',3,'1',1,NULL,5,1,NULL,'2014-08-09 23:37:35','MEX',NULL,10,2538,10,'1',700,'Palencia',0),(128766,'Gina Itzel','Garcia ','F','1994-11-30','ginai_gpinello123@hotmail.com',3,'0',1,NULL,5,1,NULL,'2014-08-09 23:51:13','MEX',NULL,1,3594,10,'1',700,'Pinello',0),(128767,'Abigail','Moreles','F','1996-09-25','quijanoabi@hotmail.com',2,'0',1,NULL,5,1,NULL,'2014-08-09 23:54:06','MEX',NULL,1,3588,1,'1',700,'Quijano',0),(128768,'Monica ','Peralta','F','1995-08-30','moni30951891@hotmail.com',2,'0',1,NULL,5,1,NULL,'2014-08-09 23:59:39','MEX',NULL,1,3582,2,'1',700,'Torres',0),(128769,'Miriam Monserrat','Cruz','F','1999-03-06','yose270@hotmail.com',2,'0',1,NULL,5,1,NULL,'2014-08-11 22:16:17','MEX',NULL,1,3585,8,'1',700,'Palomera',0),(128770,'Oscar','Gonzalez','M','1989-06-23','oscargonzalezmuñoz@gmail.com',3,'0',1,NULL,5,1,NULL,'2014-08-11 22:30:16','MEX',NULL,1,3581,10,'0',350,'Muñoz',0),(128771,'Nancy Patricia','Soriano','F','1981-11-06','smnp81@hotmail.com',3,'0',1,NULL,5,1,NULL,'2014-08-11 22:39:30','MEX',NULL,5,NULL,2,'1',700,'Mancilla',0),(128772,'Atenas Fernanda Dhearlleane','Lara','F','1993-06-16','fer1308_priincezZ-hp@hotmail.com',3,'0',1,NULL,5,1,NULL,'2014-08-11 22:52:40','MEX',NULL,11,2534,2,'1',700,'Barrios',0),(128773,'Montserrat Carolina','Perez','F','1998-11-12','children95@hotmail.com',2,'0',1,NULL,5,1,NULL,'2014-08-11 23:34:08','MEX',NULL,1,3586,1,'1',700,'Torralba',0),(128774,'Ana María','Muñoz','F','1995-07-08','annieamoon7@gmail.com',2,'0',1,NULL,5,1,NULL,'2014-08-11 23:43:40','MEX',NULL,1,3592,8,'0',350,'Veloza',0),(128775,'Juan','Francisco','M','1990-12-11','fco.amb@gmail.com',3,'0',1,NULL,5,1,NULL,'2014-08-11 23:55:04','MEX',NULL,1,3583,2,'0',350,'Ambrosio',0),(128776,'Dalis','Reyes','F','1995-03-10','sopiepussicat@live.com.mx',3,'0',1,NULL,5,2,NULL,'2014-08-11 23:58:42','MEX',NULL,11,2534,2,'1',700,'Palma',0),(128777,'Margarita','Rivera','M','0000-00-00','x',1,'1',1,NULL,5,4,NULL,'2014-08-12 00:00:15','MEX',NULL,3,2546,10,'1',700,'Ortiz',0),(128778,'Joane Astarte','Sibran','M','0000-00-00','asibran@gmail.com',3,'0',1,NULL,5,1,NULL,'2014-08-12 00:05:56','MEX',NULL,1,3595,8,'1',700,'Perez Gomez',0),(128779,'Alejandra Jazeth','Deralta','F','1997-04-09','alex_mzzl@hotmail.com',2,'0',1,NULL,5,1,NULL,'2014-08-12 00:10:17','MEX',NULL,11,2590,8,'1',700,'Tena',0),(128780,'Sandra','Fernandez','F','0000-00-00','sandy.estrella@hotmail.com',2,'0',1,NULL,5,4,NULL,'2014-08-12 00:10:50','MEX',NULL,3,2546,10,'1',700,'Rivera',0),(128781,'Abigail','Fernandez','F','2002-12-20','abideflow2014@hotmail.com',1,'1',1,NULL,5,4,NULL,'2014-08-12 00:16:43','MEX',NULL,3,2546,10,'1',700,'Rivera',0),(128782,'JUAN JOSE','Dominguez','M','1999-05-29','john1505.jj.@hotmail.com',2,'0',1,NULL,5,1,NULL,'2014-08-12 00:22:59','MEX',NULL,12,NULL,8,'1',700,'Hernandez',0),(128783,'Marista','Hernandez','F','1979-06-09','mamimexican@hotmail.com',2,'0',1,NULL,5,1,NULL,'2014-08-12 00:30:39','MEX',NULL,12,NULL,8,'1',700,'Vazquez',0),(128784,'Oscar','Rodriguez','M','1992-08-16','oscar_r_diaz@hotmail.com',3,'0',1,NULL,5,1,NULL,'2014-08-12 00:35:38','MEX',NULL,11,NULL,8,'1',700,'Diaz',0),(128785,'Daniela','Fernandez ','F','1999-01-17','dfernandez@iyf.com',1,'0',1,NULL,5,4,NULL,'2014-08-12 00:37:44','MEX',NULL,3,2546,9,'1',700,'Rivera',0),(128786,'Jose Luis','Paniagua','M','1991-06-22','jpaniagua@iyf.com',3,'1',1,NULL,5,1,NULL,'2014-08-12 00:44:11','MEX',NULL,3,2537,8,'1',700,'Alcaraz',0),(128787,'Azucena','Gutierrez','F','1985-05-15','outofthedark775@hotmail.com',2,'0',1,NULL,5,1,NULL,'2014-08-12 00:49:04','MEX',NULL,11,NULL,1,'1',700,'Solis',0),(128788,'Veronica','Vieyra','F','1991-02-08','vero-vive@hotmail.com',3,'0',1,NULL,5,4,NULL,'2014-08-12 00:50:50','MEX',NULL,12,2547,10,'1',700,'Velazquez',0),(128789,'David','Ortega','M','2000-03-07','DavidSalcedo560@gamil.com',1,'0',1,NULL,5,3,NULL,'2014-08-12 00:59:17','MEX',NULL,11,2534,8,'1',700,'Salcedo',0),(128790,'Marco Antonio','Aristeo','M','1989-09-09','sk1py@hotmail.com',3,'0',1,NULL,5,1,NULL,'2014-08-12 01:01:45','MEX',NULL,1,3591,8,'0',350,'Gomez',0),(128791,'Pedro','Paniagua','M','1992-07-09','ppaniagua@iyf.com',1,'1',1,NULL,5,1,NULL,'2014-08-12 01:08:20','MEX',NULL,3,2537,8,'1',700,'Alcaraz',0),(128792,'Gricelda','Salcedo','F','1981-07-15','vaqueero8019@live.com.mx',2,'0',1,NULL,5,1,NULL,'2014-08-12 01:12:27','MEX',NULL,11,NULL,2,'1',700,'Vaquero',0),(128793,'Abigail Yaffa','Figueroa','F','1996-07-13','abifi784@gmail.com',2,'0',1,NULL,5,1,NULL,'2014-08-12 01:26:21','MEX',NULL,11,2590,8,'1',700,'Barajas',0),(128794,'Fabiola','Paniagua','F','1994-12-24','fpaniagua@iyf.com',3,'1',1,NULL,5,1,NULL,'2014-08-12 01:26:57','MEX',NULL,3,2537,8,'1',700,'Alcaraz',0),(128795,'Jonathan Javier','Ponce','M','1984-03-28','jonas_pn@hotmail.com',4,'0',1,NULL,5,4,NULL,'2014-08-12 01:32:48','MEX',NULL,12,2547,10,'1',700,'Navarro',0),(128796,'Andrea','Paniagua','F','1996-01-30','apaniagua@iyf.com',3,'1',1,NULL,5,1,NULL,'2014-08-12 01:37:11','MEX',NULL,3,2537,8,'1',700,'Alcaraz',0),(128797,'Eduardo','Rodriguez','M','1995-11-16','duar77@hotmail.com',3,'0',1,NULL,5,3,NULL,'2014-08-12 01:42:08','MEX',NULL,11,2534,8,'1',700,'Sosa',0),(128798,'Veronica','Paniagua','F','1998-09-13','vpaniagua@iyf.com',2,'1',1,NULL,5,1,NULL,'2014-08-12 01:56:17','MEX',NULL,3,2537,8,'1',700,'Alcaraz',0),(128799,'Jennifer','Mancilla','F','1992-11-02','kenny-jenny05@hotmail.com',2,'0',1,NULL,5,1,NULL,'2014-08-12 01:58:45','MEX',NULL,11,2590,2,'1',700,'Trevino',0),(128800,'Karla Jazmín','Paniagua','F','1999-12-11','Kpaniagua@iyf.com',1,'1',1,NULL,5,1,NULL,'2014-08-12 01:59:43','MEX',NULL,3,2537,8,'1',700,'Alcaraz',0),(128801,'Veronica','Alcaraz','F','1973-02-28','valcaraz@iyf.com',3,'1',1,NULL,5,1,NULL,'2014-08-12 02:12:38','MEX',NULL,3,2537,8,'1',700,'Perez',0),(128802,'Cesar','Hernandez','M','1983-05-10','cesarhernandez@hotmail.com',2,'1',1,NULL,5,1,NULL,'2014-08-12 02:18:32','MEX',NULL,3,2546,1,'1',700,'García',0),(128803,'Catalina','Acosta','F','1959-11-30','cacosta@iyf.com',1,'1',1,NULL,5,4,NULL,'2014-08-12 02:23:14','MEX',NULL,3,2529,10,'1',700,'Mireles',0),(128804,'Alejandra','Anaya','F','1995-09-28','aanaya@iyf.com',3,'1',1,NULL,5,4,NULL,'2014-08-12 02:28:15','MEX',NULL,3,2546,10,'1',700,'Modesto',0),(128805,'Ceila Sarai','Jimenez','F','1988-06-18','izumyaoi@hotmail.com',2,'0',1,NULL,5,2,NULL,'2014-08-12 02:28:35','MEX',NULL,11,2534,2,'1',700,'Jaimes',0),(128806,'Leonor','Modesto','F','1970-10-05','lmodesto@iyf.com',1,'1',1,NULL,5,4,NULL,'2014-08-12 02:32:46','MEX',NULL,3,2546,10,'1',700,'Cantorio',0),(128807,'Yolath karina','Hernandez','F','1995-10-05','kari_undeywrol@hotmail.com',2,'0',1,NULL,5,1,NULL,'2014-08-12 02:40:53','MEX',NULL,11,2654,NULL,'1',700,'Alvarez',0),(128808,'Lizbeth','Albarran','F','1994-05-12','lizi.29_94@hotmail.com',3,'0',1,NULL,5,1,NULL,'2014-08-12 02:41:00','MEX',NULL,3,2546,10,'1',700,'Vasquez',0),(128809,'Jorge Eduardo','Guzman','M','1993-09-21','guzman_je@outlook.com',3,'1',1,NULL,5,1,NULL,'2014-08-12 02:46:42','MEX',NULL,3,2546,10,'1',700,'Alonso',0),(128810,'Lidia Liliana','De La Cruz','F','1995-04-24','lindi_lily@hotmail.com',3,'0',1,NULL,5,1,NULL,'2014-08-12 02:47:17','MEX',NULL,1,3585,1,'1',700,'Solis',0),(128811,'Lisset','Perez ','F','1996-11-24','acuarious9@gmail.com',2,'0',1,NULL,5,1,NULL,'2014-08-12 02:53:39','MEX',NULL,1,3586,8,'1',700,'Medina',0),(128812,'Cynthia','Aguilar','F','1990-03-17','kimcynthia19@hotmail.com',3,'0',1,NULL,5,1,NULL,'2014-08-12 03:00:23','MEX',NULL,1,3587,NULL,'1',700,'Chalico',0),(128813,'Karla Vianey Isabel','Alvares ','F','1984-12-09','karlachong@gmail.com',4,'1',1,NULL,5,1,NULL,'2014-08-12 03:06:17','MEX',NULL,4,2573,8,'1',700,'Chong',0),(128814,'Norma Elizabeth','Ramírez','F','0000-00-00','nramírez@iyf.com',3,'0',1,NULL,5,4,NULL,'2014-08-12 03:12:41','MEX',NULL,6,2516,8,'1',700,'Blanco',0),(128815,'José Francisco','Vázquez','M','1949-12-09','richard_gnc@hotmail.com',3,'1',1,NULL,5,4,NULL,'2014-08-12 03:17:44','MEX',NULL,4,2573,10,'1',700,'Domínguez',0),(128816,'Graciela Josefina Gloria','Treviño','F','1963-06-14','belagato_62@hotmail.com',4,'0',1,NULL,5,1,NULL,'2014-08-12 03:17:50','MEX',NULL,11,2590,1,'1',700,'De Lara',0),(128817,'Alejandro','Herrera','M','1996-08-31','alex_hz96@hotmail.com',2,'0',1,NULL,5,1,NULL,'2014-08-12 03:22:39','MEX',NULL,4,2573,8,'0',350,'Zamora',0),(128818,'Ioonmee','Irigoy','F','1982-12-24','yirigoy@hotmail.com',3,'0',1,NULL,5,4,NULL,'2014-08-12 03:52:48','MEX',NULL,4,2573,10,'1',700,'lee',0),(128819,'Diana','Galindo','F','1994-07-13','dianagalinbar@hotmail.com',3,'0',1,NULL,5,1,NULL,'2014-08-12 04:00:11','MEX',NULL,9,NULL,10,'1',700,'Barajas',0),(128820,'Dora','Alonso','F','1959-09-09','alonsodora@hotmail.com',3,'0',1,NULL,5,1,NULL,'2014-08-12 04:05:39','MEX',NULL,6,2516,8,'1',700,'Gonzáles',0),(128821,'Damara','Cruz','F','1992-06-09','neko11.boo@hotmail.es',3,'1',1,NULL,5,1,NULL,'2014-08-12 04:09:19','MEX',NULL,4,2612,1,'1',700,'Boo',0),(128822,'Valeria ','Montaño ','F','2001-05-28','valeboo2011@hotmail.com',1,'1',1,NULL,5,1,NULL,'2014-08-12 04:14:03','MEX',NULL,4,2612,1,'1',700,'Boo',0),(128823,'Jessica Fernanda ','Escalante','F','1996-09-06','jessi_tous@hotmail.com',2,'0',1,NULL,5,1,NULL,'2014-08-12 04:18:42','MEX',NULL,1,3585,1,'1',700,'Cortez',0),(128824,'Juan Rodolfo','Garza','M','1989-04-20','rodolfogzahdz@gmail.com',3,'0',1,NULL,5,1,NULL,'2014-08-12 04:22:25','MEX',NULL,7,2552,NULL,'1',700,'Hernández',0),(128825,'Ayde','Aguilar','F','0000-00-00','lisasimpson_22@hotmail.com',2,'0',1,NULL,5,1,NULL,'2014-08-12 04:24:35','MEX',NULL,8,2518,2,'1',700,'Abriz',0),(128826,'Pablo','Reyes','M','1989-08-11','pablin_it@hotmail.com',2,'0',1,NULL,5,2,NULL,'2014-08-12 04:30:01','MEX',NULL,11,NULL,8,'1',700,'Bauitista',0),(128827,'Andrea Berenice','Pereda ','F','1995-03-12','bere_deathnote@live.com',2,'0',1,NULL,5,1,NULL,'2014-08-12 04:38:55','MEX',NULL,9,NULL,8,'1',700,'Guzmán',0),(128828,'Rodrigo Ulises','Cervantes','M','1997-05-17','rodriulises@hotmail.com',2,'0',1,NULL,5,1,NULL,'2014-08-12 04:39:06','MEX',NULL,9,2536,NULL,'1',700,'Uribe',0),(128829,'Francisco Javier','Garcia','M','1976-03-12','reivajfgogmez@icloud.com.mx',2,'0',1,NULL,5,1,NULL,'2014-08-12 04:45:48','MEX',NULL,2,NULL,8,'1',700,'Gomes',0),(128830,'Ariadna Neftalhy','Barragan','F','1998-07-01','mirandjoss@hotmail.com',2,'0',1,NULL,5,1,NULL,'2014-08-12 04:48:21','MEX',NULL,11,2534,8,'1',700,'Rodriguez',0),(128831,'Maria Eugenia','Gomez','F','1957-07-17','mgomez@iyf.com',1,'0',1,NULL,5,1,NULL,'2014-08-12 04:54:20','MEX',NULL,2,NULL,8,'1',700,'Alvarez',0),(128832,'Jesus Ernesto','Morales','M','1974-09-15','balamjemm101@hotmail.com',3,'0',1,NULL,5,1,NULL,'2014-08-12 04:56:01','MEX',NULL,12,2547,NULL,'1',700,'Molina',0),(128833,'Alejandra','Fregoso','F','1980-12-31','afregoso1122@yahoo.com.mx',3,'0',1,NULL,5,1,NULL,'2014-08-12 04:58:39','MEX',NULL,1,3593,2,'1',700,'Fregoso',0),(128834,'Alejandro','Ramirez','M','1988-04-15','alexnew1@live.com.mx',3,'0',1,NULL,5,NULL,NULL,'2014-08-12 05:02:20','MEX',NULL,1,2588,10,'1',700,'Nuñez',0),(128835,'Patricia','Mendoza','F','1996-12-07','yumiami',2,'0',1,NULL,5,4,NULL,'2014-08-12 05:03:50','MEX',NULL,1,3585,10,'1',700,'Solis',0),(128836,'Lesly Diana','Morales','F','1995-08-13','leszzly@hotmail.com',3,'1',1,NULL,5,1,NULL,'2014-08-12 05:07:24','MEX',NULL,4,2573,8,'1',700,'Salazar',0),(128837,'Mildred Yaressi','Gómez','F','1988-07-04','haru8_8@hotmail.com',1,'0',1,NULL,5,1,NULL,'2014-08-12 05:07:46','MEX',NULL,9,NULL,2,'1',700,'Piña',0),(128838,'Sagrario Isabel','Miranda','F','1991-09-23','izzie_ichbinglucklich@hotmail.com',3,'0',1,NULL,5,2,NULL,'2014-08-12 05:13:36','MEX',NULL,6,2524,2,'1',700,'Baéz',0),(128839,'Ruben','Mancilla','M','2000-12-03','phosquitolag@gmail.com',1,'0',1,NULL,5,1,NULL,'2014-08-12 05:16:44','MEX',NULL,5,2548,1,'1',700,'Guadarrama',0),(128840,'Cecilia','Garduño','F','1991-08-12','secreto-911@hotmail.com',3,'0',1,NULL,5,1,NULL,'2014-08-12 05:24:06','MEX',NULL,11,NULL,2,'1',700,'Rocha',0),(128841,' Laura Ixchel','Juarez ','F','1995-05-16','alaixch@hotmail.com',2,'1',1,NULL,5,1,NULL,'2014-08-12 05:25:43','MEX',NULL,1,3589,8,'1',700,'Cortez',0),(128842,'Julio Cesar ','Retana','M','1995-04-12','pormisfans@gmail.com',3,'0',1,NULL,5,1,NULL,'2014-08-12 05:29:13','MEX',NULL,1,3591,2,'1',700,'García',0),(128843,'Ingrid Janeth ','Carrera ','F','1994-07-17','ingrid.118@hotmail.com',3,'1',1,NULL,5,1,NULL,'2014-08-12 05:32:47','MEX',NULL,4,2573,8,'1',700,'Herrera',0),(128844,'Cesia Elisa','Puentes ','F','1993-04-06','ces.noyola@gmail.com',3,'0',1,NULL,5,1,NULL,'2014-08-12 05:34:02','MEX',NULL,11,NULL,2,'1',700,'Noyola',0),(128845,'Jose Javier','Salazar','M','2001-03-16','guerito1903@gmail.com',1,'0',1,NULL,5,1,NULL,'2014-08-12 14:03:44','MEX',NULL,12,2547,NULL,'1',700,'Lara',0),(128846,'Josefina ','Camacho','F','1959-06-28','jose_cecy@hotmail.com',3,'0',1,NULL,5,1,NULL,'2014-08-12 14:05:00','MEX',NULL,9,2556,8,'1',700,'García',0),(128847,'Diana Laura','Puetes','F','1994-11-27','pins_enamorada@hotmail.com',3,'0',1,NULL,5,1,NULL,'2014-08-12 14:12:43','MEX',NULL,1,NULL,2,'1',700,'Noyola',0),(128848,'Brenda Helen','Hernández','F','1996-05-13','Brenda_morena11@hotmail.com',3,'0',1,NULL,5,1,NULL,'2014-08-12 14:33:36','MEX',NULL,6,2527,2,'1',700,'López',0),(128849,'Sara Yeshika','Galván','F','1994-09-12','barbie_de_plastico@hotmail.com',3,'0',1,NULL,5,1,NULL,'2014-08-12 14:33:38','MEX',NULL,5,2551,1,'1',700,'Herrera',0),(128850,'Luis Alberto','Vargas','M','1990-06-24','mateoedenred@hotmail.com',3,'0',1,NULL,5,1,NULL,'2014-08-12 14:41:20','MEX',NULL,1,3580,1,'0',350,'Cruz',0),(128851,'Daniela','lópez','F','1993-02-09','dani_marin@live.com.mx',3,'0',1,NULL,5,1,NULL,'2014-08-12 14:46:34','MEX',NULL,6,2522,4,'1',700,'Juárez',0),(128852,'Tessa Giselle','Sarmiento','F','1996-11-02','tessa_jonas@hotmail.com',2,'1',1,NULL,5,3,NULL,'2014-08-12 14:50:19','MEX',NULL,4,2573,8,'1',700,'Vázquez',0),(128853,'Gilberto Julian','De la Orta','M','1986-09-18','adlemi_dan@hotmail.com',3,'0',1,NULL,5,4,NULL,'2014-08-12 14:53:02','MEX',NULL,7,2542,10,'1',700,'Hernandez',0),(128854,'Sofia','Gómez','F','1956-07-08','sgomez@iyf.com',3,'0',1,NULL,5,4,NULL,'2014-08-12 14:54:07','MEX',NULL,1,3588,1,'0',350,'Masariegoz',0),(128855,'Olga Libia','Rubio ','M','1990-09-09','olga_rubio43@hotmail.com',3,'0',1,NULL,5,4,NULL,'2014-08-12 14:59:02','MEX',NULL,7,2533,10,'1',700,'Camacho',0),(128856,'Natlia de Jesús','Cordova','F','1994-09-15','naty_19_2994@hotmail.com',3,'0',1,NULL,5,1,NULL,'2014-08-12 15:00:21','MEX',NULL,4,2573,8,'1',700,'Aniceto',0),(128857,'Leidy Cecilia','Reyes','F','1993-07-11','lei_1693@hotmail.com',3,'0',1,NULL,5,2,NULL,'2014-08-12 15:07:50','MEX',NULL,7,2568,8,'1',700,'Garcia',0),(128858,'Guillermo David','Cruz','M','1997-07-01','david_9702@hotmail.com',2,'0',1,NULL,5,1,NULL,'2014-08-12 15:10:20','MEX',NULL,7,2533,1,'1',700,'Hoyuela',0),(128859,'Edgar Moises','Avilez','M','1991-07-09','moy_138@hotmail.com',3,'0',1,NULL,5,3,NULL,'2014-08-12 15:11:56','MEX',NULL,7,2523,8,'0',350,'Bueno',0),(128860,'Vania Haruko','García de la Cadena','F','1995-08-24','chibichibi_ichigo_kraehe@hotmail.com',3,'0',1,NULL,5,3,NULL,'2014-08-12 15:13:51','MEX',NULL,1,3593,10,'1',700,'Granados',0),(128861,'Brenda Lizeth','Alvarez','F','1994-09-06','brenn0693@hotmail.com',2,'0',1,NULL,5,3,NULL,'2014-08-12 15:17:09','MEX',NULL,7,2579,8,'1',700,'Camacho',0),(128862,'Irvin Arturo','Orea','M','1996-03-02','irvinorea1@mail.com',3,'0',1,NULL,5,1,NULL,'2014-08-12 15:21:26','MEX',NULL,8,2518,8,'1',700,'Sanchez',0),(128863,'Alejandra ','Villarreal','F','1988-07-04','alejandra.villarreal90@hotmail.com',2,'0',1,NULL,5,2,NULL,'2014-08-12 15:21:40','MEX',NULL,7,2533,8,'1',700,'Rodriguez',0),(128864,'Martin Eduardo','Mateos','M','1995-02-03','martin.mateos.05@gmail.com',3,'0',1,NULL,5,1,NULL,'2014-08-12 15:26:04','MEX',NULL,8,2518,8,'1',700,'Tapia',0),(128865,'Constanza Abigail','Almeida','F','1992-12-09','abbigail_12@hotmail.com',2,'1',1,NULL,5,1,NULL,'2014-08-12 15:27:11','MEX',NULL,1,3588,1,'1',700,'Alcántara',0),(128866,'Jazmin Itzel','Valdes','F','1993-04-16','sebas_m_martinez@hotmail.com',2,'1',1,NULL,5,4,NULL,'2014-08-12 15:27:13','MEX',NULL,1,3583,8,'1',700,'Lopez',0),(128867,'Raul','Medina','M','1998-09-23','patito_medina@hotmail.com',2,'0',1,NULL,5,1,NULL,'2014-08-12 15:30:33','MEX',NULL,5,2551,10,'0',350,'Perez',0),(128868,'Lucia Esmeralda','Perez','F','1994-05-07','lucecita_laza@hotmail.com',3,'0',1,NULL,5,2,NULL,'2014-08-12 15:30:59','MEX',NULL,8,2518,8,'1',700,'Tellez',0),(128869,'Elidia Estefania','Barrientos','F','1990-10-30','elywelling_1734@hotmail.com',3,'0',1,NULL,5,3,NULL,'2014-08-12 15:34:47','MEX',NULL,7,2542,8,'1',700,'Mendoza',0),(128870,'José Eduardo','Castillero','M','1998-09-30','ozukakun@hotmail.com',3,'0',1,NULL,5,1,NULL,'2014-08-12 15:38:44','MEX',NULL,1,3580,8,'0',350,'Sánchez',0),(128871,'Junhyun','Park','M','1971-01-15','jpark@iyf.com',3,'0',1,NULL,5,4,NULL,'2014-08-12 15:43:46','COL',NULL,10,2257,10,'1',780,'',0),(128872,'Carolina','Pérez','F','1995-06-13','nilicoco@hotmail.com',3,'1',1,NULL,5,3,NULL,'2014-08-12 15:46:02','MEX',NULL,1,3588,10,'1',700,'Niño',0),(128873,'Emma Fernanda','Govea','F','1995-07-11','ale_jsa@hotmail.com',3,'0',1,NULL,5,1,NULL,'2014-08-12 15:49:53','MEX',NULL,7,2533,1,'1',700,'Delgado',0),(128874,'John','Sancor','M','1996-12-11','kon_jonathan@hotmail.com',2,'0',1,NULL,5,1,NULL,'2014-08-12 15:52:39','MEX',NULL,1,NULL,8,'0',350,'Contreras',0),(128875,'Yeni','Perez','F','1992-08-14','yen_kp_92@hotmail.com',3,'0',1,NULL,5,1,NULL,'2014-08-12 15:54:31','MEX',NULL,1,2535,NULL,'1',700,'Avila',0),(128876,'Pamela','Alvarado','F','1991-08-09','heenim_rella@hotmail.es',3,'1',1,NULL,5,1,NULL,'2014-08-12 15:57:04','MEX',NULL,1,3593,1,'1',700,'López',0),(128877,'Jonathan','Santos','M','1996-04-12','takashi_senpai@hotmail.com',2,'1',1,NULL,5,1,NULL,'2014-08-12 15:57:44','MEX',NULL,1,3580,1,'0',350,'Contreras',0),(128878,'Ana Georgina','Moya','F','1965-12-12','geo_moya@hotmail.com',3,'0',1,NULL,5,3,NULL,'2014-08-12 16:01:09','MEX',NULL,7,2523,10,'1',700,'Gonzales',0),(128879,'Maria Fernanda','Alvarado','F','1995-09-05','fer_criss@live.com',2,'0',1,NULL,5,1,NULL,'2014-08-12 16:04:07','MEX',NULL,9,2598,1,'1',700,'Ortiz',0),(128880,'Andrea','Gómez','F','1996-12-11','amdisumin@gmail.com',3,'0',1,NULL,5,1,NULL,'2014-08-12 16:05:34','MEX',NULL,3,2572,8,'1',700,'Sampedro',0),(128881,'Juana Estefanía','Alvarado','F','1994-07-01','flor_fani_1215@hotmail.com',3,'0',1,NULL,5,1,NULL,'2014-08-12 16:09:24','MEX',NULL,9,2598,1,'1',700,'Ortiz',0),(128882,'Sayra Ichel','Ortega','F','1996-08-07','ichelcisneros@live.com',2,'1',1,NULL,5,1,NULL,'2014-08-12 16:10:41','MEX',NULL,1,3581,8,'0',350,'Massé',0),(128883,'EON','LEE','M','1990-10-03','epark@iyf.com',2,'0',1,NULL,5,4,NULL,'2014-08-12 16:12:01','COL',NULL,10,2257,10,'1',780,'',0),(128884,'Francisco Javier','Muñoz ','M','1992-10-08','gutierrez__javier@hotmail.com',2,'0',1,NULL,5,1,NULL,'2014-08-12 16:17:20','MEX',NULL,1,NULL,8,'1',700,'Gutierrez',0),(128885,'Maricela','Robles','F','1987-11-27','mr@iyf.com',4,'1',1,NULL,5,4,NULL,'2014-08-12 16:18:29','MEX',NULL,1,2586,10,'1',700,'Diaz',0),(128886,'TAEHWI','KIM','M','1993-12-26','tkim@iyf.com',2,'0',1,NULL,5,4,NULL,'2014-08-12 16:19:27','COL',NULL,10,2257,10,'1',780,'',0),(128887,'manwoo','heo','M','1995-10-08','mheo@iyf.com',2,'0',1,NULL,5,4,NULL,'2014-08-12 16:22:31','COL',NULL,10,2257,10,'1',780,'',0),(128888,'Estela','Díaz','F','1949-12-02','ediaz@iyf.com',4,'1',1,NULL,5,4,NULL,'2014-08-12 16:24:21','MEX',NULL,11,2534,10,'1',700,'Nolasco',0),(128889,'Jessica ','De la Cruz','F','1992-07-09','jessicanux15@hotmail.com',3,'0',1,NULL,5,1,NULL,'2014-08-12 16:24:39','MEX',NULL,1,2525,8,'1',700,'Muñoz',0),(128890,'RUBEN','ACUÑA','M','1967-02-13','racuña@iyf.com',2,'0',1,NULL,5,4,NULL,'2014-08-12 16:24:52','COL',NULL,10,2257,10,'1',780,'',0),(128891,'WILSON ANDRES','ACUÑA','M','1968-12-25','wacuña@iyf.com',2,'0',1,NULL,5,4,NULL,'2014-08-12 16:27:35','COL',NULL,10,2257,10,'1',780,'CUERVO',0),(128892,'Rosa María','Rivero','F','1997-08-09','roseangelj@hotmail.com',2,'0',1,NULL,5,1,NULL,'2014-08-12 16:30:08','MEX',NULL,1,2592,8,'1',700,'Tovar',0),(128893,'Bianca Itzel','García','M','1987-01-29','igarcía@iyf.com',2,'0',1,NULL,5,4,NULL,'2014-08-12 16:31:24','MEX',NULL,1,3593,10,'1',700,'Piña',0),(128894,'JUAN NICOLAS ','MARTINEZ','M','2000-03-01','jmartinez@iyf.com',1,'0',1,NULL,5,3,NULL,'2014-08-12 16:33:10','COL',NULL,10,2257,10,'1',780,'BARRAGÁN',0),(128895,'Karina','Barragan','F','1969-05-07','barragankarina@yahoo.com',4,'0',1,NULL,5,1,NULL,'2014-08-12 16:35:08','MEX',NULL,1,3581,2,'1',700,'Garduño',0),(128896,'Marilu','Alberto','F','1991-06-16','la-peke-lulu@hotmail.com',2,'0',1,NULL,5,1,NULL,'2014-08-12 16:35:17','MEX',NULL,6,2641,NULL,'1',700,'Lucas ',0),(128897,'EYDAR GIOVANNI','BERNAL','M','1964-09-10','ebernal@iyf.com',2,'0',1,NULL,5,4,NULL,'2014-08-12 16:35:59','COL',NULL,10,2257,10,'1',780,'ARANDIA',0),(128898,'Alan','García','M','1995-06-12','five_star_music@live.com',3,'0',1,NULL,5,1,NULL,'2014-08-12 16:38:51','MEX',NULL,1,2525,8,'1',700,'Salas',0),(128899,'Jose Arturo','Duque','M','1952-07-21','jduque@iyf.com',2,'0',1,NULL,5,3,NULL,'2014-08-12 16:39:09','COL',NULL,10,2257,10,'1',780,'Arenas',0),(128900,'Sidney Miguel','Almaraz','F','1995-06-17','baner_whk88@hotmail.com',2,'1',1,NULL,5,1,NULL,'2014-08-12 16:41:17','MEX',NULL,8,2518,8,'1',700,'de la Cruz',0),(128901,'Baltazar','Leon','M','1966-05-27','bleon@iyf.com',2,'0',1,NULL,5,4,NULL,'2014-08-12 16:41:18','COL',NULL,10,2257,10,'1',780,'Fuentes',0),(128902,'Oziel','Ruiz','M','1995-12-03','jack_oziel@hotmail.com',3,'0',1,NULL,5,1,NULL,'2014-08-12 16:43:56','MEX',NULL,1,3585,1,'1',700,'Martinez',0),(128903,'Jorge Eliecer','Peña','M','1966-03-08','jpeña@iyf,com',1,'0',1,NULL,5,3,NULL,'2014-08-12 16:45:34','COL',NULL,10,2257,10,'1',780,'Rondon',0),(128904,'Miguel','Martinez','M','1982-10-11','mmartinez@iyf.com',3,'0',1,NULL,5,1,NULL,'2014-08-12 16:47:36','MEX',NULL,11,2534,8,'1',700,'Mendiola',0),(128905,'Miguel Antonio','Romero','M','1986-07-24','mromero@iyf.com',3,'0',1,NULL,5,3,NULL,'2014-08-12 16:47:37','COL',NULL,10,2257,10,'1',780,'Quintero',0),(128906,'Valeria Alejandra','Magaña','F','1998-08-09','v413.akira@hotmail.com',2,'0',1,NULL,5,1,NULL,'2014-08-12 16:49:09','MEX',NULL,7,2542,8,'1',700,'Hernández',0),(128907,'Juan Camilo','Barinas','M','1997-09-25','jbarinas@iyf.com',1,'0',1,NULL,5,4,NULL,'2014-08-12 16:49:42','COL',NULL,10,2257,10,'1',780,'Camargo',0),(128908,'Johnny Alexander','Barinas','M','1995-01-10','jbarinas',1,'0',1,NULL,5,4,NULL,'2014-08-12 16:52:51','COL',NULL,10,2257,10,'1',780,'Camargo',0),(128909,'Humberto','Huerta','M','1994-07-09','Humbertodisegno@hotmail.com',3,'0',1,NULL,5,1,NULL,'2014-08-12 16:54:18','MEX',NULL,6,2516,8,'1',700,'Gutierrez',0),(128910,'Diana María','Manzanares','F','1988-09-07','diana.manzanares@csc.femsa.com.mx',3,'0',1,NULL,5,3,NULL,'2014-08-12 16:55:23','MEX',NULL,7,2581,8,'1',700,'Acuña',0),(128911,'Edwar Andres','Acuña','M','1998-11-17','eacuña@iyf.com',1,'0',1,NULL,5,4,NULL,'2014-08-12 16:56:21','COL',NULL,10,2257,10,'1',780,'Espinosa',0),(128912,'Aide Cecilia','Lozano','F','1967-04-10','alozano@iyf.com',1,'0',1,NULL,5,4,NULL,'2014-08-12 16:58:48','COL',NULL,10,2257,10,'1',780,'Lozada',0),(128913,'Linda','Sánchez','F','1992-04-23','zzonexxlee@gmail.com',3,'0',1,NULL,5,1,NULL,'2014-08-12 16:59:05','MEX',NULL,6,2524,8,'1',700,'',0),(128914,'María Esther','Hernández','F','1969-07-08','hernandezmme66@hotmail.com',3,'0',1,NULL,5,1,NULL,'2014-08-12 16:59:58','MEX',NULL,7,2542,8,'1',700,'Mendoza',0),(128915,'Sergio Alejandro','Lopez','M','1970-11-24','slopez@iyf.com',1,'0',1,NULL,5,3,NULL,'2014-08-12 17:01:00','COL',NULL,10,2257,10,'1',780,'Perez',0),(128916,'David','Caro','M','1967-08-10','dcaro@iyf.com',3,'0',1,NULL,5,3,NULL,'2014-08-12 17:03:29','COL',NULL,10,2257,10,'1',780,'Montoya',0),(128917,'María Teresa','Cabrera','F','1986-10-17','tere.mta@gmail.com',3,'0',1,NULL,5,1,NULL,'2014-08-12 17:04:04','MEX',NULL,6,2516,2,'1',700,'González',0),(128918,'Adai','Roman','F','1989-05-06','ady.romzend@gmail.com',3,'0',1,NULL,5,1,NULL,'2014-08-12 17:04:48','MEX',NULL,1,3588,1,'0',350,'Zendejas',0),(128919,'Luis ','Nuñez','M','1985-01-05','lnuñez@iyf.com',2,'0',1,NULL,5,3,NULL,'2014-08-12 17:06:08','COL',NULL,10,2257,10,'1',780,'Ariza',0),(128920,'Armando','Morales','M','1966-07-15','armaham@live.com',1,'0',1,NULL,5,1,NULL,'2014-08-12 17:07:01','MEX',NULL,12,NULL,8,'1',700,'Ayala',0),(128921,'Ashley Rosalia','Gómez','F','1996-12-12','ashleydirectioner31@hotmail.com',3,'0',1,NULL,5,1,NULL,'2014-08-12 17:08:13','MEX',NULL,6,2516,2,'1',700,'',0),(128922,'Leonardo','Nuñez','M','1981-11-23','lenuñez@iyf.com',3,'0',1,NULL,5,3,NULL,'2014-08-12 17:09:07','COL',NULL,10,2257,10,'1',780,'Ariza',0),(128923,'Jin Seon','Choi','F','1969-03-03','jchoi@iyf.com',3,'0',1,NULL,5,4,NULL,'2014-08-12 17:11:08','COL',NULL,10,2257,10,'1',780,'',0),(128924,'Valeria','Hernández ','F','1994-12-11','ibitdanetvale@yahoo.com.mx',3,'0',1,NULL,5,1,NULL,'2014-08-12 17:11:16','MEX',NULL,5,NULL,2,'1',700,'Dominguez',0),(128925,'Yeji','Jang','F','1969-03-03','yjang@iyf.com',2,'0',1,NULL,5,3,NULL,'2014-08-12 17:14:02','nul',NULL,10,NULL,10,'1',0,'',0),(128926,'Yeji','Jang','F','1969-03-03','yejang@iyf.com',2,'0',1,NULL,5,3,NULL,'2014-08-12 17:14:45','COL',NULL,10,2257,10,'1',780,'',0),(128927,'JooYoung ','Yang','M','1994-11-08','joyang@iyf.com',2,'0',1,NULL,5,4,NULL,'2014-08-12 17:19:49','COL',NULL,10,2257,10,'1',780,'',0),(128928,'Jung Hee','Park','F','1968-10-18','jupark@iyf.com',2,'0',1,NULL,5,4,NULL,'2014-08-12 17:22:11','COL',NULL,10,2257,10,'1',780,'',0),(128929,'Elvira Nahomi','Olvera','F','1994-12-11','elviranahomi@hotmail.com',3,'0',1,NULL,5,1,NULL,'2014-08-12 17:27:09','MEX',NULL,5,2548,2,'1',700,'Briones',0),(128930,'Sebastián','Angeles','M','2000-12-24','lupitacalzada@yahoo.com.mx',1,'0',1,NULL,5,1,NULL,'2014-08-12 17:30:06','MEX',NULL,3,2546,8,'1',700,'Calzada',0),(128931,'Carlos Manuel','Ovando','M','1969-03-27','covando@iyf.com',1,'0',1,NULL,5,1,NULL,'2014-08-12 17:59:09','MEX',NULL,12,2547,8,'1',700,'Cadena',0),(128932,'Mariana','Palafox','F','1995-01-28','calistomillarka@hotmail.com',2,'0',1,NULL,5,3,NULL,'2014-08-12 18:04:17','MEX',NULL,1,3583,10,'0',350,'de la Teja',0),(128933,'Laura Ixchel','Juarez ','F','1995-03-02','nyu_kiba@hotmail.com',2,'0',1,NULL,5,1,NULL,'2014-08-12 18:09:00','MEX',NULL,1,3589,8,'1',700,'Cortez',0),(128934,'Veronica Virginia','Gomez','F','1990-03-14','rada_pottervico@hotmail.com',3,'0',1,NULL,5,1,NULL,'2014-08-12 18:15:38','MEX',NULL,1,3587,8,'1',700,'Sanchez',0),(128935,'María del Rosario','González','F','1976-07-23','glezhiyf.09@hotmail.com',2,'0',1,NULL,5,3,NULL,'2014-08-12 18:21:39','MEX',NULL,11,2621,10,'1',700,'Herrera',0),(128936,'Jazmín del Rocío','Núñez','F','1991-08-25','galvenios@gmail.com',3,'0',1,NULL,5,1,NULL,'2014-08-12 18:26:49','MEX',NULL,1,3585,1,'1',700,'Elizalde',0),(128937,'Berenice Gonzales ','','F','2001-11-22','Liz_beth_glez@hotmail.com',1,'0',1,NULL,5,1,NULL,'2014-08-12 18:33:05','MEX',NULL,1,2544,8,'1',700,'Cruz',0),(128938,'Luis Hernesto','Esteves','M','1994-11-11','lesteves@iyf.com',2,'0',1,NULL,5,1,NULL,'2014-08-12 18:36:50','MEX',NULL,12,NULL,1,'1',700,'Nolasco',0),(128939,'Arisdelssy','Gonzalez','F','1994-07-12','gonzzalez.ar@hotmail.com',3,'0',1,NULL,5,1,NULL,'2014-08-12 18:36:52','MEX',NULL,1,2544,8,'1',700,'Cruz',0),(128940,'Stephanie','Pacheco','F','1996-10-20','s-fanny@hotmail.es',2,'0',1,NULL,5,2,NULL,'2014-08-12 18:43:09','MEX',NULL,5,2682,2,'1',700,'Vieyra',0),(128941,'Jina','Lim','F','1995-08-04','wlskwlsk9109@nate.com',3,'0',1,NULL,5,4,NULL,'2014-08-12 18:46:42','MEX',NULL,12,2547,8,'1',700,'',0),(128942,'Daniela','Piña','F','1999-12-03','danny1198@hotmail.com',2,'0',1,NULL,5,1,NULL,'2014-08-12 18:49:37','MEX',NULL,12,NULL,8,'1',700,'Asuncion',0),(128943,'Carlos Augusto','Arias','M','1997-05-25','cena.135@hotmail.com',2,'0',1,NULL,5,1,NULL,'2014-08-12 18:53:13','MEX',NULL,12,NULL,8,'1',700,'Morales',0),(128944,'Martha','Romero','F','1958-03-05','maromero@iyf.com',2,'0',1,NULL,5,1,NULL,'2014-08-12 19:36:52','COL',NULL,10,2257,10,'1',780,'Lozano',0),(128945,'Deicy Johanna ','Cardenas','F','1990-06-21','dcardenas@iyf.com',2,'0',1,NULL,5,4,NULL,'2014-08-12 19:39:45','COL',NULL,10,2257,10,'1',780,'Espinosa',0),(128946,'Sandra Patricia','Daza','F','1975-10-25','sdaza@iyf.com',2,'0',1,NULL,5,4,NULL,'2014-08-12 19:42:21','COL',NULL,10,2257,NULL,'1',780,'Castro',0),(128947,'Ana Victoria ','Espinosa','F','1968-12-10','aespinosa@iyf.com',2,'0',1,NULL,5,4,NULL,'2014-08-12 19:44:27','COL',NULL,10,2257,10,'1',780,'Nova',0),(128948,'Mayra Lizeth','Barragan','F','1979-09-03','mbarragan@iyf.com',3,'0',1,NULL,5,3,NULL,'2014-08-12 19:46:44','COL',NULL,10,2257,10,'1',780,'Romero',0),(128949,'Maria de Jesus','Piraban','F','1962-08-16','mpiraban@iyf.com',2,'0',1,NULL,5,3,NULL,'2014-08-12 19:50:04','COL',NULL,10,2257,10,'1',780,'Guarnizo',0),(128950,'Arabelly','Blanco','F','1971-04-03','ablanco@iyf.com',2,'0',1,NULL,5,2,NULL,'2014-08-12 19:54:14','COL',NULL,10,2257,10,'1',780,'Veloza',0),(128951,'Derly Adriana','Sanchez','F','1979-03-07','dsanchez@iyf.com',1,'0',1,NULL,5,3,NULL,'2014-08-12 20:13:19','COL',NULL,10,2257,10,'1',780,'Hernandez',0),(128952,'Edga Johana','Bernal','F','1977-11-12','edbernal@iyf.com',3,'0',1,NULL,5,4,NULL,'2014-08-12 20:17:32','COL',NULL,10,2257,10,'1',780,'Medina',0),(128953,'Ricardo Andres','Molina','M','1985-07-25','rmolina@iyf.com',1,'0',1,NULL,5,4,NULL,'2014-08-12 20:19:50','COL',NULL,10,2257,10,'1',780,'Bastidas',0),(128954,'Carlos Antonio','Cordero','M','1982-09-24','ccordero@iyf.com',3,'0',1,NULL,5,4,NULL,'2014-08-12 20:23:06','COL',NULL,10,2257,10,'1',780,'Iriarte',0),(128955,'Alcira ','Perez','F','1944-09-14','alperez@iyf.com',1,'0',1,NULL,5,1,NULL,'2014-08-12 20:25:51','COL',NULL,10,2257,10,'1',780,'',0),(128956,'Lorena','Peña','F','1998-05-04','lpeña@iyf.com',1,'0',1,NULL,5,4,NULL,'2014-08-12 20:31:31','COL',NULL,10,2257,10,'1',780,'Rodriguez',0),(128957,'Laura ','Peña','F','1998-05-04','laupeña@iyf.com',1,'0',1,NULL,5,4,NULL,'2014-08-12 20:35:55','COL',NULL,10,2257,10,'1',780,'Rodriguez',0),(128958,'Sandra Milena','Velasquez','M','1982-02-18','svelasquez@iyf.com',3,'0',1,NULL,5,3,NULL,'2014-08-12 20:38:31','COL',NULL,10,2257,10,'1',780,'Garcia',0),(128959,'Heidy Milena','Guzman','F','1974-09-09','hguzman@iyf.com',3,'0',1,NULL,5,4,NULL,'2014-08-12 20:42:23','COL',NULL,10,2257,10,'1',780,'',0),(128960,'Leonor  ','Joya','M','1948-02-06','ljoya@iyf.com',1,'0',1,NULL,5,1,NULL,'2014-08-12 20:45:29','COL',NULL,10,2257,10,'1',780,'Quintero',0),(128961,'Nubia','Diaz','F','1979-10-10','ndiaz@iyf.com',1,'0',1,NULL,5,3,NULL,'2014-08-12 20:49:11','COL',NULL,10,2257,10,'1',780,'Saavedra',0),(128962,'Sonia Paola','Sanchez','F','1986-06-10','sosanchez@iyf.com',2,'0',1,NULL,5,4,NULL,'2014-08-12 20:53:22','COL',NULL,10,2257,10,'1',780,'Laverde',0),(128963,'Raquel','Guzman','F','1943-07-31','rguzman@iyf.com',1,'0',1,NULL,5,3,NULL,'2014-08-12 20:55:42','COL',NULL,10,2257,10,'1',780,'',0),(128964,'Ana Dora','Calderón','F','1948-02-29','acalderon@iyf.com',3,'0',1,NULL,5,3,NULL,'2014-08-12 20:57:34','COL',NULL,10,2257,NULL,'1',780,'',0),(128965,'Sully Estefanía','Chamba','F','1992-05-13','schamba@iyf.com',3,'0',1,NULL,5,3,NULL,'2014-08-12 21:01:30','COL',NULL,10,2257,10,'1',780,'Moreno',0),(128966,'Vhirley Patricia','Chamba','F','1995-07-08','vchamba@iyf.com',3,'0',1,NULL,5,3,NULL,'2014-08-12 21:21:43','ECU',NULL,10,594,10,'1',780,'Moreno',0),(128967,'Tamia Gabriela','De la Cruz','F','1990-07-19','tdelacruz@iyf.com',3,'0',1,NULL,5,3,NULL,'2014-08-12 21:23:58','ECU',NULL,10,594,NULL,'1',780,'Sanchez',0),(128968,'Jesús Ivan ','Rodríguez','M','1998-07-14','machis1@hotmail.com',2,'0',1,NULL,5,1,NULL,'2014-08-12 21:28:38','MEX',NULL,9,2536,1,'1',700,'Anquino',0),(128969,'Karen Michelle','Gomez','F','1995-09-16','kgomez@iyf.com',3,'0',1,NULL,5,3,NULL,'2014-08-12 21:32:06','ECU',NULL,10,594,10,'1',780,'Gaibor',0),(128970,'Adriana','Marín','F','1988-03-06','adris_marin87@hotmail.com',2,'0',1,NULL,5,1,NULL,'2014-08-12 21:32:12','MEX',NULL,5,2548,10,'0',350,'Urrunia',0),(128971,'Mishell Estefania','Cabrera','F','1993-12-03','mcabrera@iyf.com',3,'0',1,NULL,5,3,NULL,'2014-08-12 21:33:55','ECU',NULL,10,594,10,'1',780,'Garzón',0),(128972,'Erik Alejandro','Puentes','M','1997-07-09','erizo19_puce@hotmail.com',2,'0',1,NULL,5,1,NULL,'2014-08-12 21:35:26','MEX',NULL,11,2590,2,'1',700,'Cervantes',0),(128973,'Lucia Amada','Garzón','F','1964-11-07','lgarzon@iyf.com',2,'0',1,NULL,5,3,NULL,'2014-08-12 21:36:14','ECU',NULL,10,594,10,'1',780,'Gonzalez',0),(128974,'Senovia Magdalena','Copo','F','1959-08-27','scopo@iyf.com',2,'0',1,NULL,5,3,NULL,'2014-08-12 21:40:11','ECU',NULL,10,594,10,'1',780,'Guijarro',0),(128975,'Sebastian Johann','Maldonado','M','1992-05-17','smaldonado@iyf.com',2,'0',1,NULL,5,4,NULL,'2014-08-12 21:40:20','MEX',NULL,1,3583,8,'1',700,'Martinez',0),(128976,'Raúl','Guijarro','M','1960-05-28','rguijarro@iyf.com',2,'0',1,NULL,5,1,NULL,'2014-08-12 21:42:12','ECU',NULL,10,594,10,'1',780,'Lopez',0),(128977,'Karla Diosda','Magaña','F','1998-04-01','Karli_roses98@hotmail.com',2,'0',1,NULL,5,1,NULL,'2014-08-12 21:42:20','MEX',NULL,5,2548,8,'1',700,'Dominguez',0),(128978,'Liliana Estela','Vinueza ','F','1960-01-15','lvinueza@iyf.com',3,'0',1,NULL,5,3,NULL,'2014-08-12 21:45:46','ECU',NULL,10,594,10,'1',780,'Yepez',0),(128979,'Efyang Janaki','Corona','F','1992-09-09','yang_janaki@hotmail.com',3,'0',1,NULL,5,1,NULL,'2014-08-12 21:46:08','MEX',NULL,1,2577,1,'1',700,'Chehue',0),(128980,'Beny Monserrat','Miranda','F','2001-04-02','bmiranda@iyf.com',1,'0',1,NULL,5,1,NULL,'2014-08-12 21:47:58','MEX',NULL,5,2548,10,'0',350,'Garrido',0),(128981,'Evelyn Noemi','Trejo','F','1992-12-31','etrejo@iyf.com',3,'0',1,NULL,5,3,NULL,'2014-08-12 21:48:05','ECU',NULL,10,594,10,'1',780,'Vinueza',0),(128982,'Elvia Yadira','Orozco','F','1997-04-07','eorozco@iyf.com',3,'0',1,NULL,5,3,NULL,'2014-08-12 21:50:12','ECU',NULL,10,594,10,'1',780,'Uzhca',0),(128983,'Armando','Morales','M','1966-08-15','armaham@iyf.com',1,'0',1,NULL,5,1,NULL,'2014-08-12 21:51:11','MEX',NULL,12,NULL,8,'1',700,'Ayala',0),(128984,'David','Bermudez','M','1996-09-09','polb.indust@hotmail.com',2,'1',1,NULL,5,2,NULL,'2014-08-12 21:51:16','MEX',NULL,8,2518,8,'1',700,'Ponce',0),(128985,'Magdalena del Carmen','Cuvi','F','1959-10-30','mcuvi@iyf.com',2,'0',1,NULL,5,3,NULL,'2014-08-12 21:52:16','ECU',NULL,10,594,10,'1',780,'Paz',0),(128986,'Maria de Carmen ','Jimenez','F','1988-09-30','carmenjimorrisuz@hotmail.com',3,'0',1,NULL,5,1,NULL,'2014-08-12 21:53:05','MEX',NULL,3,2546,10,'1',700,'Magaña',0),(128987,'Gloria','Paz ','F','1959-10-20','gpaz@iyf.com',2,'0',1,NULL,5,1,NULL,'2014-08-12 21:54:13','ECU',NULL,10,594,10,'1',780,'Lara',0),(128988,'Guillermo Benjamin','Lopez','M','1995-09-09','barcelona.12@hotmail.com',3,'1',1,NULL,5,1,NULL,'2014-08-12 21:56:25','MEX',NULL,8,2518,8,'1',700,'Bolaños',0),(128989,'Giselle Carolina','Aules ','F','1989-08-04','gaules@iyf.com',3,'0',1,NULL,5,3,NULL,'2014-08-12 21:56:59','ECU',NULL,10,594,10,'1',780,'Alvarado',0),(128990,'Veronica Virginia','Gomez','F','1990-04-19','vvirginia@iyf.com',3,'0',1,NULL,5,1,NULL,'2014-08-12 21:57:13','MEX',NULL,1,3587,8,'1',700,'Sanchez',0),(128991,'Dulce Itzel','Pinto','F','1998-12-30','dulcecorazhon@hotmail.com',2,'0',1,NULL,5,1,NULL,'2014-08-12 21:57:37','MEX',NULL,5,2548,10,'1',700,'Padilla',0),(128992,'Mercy Lorena','Eras ','F','1987-08-15','meras@iyf.com',3,'0',1,NULL,5,3,NULL,'2014-08-12 22:00:52','ECU',NULL,10,594,10,'1',780,'Galarza',0),(128993,'Hyelin ','Jang','F','1994-01-06','hjang@iyf.com',3,'0',1,NULL,5,4,NULL,'2014-08-12 22:03:39','ECU',NULL,10,594,10,'1',780,'',0),(128994,'Sohui','Lee','F','1993-09-03','slee@iyf.com',3,'0',1,NULL,5,4,NULL,'2014-08-12 22:05:49','ECU',NULL,10,594,10,'1',780,'',0),(128995,'Su Jin','Park','F','1991-10-07','spark@iyf.com',3,'0',1,NULL,5,4,NULL,'2014-08-12 22:08:14','ECU',NULL,10,594,10,'1',780,'',0),(128996,'SeonMi','Jin','F','1994-04-02','sjin@iyf.com',3,'0',1,NULL,5,4,NULL,'2014-08-12 22:10:35','ECU',NULL,10,594,10,'1',780,'',0),(128997,'Dae Seong','Park','M','1994-10-02','dpark@iyf.com',3,'0',1,NULL,5,4,NULL,'2014-08-12 22:12:20','ECU',NULL,10,594,10,'1',780,'',0),(128998,'Sharon','Sanroman','F','0000-00-00','ssanroman@iyf.com',1,'0',1,NULL,5,1,NULL,'2014-08-12 22:12:36','MEX',NULL,8,2518,8,'1',700,'Saucedo',0),(128999,'Dae Hoon','Cheon','M','1988-10-14','dcheon@iyf.com',3,'0',1,NULL,5,4,NULL,'2014-08-12 22:13:52','ECU',NULL,10,594,10,'1',780,'',0),(129000,'TaeKang','Kwon','M','1982-09-14','tkwon',3,'0',1,NULL,5,4,NULL,'2014-08-12 22:16:02','ECU',NULL,10,594,10,'1',780,'',0),(129001,'InJu','Park','F','1982-06-13','ipark@iyf.com',3,'0',1,NULL,5,4,NULL,'2014-08-12 22:17:49','ECU',NULL,10,594,10,'1',780,'',0),(129002,'Lucila','Saucedo','F','1969-07-03','lsaucedo@iyf.com',2,'0',1,NULL,5,1,NULL,'2014-08-12 22:19:36','MEX',NULL,8,2518,8,'1',700,'Suarez',0),(129003,'Fernando','Sanroman','M','1967-03-09','fsanroman@iyf.com',2,'0',1,NULL,5,1,NULL,'2014-08-12 22:23:55','MEX',NULL,8,2518,8,'1',700,'Sosa',0),(129004,'sangoh','cho','M','1982-11-27','corla82@hotmail.com',3,'0',1,'iyf_df',2,7,NULL,'2014-08-12 22:27:00','MEX','853975b3a7d2cc64fd35f8d9568534c1',1,3583,10,'1',700,'',0),(129005,'Alejandra','Polo','F','1985-05-20','apolo@iyf.com',2,'0',1,NULL,5,3,NULL,'2014-08-12 22:28:37','PER',NULL,10,2890,10,'1',780,'Coba',0),(129006,'Amy','Arce','F','1944-01-05','aarce@iyf.com',3,'0',1,NULL,5,4,NULL,'2014-08-12 22:30:55','PER',NULL,10,2890,10,'1',780,'Flores',0),(129007,'Angel Osvaldo','Cartagena','M','0000-00-00','evangeltol@hotmail.com',3,'0',1,'iyf_veracruz',2,11,NULL,'2014-08-12 22:31:15','MEX','ffbf07a8a3127cd6cb2a54cc1828b39a',12,2547,10,'1',700,'Oviedo',0),(129008,'Daniel','Tuburcido','M','1986-06-12','caleb2512@live.com',3,'0',1,NULL,5,1,NULL,'2014-08-12 22:33:04','MEX',NULL,5,NULL,8,'1',700,'García',0),(129009,'Julian','García','M','1988-11-21','betta1988@hotmail.com',3,'0',1,NULL,5,1,NULL,'2014-08-12 22:33:21','MEX',NULL,5,2682,10,'1',700,'Dominguez',0),(129010,'Ernesto','Ballesteros','M','1974-11-23','goodnewsernesto@hotmail.com',3,'0',1,'iyf_queretaro',2,11,NULL,'2014-08-12 22:33:26','MEX','51f6c549d7303f0ca57738aade4c8106',9,NULL,10,'1',700,'Nuñoz',0),(129011,'Eduardo','Rojas','M','1971-04-05','laloiyfpanama@hotmail.com',3,'0',1,'iyf_atizapan',2,11,NULL,'2014-08-12 22:36:23','MEX','7625af213a774cb1a8968dbff05fd8e0',3,2546,10,'1',700,'Avila',0),(129012,'Lizbeth','Gonzalez','F','1992-10-05','lizgnz@iyf.com',3,'0',1,NULL,5,1,NULL,'2014-08-12 22:37:03','MEX',NULL,1,2544,1,'1',700,'Cruz',0),(129013,'Marco Antonio','Ramos','M','1988-07-16','pumitas11090@gimail.com',2,'0',1,NULL,5,1,NULL,'2014-08-12 22:38:42','MEX',NULL,5,2682,10,'1',700,'Zarco',0),(129014,'Ana Melany','Rimac','F','1990-05-12','arimac@iyf.com',2,'0',1,NULL,5,1,NULL,'2014-08-12 22:39:22','PER',NULL,10,2890,10,'1',780,'Quinhua',0),(129015,'Anali ','Quispe','F','1982-03-19','aquispe@iyf.com',3,'0',1,NULL,5,2,NULL,'2014-08-12 22:41:46','PER',NULL,10,2890,10,'1',780,'Meza',0),(129016,'Ana Lilia','Tuburcio','F','1883-09-07','analy2828@hotmail.com',3,'0',1,NULL,5,1,NULL,'2014-08-12 22:42:29','MEX',NULL,5,NULL,8,'1',700,'García',0),(129017,'Andrea Jhoseline','Baquerizo','F','1995-08-04','abaquerizo@iyf.com',3,'0',1,NULL,5,3,NULL,'2014-08-12 22:44:22','PER',NULL,10,2890,10,'1',780,'Aznaran',0),(129018,'Eduardo','Arellano ','M','1988-02-15','beatle_sk8@hotmail.com',3,'0',1,NULL,5,1,NULL,'2014-08-12 22:44:27','MEX',NULL,5,2548,8,'1',700,'Magaña',0),(129019,'Betty Milagros','Tirado','F','1988-11-04','btirado@iyf.com',2,'0',1,NULL,5,4,NULL,'2014-08-12 22:46:19','PER',NULL,10,2890,10,'1',780,'Salcedo',0),(129020,'Sangtae','Park','M','1973-03-12','iyf_mty@hotmail.com',3,'0',1,'iyf_monterrey',2,11,NULL,'2014-08-12 22:46:22','MEX','d53cff2a7e2a8eb0879082d701157670',7,2523,10,'1',700,'',0),(129021,'Paola Lilian','Luna','F','1985-11-09','ambersaori@outlook.com',2,'0',1,NULL,5,1,NULL,'2014-08-12 22:47:07','MEX',NULL,1,3590,2,'1',700,'Juarez',0),(129022,'Ivan','Garcia','M','1992-04-14','i.godo@hotmail.com',3,'0',1,NULL,5,1,NULL,'2014-08-12 22:48:36','MEX',NULL,3,2546,10,'1',700,'Dominguez',0),(129023,'Carlo Andre','Santi','M','1990-11-22','cbarreto@iyf.com',2,'0',1,NULL,5,4,NULL,'2014-08-12 22:50:49','PER',NULL,10,2890,10,'1',780,'Barreto',0),(129024,'Salvador','Perez','M','1976-04-13','salvatolperez@hotmail.com',3,'0',1,'iyf_toluca',2,11,NULL,'2014-08-12 22:51:47','MEX','f82398e9ebf14fcfa8a7322fde3c599c',11,2534,10,'1',700,'Garnica',0),(129025,'Noemi Salina','Perez','F','1993-08-03','nsalinas@iyf.com',3,'0',1,NULL,5,1,NULL,'2014-08-12 22:52:31','MEX',NULL,3,2546,10,'1',700,'Verostegui',0),(129026,'Carlos','Arias','M','1978-03-11','carias@iyf.com',2,'0',1,NULL,5,3,NULL,'2014-08-12 22:52:59','PER',NULL,10,2890,10,'1',780,'Silva',0),(129027,'Felipe','Hernandez','M','1958-10-24','felau58@gmail.com',1,'0',1,NULL,5,1,NULL,'2014-08-12 22:52:59','MEX',NULL,5,2548,8,'1',700,'Aguirre',0),(129028,'Diana','Amao ','F','1985-09-12','damao@iyf.com',3,'0',1,NULL,5,4,NULL,'2014-08-12 22:54:49','PER',NULL,10,2890,10,'1',780,'Espinoza',0),(129029,'Jacobo','Gonzalez','M','1996-03-17','jacobgnz@iyf.com',2,'0',1,NULL,5,1,NULL,'2014-08-12 22:55:19','MEX',NULL,1,2544,8,'1',700,'Cruz',0),(129030,'Edgar','Barajas','M','1979-04-23','edgar_iyf@hotmail.com',3,'0',1,'iyf_guadalajara',2,11,NULL,'2014-08-12 22:55:32','MEX','95c3995f20d7a900220113d1a86a4dc7',6,2516,10,'1',700,'Guerrero',0),(129031,'Vicente ','Magaña','M','1968-09-04','drmaganacheche@gmail.con',4,'0',1,NULL,5,1,NULL,'2014-08-12 22:56:25','MEX',NULL,5,NULL,1,'1',700,'Catalan',0),(129032,'Diego Rafael ','Ruiz','M','1994-08-01','druiz@iyf.com',2,'0',1,NULL,5,4,NULL,'2014-08-12 22:57:07','PER',NULL,10,2890,10,'1',780,'Mamani',0),(129033,'Emmanuel','Cruz','M','1981-11-23','cruz_iyf@hotmail.com',3,'0',1,'iyf_izcalli',2,11,NULL,'2014-08-12 22:57:54','MEX','51be7742757e5c9e1d233c86cbd96fe4',5,2548,10,'1',700,'Ruiz',0),(129034,'Jair','Islas','M','1995-05-02','caballerodorado_619@hotmail.com',2,'0',1,NULL,5,1,NULL,'2014-08-12 22:57:58','MEX',NULL,5,2551,8,'1',700,'Diaz',0),(129035,'Eli Yobana','Camavilca','F','1982-07-13','ecamavilca@iyf.com',2,'0',1,NULL,5,4,NULL,'2014-08-12 22:59:12','PER',NULL,10,2890,10,'1',780,'Yurivilca',0),(129036,'Ricardo','Torres','M','1984-06-03','rtorres@iyf.com',3,'0',1,'iyf_coatza',2,11,NULL,'2014-08-12 23:03:23','MEX','344330440be7882c35b84289e4b6f7ab',4,2573,10,'1',700,'Ornelas',0),(129037,'Benjamin','Marrun','M','1985-04-13','benn.marrun@gmail.com',3,'0',1,'iyf_puebla',2,11,NULL,'2014-08-12 23:07:26','MEX','56cca7ed13f8af71d344593292c3572a',8,2518,10,'1',700,'Maldonado',0),(129038,'Julio','Rodriguez','M','1986-05-03','kafei_ngc@hotmail.com',3,'0',1,'iyf_tijuana',2,11,NULL,'2014-08-12 23:10:05','MEX','bedfe7780b023afe742e529a5e70926c',10,2521,10,'1',700,'Boreta',0),(129039,'Cristopher','Leon','M','1984-02-15','iyf_acayuca_hidalgo@hotmail.com',3,'0',1,'iyf_acayuca',2,11,NULL,'2014-08-12 23:13:02','MEX','db0763b9492d0eb323a666d55d053a15',2,NULL,10,'1',700,'Gonzalez',0),(129040,'Vicente','Magaña','M','1995-09-17','vicentemagana@outlook',3,'0',1,NULL,5,1,NULL,'2014-08-12 23:23:45','MEX',NULL,5,2548,10,'1',700,'Dominguez',0),(129041,'Eugenia','Milla','F','1968-12-20','emilla@iyf.com',1,'0',1,NULL,5,4,NULL,'2014-08-12 23:24:04','PER',NULL,10,2890,10,'1',780,'Manrique',0),(129042,'Eusebia','Marcelo','F','1950-08-12','emarcelo@iyf.com',3,'0',1,NULL,5,3,NULL,'2014-08-12 23:26:57','PER',NULL,10,2890,10,'1',780,'Capcha',0),(129043,'David','Arellano','M','1994-07-03','lil_dav4@hotmail.com',3,'0',1,NULL,5,2,NULL,'2014-08-12 23:28:19','MEX',NULL,5,2548,10,'1',700,'Magaña',0),(129044,'Fanny ','Leon','F','1976-03-02','fleon@iyf.com',3,'0',1,NULL,5,2,NULL,'2014-08-12 23:28:36','PER',NULL,10,2890,10,'1',780,'Apaza',0),(129045,'Vaeria','Reyes','F','1995-10-29','valery_0409@hotmail.com',2,'0',1,NULL,5,1,NULL,'2014-08-12 23:29:20','MEX',NULL,1,3583,1,'1',700,'Ramirez',0),(129046,'Feliciano','Chavez','M','1956-02-21','fchavez@iyf.com',3,'0',1,NULL,5,3,NULL,'2014-08-12 23:30:09','PER',NULL,10,2890,10,'1',780,'Calderon',0),(129047,'Felix','Cayo','M','1951-02-05','fcayo@iyf.com',3,'0',1,NULL,5,3,NULL,'2014-08-12 23:32:19','PER',NULL,10,2890,10,'1',780,'Camacho',0),(129048,'Perla Selene','Ruiz','F','1999-09-06','perlaseleneruizreyes@yahoo.com',2,'0',1,NULL,5,1,NULL,'2014-08-12 23:33:13','MEX',NULL,5,2548,10,'1',700,'Reyes',0),(129049,'Eduardo','Arellano','M','1958-03-25','edmodaqprodigy.net.mx',3,'0',1,NULL,5,2,NULL,'2014-08-12 23:33:34','MEX',NULL,5,NULL,9,'0',350,'Aceves',0),(129050,'Flor Victoria','Hernandez','F','1982-10-20','fhenandez@iyf.com',3,'0',1,NULL,5,3,NULL,'2014-08-12 23:36:02','PER',NULL,10,2890,10,'1',780,'Cerna',0),(129051,'Gladys','Palomino','F','1985-02-16','gpalomino@iyf.com',3,'0',1,NULL,5,3,NULL,'2014-08-12 23:38:17','PER',NULL,10,2890,10,'1',780,'Galindo',0),(129052,'Lizbeth','Marquez','F','1993-05-13','arely_magaly27_@hotmail.es',3,'0',1,NULL,5,1,NULL,'2014-08-12 23:38:23','MEX',NULL,1,3581,2,'1',700,'Galeana',0),(129053,'Juan Justino','Gonzales','F','1956-12-24','juanjustinog@gmail.com',2,'0',1,NULL,5,1,NULL,'2014-08-12 23:38:44','MEX',NULL,5,NULL,10,'0',350,'Hernandez',0),(129054,'Gregory','Ramirez','M','1983-01-02','grramirez@iyf.com',3,'0',1,NULL,5,4,NULL,'2014-08-12 23:40:47','PER',NULL,10,2890,10,'1',780,'Anglas',0),(129055,'Luis Ernesto','Estevez','M','1994-08-11','ernestotevez@iyf.com',2,'0',1,NULL,5,1,NULL,'2014-08-12 23:42:19','MEX',NULL,12,2622,1,'1',700,'Nolasco',0),(129056,'Gema Wendoline','Pinto','F','2001-03-19','gemewendy241@hotmail.com',1,'0',1,NULL,5,1,NULL,'2014-08-12 23:42:26','MEX',NULL,5,2548,10,'1',700,'Padilla',0),(129057,'Hellen Milagros','Pacheco','F','1980-10-20','hpacheco@iyf.com',3,'0',1,NULL,5,4,NULL,'2014-08-12 23:43:10','PER',NULL,10,2890,10,'1',780,'Alcocer',0),(129058,'Jae Hun','Jung','F','1990-11-28','jjung@iyf.com',3,'0',1,NULL,5,4,NULL,'2014-08-12 23:45:40','PER',NULL,10,2890,10,'1',780,'',0),(129059,'Martín','Macedo','M','1989-12-29','mmacedobaltazar@gmail.com',3,'0',1,NULL,5,1,NULL,'2014-08-12 23:46:19','MEX',NULL,5,NULL,10,'0',350,'Baltazar',0),(129060,'Pilar','Padilla','F','1993-12-31','starpily_4753@hotmail.com',2,'0',1,NULL,5,1,NULL,'2014-08-12 23:49:15','MEX',NULL,5,2548,10,'1',700,'Saucedo',0),(129061,'Javier Santos','Sanchez','M','1977-01-11','jsanchez@iyf.com',3,'0',1,NULL,5,4,NULL,'2014-08-12 23:51:58','PER',NULL,10,2890,10,'1',780,'Menendez',0),(129062,'Jean Harold','Varas','M','1990-02-04','jvaras@iyf.com',2,'0',1,NULL,5,NULL,NULL,'2014-08-12 23:54:10','PER',NULL,10,2890,NULL,'1',780,'Ramirez',0),(129063,'Maria Luisa','Ramos','F','1992-02-14','marialu_ramos@yahoo.com',1,'0',1,NULL,5,1,NULL,'2014-08-12 23:54:57','MEX',NULL,5,2682,10,'1',700,'Zarco',0),(129064,'Diosda Oralia','Dominguez','F','1963-08-23','ddominguez@iyf.com',3,'0',1,NULL,5,1,NULL,'2014-08-12 23:55:30','MEX',NULL,5,NULL,10,'0',350,'Perez',0),(129065,'Jem Suk','Lee','F','1971-01-10','jlee@iyf.com',3,'0',1,NULL,5,4,NULL,'2014-08-12 23:57:09','PER',NULL,10,2890,10,'1',780,'',0),(129066,'Jenrry','Canchomoni','M','1980-08-11','jcanchomoni@iyf.com',3,'0',1,NULL,5,2,NULL,'2014-08-13 00:00:31','PER',NULL,10,2890,NULL,'1',780,'',0),(129067,'Blanca','Arrellano','F','1962-09-02','barrellano@iyf.com',1,'0',1,NULL,5,1,NULL,'2014-08-13 00:00:35','MEX',NULL,5,NULL,10,'0',350,'Aceves',0),(129068,'Jessica','Checclo','F','1983-07-21','jchecclo@iyf.com',3,'0',1,NULL,5,2,NULL,'2014-08-13 00:02:46','PER',NULL,10,2890,10,'1',780,'Velarde',0),(129069,'Miriam Karen','Ramirez','F','1996-01-26','mirianbob@yahoo.com',1,'0',1,NULL,5,1,NULL,'2014-08-13 00:02:49','MEX',NULL,5,2548,10,'1',700,'Villego',0),(129070,'Cristofer','Herrera','M','1999-12-11','cherrera@iyf.com',1,'1',1,NULL,5,1,NULL,'2014-08-13 00:03:27','MEX',NULL,3,2525,10,'1',700,'Zacapala',0),(129071,'Jhan Carlos','Hinojosa','M','1993-04-03','jhinojosa@iyf.com',2,'0',1,NULL,5,3,NULL,'2014-08-13 00:05:04','PER',NULL,10,2890,10,'1',780,'Diestra',0),(129072,'Samuel Marin','Neri','M','1979-08-29','marin_neri@hotmail.com',1,'0',1,NULL,5,1,NULL,'2014-08-13 00:06:45','MEX',NULL,5,2548,1,'1',700,'Guzman',0),(129073,'Patricia','Magaña','F','1959-12-09','patydearellano@gmail.com',2,'0',1,NULL,5,3,NULL,'2014-08-13 00:06:46','MEX',NULL,5,NULL,10,'0',350,'Vazquez',0),(129074,'Jhorman','Gutierrez','M','1994-06-10','jgutierrez@iyf.com',2,'0',1,NULL,5,4,NULL,'2014-08-13 00:07:00','PER',NULL,10,2890,10,'1',780,'Espinoza',0),(129075,'Daniela','Piña','F','1999-12-20','danny_asunsion@hotmail.com',2,'0',1,NULL,5,1,NULL,'2014-08-13 00:08:30','MEX',NULL,12,2622,8,'1',700,'Asuncion',0),(129076,'Jonghwan','Lee','M','1982-03-09','jonlee@iyf.com',3,'0',1,NULL,5,4,NULL,'2014-08-13 00:08:50','PER',NULL,10,2890,10,'1',780,'',0),(129077,'Maria Felix','Magaña ','F','1953-09-04','mmagaña@iyf.com',1,'0',1,NULL,5,1,NULL,'2014-08-13 00:09:58','MEX',NULL,5,2548,10,'0',350,'Lemus',0),(129078,'Valeria Elizabeth','León','F','1999-11-12','Val_0910@hotmail.com',2,'0',1,NULL,5,1,NULL,'2014-08-13 00:10:56','MEX',NULL,5,2548,1,'1',700,'Zepeda',0),(129079,'Jose Alonso','Nomberto','M','1996-09-12','jnomberto@iyf.com',3,'0',1,NULL,5,1,NULL,'2014-08-13 00:11:11','PER',NULL,10,2890,10,'1',780,'Arias',0),(129080,'Jose Angel','Malquichagua','M','1988-01-31','jmalquichagua@iyf.com',3,'0',1,NULL,5,4,NULL,'2014-08-13 00:14:27','PER',NULL,10,2890,10,'1',780,'Moya',0),(129081,'Carlos Augusto','Arias','M','1997-09-15','cena.135@hotmai.com',2,'0',1,NULL,5,NULL,NULL,'2014-08-13 00:17:02','MEX',NULL,12,2622,8,'1',700,'Morales',0),(129082,'Jose Macario','Gutierrez','M','1968-09-03','josegutierrez@iyf.com',3,'0',1,NULL,5,3,NULL,'2014-08-13 00:27:27','PER',NULL,10,2898,10,'1',780,'Muñoz',0),(129083,'Jose Joel','Escobar','M','1989-08-06','jescobar@iyf.com',3,'0',1,NULL,5,4,NULL,'2014-08-13 00:29:26','PER',NULL,10,2890,10,'1',780,'Vega',0),(129084,'Julia','Garcia','F','1962-01-09','jigarcia@iyf.com',3,'0',1,NULL,5,3,NULL,'2014-08-13 00:33:18','PER',NULL,10,2890,NULL,'1',780,'Balladares',0),(129085,'Julio Fernando','Tirado','M','1963-07-26','jtirado@iyf.com',2,'0',1,NULL,5,3,NULL,'2014-08-13 00:37:25','PER',NULL,10,2890,NULL,'1',780,'Valencia',0),(129086,'Jung Woun','Han','F','1993-10-02','jhan@iyf.com',3,'0',1,NULL,5,4,NULL,'2014-08-13 00:41:01','PER',NULL,10,2890,10,'1',780,'',0),(129087,'Aureano','Cotrina','M','1953-05-07','lcotrina@iyf.com',3,'0',1,NULL,5,3,NULL,'2014-08-13 00:42:48','PER',NULL,10,2890,10,'1',780,'Costales',0),(129088,'Liliana ','Mora','F','1992-08-05','lmora@iyf.com',3,'0',1,NULL,5,1,NULL,'2014-08-13 00:45:01','PER',NULL,10,2890,10,'1',780,'Condor',0),(129089,'Luzmila','Alva','F','1953-06-19','lalba@iyf.com',2,'0',1,NULL,5,3,NULL,'2014-08-13 00:47:20','PER',NULL,10,2890,10,'1',780,'Chuquimango de Cotrina',0),(129090,'Margot','Vela','F','1982-08-25','mvela@iyf.com',3,'0',1,NULL,5,3,NULL,'2014-08-13 00:49:08','PER',NULL,10,2890,10,'1',780,'Yanqui',0),(129091,'Jennifer','García del Valle','F','1995-12-05','jgvm1@hotmail.com',3,'0',1,NULL,5,1,NULL,'2014-08-13 00:50:58','MEX',NULL,9,NULL,8,'1',700,'Miranda',0),(129092,'Maria del Pilar ','Arias','F','1962-12-21','marias@iyf.com',3,'0',1,NULL,5,1,NULL,'2014-08-13 00:54:45','PER',NULL,10,2890,10,'1',780,'Sedano de Nomberto',0),(129093,'Maria Isabel','Garcia','F','1960-11-18','mgarcia@iyf.com',3,'0',1,NULL,5,4,NULL,'2014-08-13 00:57:21','PER',NULL,10,2890,10,'1',780,'Horna',0),(129094,'Maria Lola','Inche','F','1988-07-14','minche@iyf.com',3,'0',1,NULL,5,1,NULL,'2014-08-13 01:00:41','PER',NULL,10,2890,10,'1',780,'Trujillo',0),(129095,'Maryori Liz','Linares','F','1992-08-30','mlinares@iyf.com',3,'0',1,NULL,5,1,NULL,'2014-08-13 01:03:24','PER',NULL,10,2890,10,'1',780,'Martinez',0),(129096,'Teo','Castillo','M','1967-04-11','tbarrones@iyf.com',1,'0',1,NULL,5,1,NULL,'2014-08-13 01:06:53','MEX',NULL,1,2548,8,'1',700,'Barrones',0),(129097,'Melanny','Espinoza','F','1996-06-16','mespinoza@iyf.com',2,'0',1,NULL,5,3,NULL,'2014-08-13 01:07:06','PER',NULL,10,2890,10,'1',780,'Rojas',0),(129098,'Melina','Madueño','F','1975-08-31','mmadueño@iyf.com',3,'0',1,NULL,5,3,NULL,'2014-08-13 01:09:59','PER',NULL,10,2890,10,'1',780,'Cairo',0),(129099,'Miguel ','Rios','M','1996-02-12','mrios@iyf.com',2,'0',1,NULL,5,3,NULL,'2014-08-13 01:13:01','PER',NULL,10,2890,10,'1',780,'Castro',0),(129100,'Miriam ','Lucero','F','1978-10-10','mlucero@iyf.com',3,'0',1,NULL,5,3,NULL,'2014-08-13 01:14:18','PER',NULL,10,2890,10,'1',780,'Carrillo',0),(129101,'Noelia ','Bazan ','F','1994-07-05','nbazan@iyf.com',2,'0',1,NULL,5,1,NULL,'2014-08-13 01:15:57','PER',NULL,10,2890,10,'1',780,'Merino',0),(129102,'Oscar Julian','Palomino','M','1992-02-10','opalomino@iyf.com',3,'0',1,NULL,5,4,NULL,'2014-08-13 01:17:36','PER',NULL,10,2890,10,'1',780,'Hidalgo',0),(129103,'Oscar Elias','Rios','M','1977-08-20','orios@iyf.com',3,'0',1,NULL,5,3,NULL,'2014-08-13 01:21:53','PER',NULL,10,2890,10,'1',780,'Camayo',0),(129104,'Dulce Vianey','Valenzo','F','1999-05-18','dulce_vianey@hotmail.com    ',2,'0',1,NULL,5,NULL,NULL,'2014-08-13 01:22:45','MEX',NULL,5,2548,NULL,'1',700,'Gonzalez',0),(129105,'Paulina','Herrera','F','1960-05-06','pherrera@iyf.com',3,'0',1,NULL,5,1,NULL,'2014-08-13 01:23:27','PER',NULL,10,2890,10,'1',780,'Mansilla',0),(129106,'Reyna','Gervacio','F','1989-04-12','rgervacio@iyf.com',1,'0',1,NULL,5,2,NULL,'2014-08-13 01:25:38','PER',NULL,10,2890,10,'1',780,'Vega',0),(129107,'Ricardo Anderson','Palomino','M','1987-11-02','ripalomino@iyf.com',5,'0',1,NULL,5,4,NULL,'2014-08-13 01:27:05','PER',NULL,10,2890,10,'1',780,'Castro',0),(129108,'Rider','Osorio','M','1977-11-14','rosorio@iyf.com',3,'0',1,NULL,5,3,NULL,'2014-08-13 01:29:35','PER',NULL,10,2890,10,'1',780,'Vidaos',0),(129109,'Roberto ','Guzman','M','1980-09-23','roguzman@iyf.com',3,'0',1,NULL,5,3,NULL,'2014-08-13 01:31:30','PER',NULL,10,2890,10,'1',780,'Coveñas',0),(129110,'Leslie itzel','Valenzo','F','2001-06-20',' leslie_itzel29@hotmail.com  ',1,'0',1,NULL,5,1,NULL,'2014-08-13 01:32:03','MEX',NULL,5,2548,8,'1',700,'Gonzalez',0),(129111,'Roberto','Lopez','M','1977-12-22','rlopez@iyf.com',3,'0',1,NULL,5,3,NULL,'2014-08-13 01:32:52','PER',NULL,10,2890,10,'1',780,'Mauricio',0),(129112,'Roberto','Carballo','M','1992-01-26','rcarvallo@iyf.com',3,'0',1,NULL,5,4,NULL,'2014-08-13 01:35:04','PER',NULL,10,2890,10,'1',780,'Garcia',0),(129113,'Monserrat','Gonzalez','F','1999-07-05','monse_perez@iyf.com',2,'0',1,NULL,5,1,NULL,'2014-08-13 01:36:15','MEX',NULL,5,2548,8,'1',700,'Perez',0),(129114,'Santa','Espinoza','F','1982-04-04','sespinoza@iyf.com',3,'0',1,NULL,5,3,NULL,'2014-08-13 01:37:05','PER',NULL,10,2890,10,'1',780,'Jaimes',0),(129115,'Seong Ju','Jo','M','1968-03-03','sjo@iyf.com',3,'0',1,NULL,5,4,NULL,'2014-08-13 01:42:23','PER',NULL,10,2890,10,'1',780,'',0),(129116,'Herminia ','Cruz','F','1949-03-17','hcruz@iyf.com',3,'0',1,NULL,5,NULL,NULL,'2014-08-13 01:42:40','MEX',NULL,5,2548,8,'1',700,'Velazquez',0),(129117,'Sojin','Park','F','1981-09-13','sopark@iyf.com',3,'0',1,NULL,5,4,NULL,'2014-08-13 01:45:18','PER',NULL,10,2890,10,'1',780,'',0),(129118,'Vanessa Ninoska','Guanillo','F','1991-04-11','vguanillo@iyf.com',1,'0',1,NULL,5,4,NULL,'2014-08-13 01:47:40','PER',NULL,10,2890,10,'1',780,'',0),(129119,'Francisco','Javier','M','1949-01-22','franc_gonzalez@iyf.com',3,'0',1,NULL,5,1,NULL,'2014-08-13 01:49:19','MEX',NULL,5,2548,8,'1',700,'Gonzalez',0),(129120,'Vicente','Canchomori','M','1959-07-24','vcanchomoni@iyf.com',3,'0',1,NULL,5,1,NULL,'2014-08-13 01:55:53','PER',NULL,10,2890,10,'1',780,'Organo',0),(129121,'Victor Reinaldo','Vela','M','1986-05-28','vvela@iyf.com',3,'0',1,NULL,5,4,NULL,'2014-08-13 01:57:59','PER',NULL,10,2890,10,'1',780,'Yanqui',0),(129122,'Vivian Ruth','Canchomoni','F','1984-02-12','vicanchomoni@iyf.com',3,'0',1,NULL,5,3,NULL,'2014-08-13 02:00:12','PER',NULL,10,2890,10,'1',780,'Herrera',0),(129123,'Lucero','Aguirre','F','1991-06-07','lucero_es@hotmail.com',3,'0',1,NULL,5,2,NULL,'2014-08-13 02:00:42','MEX',NULL,12,NULL,10,'1',700,'Escobar',0),(129124,'Wendy ','Montoya','F','1991-12-06','whuaranca@iyf.com',3,'0',1,NULL,5,4,NULL,'2014-08-13 02:01:40','PER',NULL,10,2890,10,'1',780,'Huaranca',0),(129125,'Yessenia Sthepanie','Segura','F','1995-01-03','ysegura@iyf.com',3,'0',1,NULL,5,2,NULL,'2014-08-13 02:03:17','PER',NULL,10,2890,10,'1',780,'MAsgo',0),(129126,'Yohana Milagros','Bobadillo','F','1989-10-16','ybobadillo@iyf.com',2,'0',1,NULL,5,4,NULL,'2014-08-13 02:05:06','PER',NULL,10,2890,10,'1',780,'Navarro',0),(129127,'Fatima','Panaifo','F','1962-10-26','fpanaifo@iyf.com',3,'0',1,NULL,5,3,NULL,'2014-08-13 02:07:06','PER',NULL,10,2890,10,'1',780,'Lopez',0),(129128,'Sabina ','Ccala','F','1965-12-11','sccala@iyf.com',3,'0',1,NULL,5,3,NULL,'2014-08-13 02:08:49','PER',NULL,10,2890,10,'1',780,'Cotohuanca',0),(129129,'Nancy',' Inche ','F','1972-02-15','ninche@iyf.com',3,'0',1,NULL,5,1,NULL,'2014-08-13 02:11:51','PER',NULL,10,2890,10,'1',780,'Trujillo',0),(129130,'Dogkeun','Jung','M','1990-07-03','djung@iyf.com',3,'0',1,NULL,5,4,NULL,'2014-08-13 02:14:16','PER',NULL,10,2890,10,'1',780,'',0),(129131,'Maria Fernanda','Aguirre','F','1997-05-04','kim_mafe@hotmail.com',2,'0',1,NULL,5,3,NULL,'2014-08-13 02:15:23','MEX',NULL,4,2573,NULL,'1',700,'Escobar',0),(129132,'Hojin','Lee','M','1993-06-06','holee',3,'0',1,NULL,5,4,NULL,'2014-08-13 02:15:57','PER',NULL,10,2890,NULL,'1',780,'',0),(129133,'Yubin','Kim','M','1992-12-12','ykim@xn--yf-mja.com',3,'0',1,NULL,5,2,NULL,'2014-08-13 02:17:49','PER',NULL,10,2890,NULL,'1',780,'',0),(129134,'Sung Duk','Jung','M','1990-05-28','sunjung@iyf.com',3,'0',1,NULL,5,4,NULL,'2014-08-13 02:20:00','PER',NULL,10,2890,10,'1',780,'',0),(129135,'Yelim','Lee','F','1990-01-17','yelee@iyf.com',3,'0',1,NULL,5,4,NULL,'2014-08-13 02:22:28','PER',NULL,10,2890,10,'1',780,'',0),(129136,'Heeyeong','Kim','F','1995-03-08','hekim@iyf.com',3,'0',1,NULL,5,4,NULL,'2014-08-13 02:24:18','PER',NULL,10,2890,10,'1',780,'',0),(129137,'Roghir','Toledo','M','1960-02-05','rtoledo@iyf.com',3,'0',1,NULL,5,1,NULL,'2014-08-13 02:27:19','PER',NULL,10,2890,10,'1',780,'Ñañez',0),(129138,'Gregorio Humberto','Lavado','M','1974-04-12','glavado@iyf.com',3,'0',1,NULL,5,4,NULL,'2014-08-13 02:35:02','BOL',NULL,10,2890,10,'1',780,'Anticona',0),(129139,'Jhilly Marlith','Namoc','F','1973-09-20','jnamoc@iyf.com',2,'0',1,NULL,5,4,NULL,'2014-08-13 02:41:13','BOL',NULL,10,193,10,'1',780,'Villegas',0),(129140,'Josue Lucio','Sanchez','M','1985-09-13','josanchez@iyf.com',3,'0',1,NULL,5,4,NULL,'2014-08-13 02:44:01','BOL',NULL,10,193,10,'1',780,'Jimenez',0),(129141,'Samuel','Quispe ','M','1980-07-18','jossanchez@iyf.com',3,'0',1,NULL,5,4,NULL,'2014-08-13 02:46:11','BOL',NULL,10,193,10,'1',780,'Larico',0),(129142,'Freddy','Huanca','M','1990-02-03','fhuanca@iyf.com',3,'0',1,NULL,5,3,NULL,'2014-08-13 02:51:29','BOL',NULL,10,193,10,'1',780,'Tito',0),(129143,'Adrian Antonio','Rossel','M','1980-02-13','arossel@iyf.com',3,'0',1,NULL,5,3,NULL,'2014-08-13 02:54:24','BOL',NULL,10,194,10,'1',780,'Limachi',0),(129144,'Juan Carlos','Luna','M','1988-07-06','jluna@iyf.com',3,'0',1,NULL,5,2,NULL,'2014-08-13 02:56:25','BOL',NULL,10,195,10,'1',780,'Alanoca',0),(129145,'Mijael','Vargas','M','1992-09-06','mvargas@iyf.com',3,'0',1,NULL,5,2,NULL,'2014-08-13 02:58:31','BOL',NULL,10,193,10,'1',780,'Pelaez',0),(129146,'Johan Andy','Fernandez','M','1996-11-07','jfernandez@iyf.com',1,'0',1,NULL,5,3,NULL,'2014-08-13 03:01:37','BOL',NULL,10,193,10,'1',780,'CAri',0),(129147,'Cielo Ricardo','Ramos','F','1968-04-26','cramos@iyf.com',1,'0',1,NULL,5,3,NULL,'2014-08-13 03:04:32','BOL',NULL,10,NULL,10,'1',780,'',0),(129148,'Ruben','Huanca','M','1975-11-08','ruhuanca@iyf.com',3,'0',1,NULL,5,3,NULL,'2014-08-13 03:06:53','BOL',NULL,10,193,10,'1',780,'Tito',0),(129149,'Andres Gaston','Alvarez','M','1994-07-30','aalvarez@iyf.com',3,'0',1,NULL,5,4,NULL,'2014-08-13 03:08:52','BOL',NULL,10,193,10,'1',780,'Castro',0),(129150,'Aldo','Gironda','M','1986-12-25','agironda@iyf.com',1,'0',1,NULL,5,2,NULL,'2014-08-13 03:10:56','BOL',NULL,10,193,10,'1',780,'Paco',0),(129151,'Omar Zacarias','Condori','M','0000-00-00','ocondori@iyf.com',3,'0',1,NULL,5,3,NULL,'2014-08-13 03:13:27','BOL',NULL,10,193,10,'1',780,'Achu',0),(129152,'Hernan','Condori','M','1979-05-30','hcondori@iyf.com',3,'0',1,NULL,5,3,NULL,'2014-08-13 03:16:06','BOL',NULL,10,193,10,'1',780,'Achu',0),(129153,'Tatiana Pilar','Fernandez ','F','1994-12-14','tfernandez@iyf.com',2,'0',1,NULL,5,3,NULL,'2014-08-13 03:19:52','BOL',NULL,10,193,10,'1',780,'Cari',0),(129154,'Sandra','Callejas','F','1990-09-15','scallejas@iyf.com',3,'0',1,NULL,5,3,NULL,'2014-08-13 03:27:55','BOL',NULL,10,193,10,'1',780,'Flores',0),(129155,'Le Mariel','Huanca','F','1986-09-21','lhuanca@iyf.com',3,'0',1,NULL,5,3,NULL,'2014-08-13 03:31:15','BOL',NULL,10,193,10,'1',780,'Tito',0),(129156,'Magdalena','Huanca','F','1988-10-06','mhuanca@iyf.com',3,'0',1,NULL,5,3,NULL,'2014-08-13 03:38:47','BOL',NULL,10,193,10,'1',780,'Tito',0),(129157,'Maria Raquel','Choque','F','1993-07-06','mchoque@iyf.com',2,'0',1,NULL,5,3,NULL,'2014-08-13 03:41:19','BOL',NULL,10,193,10,'1',780,'Coriné',0),(129158,'Milenka Ruth','Ticona','F','1984-02-15','mticona@iyf.com',3,'0',1,NULL,5,2,NULL,'2014-08-13 03:50:43','BOL',NULL,10,193,10,'1',780,'Villalobos',0),(129159,'Carola','Herrera','F','1984-08-25','caherrera@iyf.com',3,'0',1,NULL,5,3,NULL,'2014-08-13 03:53:28','BOL',NULL,10,193,10,'1',780,'Montero',0),(129160,'Aide Gabriela','Arellano','F','1990-09-09','ararellano@iyf.com',3,'0',1,NULL,5,1,NULL,'2014-08-13 03:55:57','BOL',NULL,10,193,10,'1',780,'Ochoa',0),(129161,'Carla Andrea Soria','Galvarro','F','1980-02-11','cgalvarro@iyf.com',3,'0',1,NULL,5,3,NULL,'2014-08-13 04:01:23','BOL',NULL,10,193,10,'1',780,'Alarcon',0),(129162,'Helen','Alarcon','F','1981-08-17','halarcon@iyf.com',3,'0',1,NULL,5,3,NULL,'2014-08-13 04:03:35','BOL',NULL,10,193,10,'1',780,'Paredes',0),(129163,'Sonia ','Huanca','F','1992-02-29','shuanca@iyf.com',3,'0',1,NULL,5,3,NULL,'2014-08-13 04:05:35','BOL',NULL,10,193,10,'1',780,'Tito',0),(129164,'Laura','Yujira','F','1990-07-03','lyujira@iyf.com',3,'0',1,NULL,5,3,NULL,'2014-08-13 04:11:11','BOL',NULL,10,193,10,'1',780,'Tito',0),(129165,'Claudia Alejandra','Parrado','F','1980-08-27','cparrado@iyf.com',4,'0',1,NULL,5,3,NULL,'2014-08-13 04:14:27','BOL',NULL,10,193,10,'1',780,'Sahonero',0),(129166,'Jin Hwan ','Kim','M','1966-04-01','jkim@iyf.com',3,'0',1,NULL,5,4,NULL,'2014-08-13 04:18:45','BOL',NULL,10,193,10,'1',780,'',0),(129167,'Sang Hee','Lee','F','1968-10-21','salee@iyf.com',3,'0',1,NULL,5,4,NULL,'2014-08-13 04:22:02','CHL',NULL,10,554,10,'1',780,'',0),(129168,'Seungree','Yang','F','1994-02-22','syang@iyf.com',3,'0',1,NULL,5,4,NULL,'2014-08-13 04:30:02','CHL',NULL,10,554,10,'1',780,'',0),(129169,'Saeyeong ','Kim','F','1994-04-20','saekim@iyf.com',3,'0',1,NULL,5,4,NULL,'2014-08-13 04:34:20','CHL',NULL,10,554,10,'1',780,'',0),(129170,'Hansol','Lee','F','1993-02-26','hanlee@iyf.com',3,'0',1,NULL,5,4,NULL,'2014-08-13 04:36:59','CHL',NULL,10,554,10,'1',780,'',0),(129171,'Yamel','Cedillo','F','1974-10-04','yamelhrdez@iyf.com',3,'0',1,NULL,5,1,NULL,'2014-08-13 04:48:16','MEX',NULL,5,2548,8,'1',700,'Hernandez',0),(129172,'Uziel Gustavo','Rios','M','1992-03-12','lobo_1016@hotmail.com',2,'0',1,NULL,5,3,NULL,'2014-08-13 14:24:50','MEX',NULL,5,NULL,10,'1',700,'Santillan',0),(129173,'Yamel','Juarez','M','2001-09-28','yjuarez@iyf.com',1,'0',1,NULL,5,1,NULL,'2014-08-13 14:29:17','MEX',NULL,5,2548,8,'1',700,'Cedillo',0),(129174,'Maria de Lourdes','Olguín','F','1959-08-15','molgu[iniyf.com',2,'0',1,NULL,5,1,NULL,'2014-08-13 14:30:36','MEX',NULL,5,2548,8,'1',700,'Sanchez',0),(129175,'Luis Felipe','Ortiz','M','2001-05-14','lortiz@iyf.com',1,'0',1,NULL,5,1,NULL,'2014-08-13 14:35:17','MEX',NULL,5,2548,8,'1',700,'Gonzales',0),(129176,'David Alejandro','Garc[ia ','M','1997-05-30','dabicho_1996@hotmail.com',2,'0',1,NULL,5,1,NULL,'2014-08-13 14:36:44','MEX',NULL,1,2563,1,'1',700,'Jimenez',0),(129177,'Aurora','Gutierrez','F','1969-09-14','agutierrez@iyf.com',3,'0',1,NULL,5,1,NULL,'2014-08-13 14:40:31','MEX',NULL,5,2548,8,'1',700,'Cruz',0),(129178,'Mariela','García ','F','1992-12-31','marielagj_vch@hotmail.com',3,'0',1,NULL,5,1,NULL,'2014-08-13 14:40:41','MEX',NULL,1,2563,2,'1',700,'Jiménez',0),(129179,'Fabiola ','Barrera','F','1995-07-28','fabiola.bmtz.20@gmail.com',3,'0',1,NULL,5,1,NULL,'2014-08-13 14:44:42','MEX',NULL,9,2598,8,'1',700,'Martinez',0),(129180,'Arisbeth','Sanchez','F','1997-11-09','asanchez',2,'0',1,NULL,5,1,NULL,'2014-08-13 14:44:46','MEX',NULL,5,2548,8,'1',700,'Gutierrez',0),(129181,'Brenda','Cervantes','F','1995-06-29','bren0507@gmail.com',3,'0',1,NULL,5,1,NULL,'2014-08-13 14:48:51','MEX',NULL,9,2598,2,'1',700,'López',0),(129182,'Patricia','Hernandez','F','1987-12-03','iamtisahaloom@gmail.com',3,'0',1,NULL,5,1,NULL,'2014-08-13 14:48:53','MEX',NULL,5,2548,8,'1',700,'Rosales',0),(129183,'Berenice','Ibañez','F','1993-09-19','berenika2013@hotmail.com',3,'0',1,NULL,5,1,NULL,'2014-08-13 14:52:05','MEX',NULL,5,2548,8,'1',700,'Sanchez',0),(129184,'Arelly Monica','Ortiz','F','1991-10-23','drucky_090@hotmail.com',1,'0',1,NULL,5,3,NULL,'2014-08-13 14:57:45','MEX',NULL,5,2577,10,'1',700,'Hernandez',0);
/*!40000 ALTER TABLE `users` ENABLE KEYS */;
UNLOCK TABLES;

--
-- Table structure for table `usertypes`
--

DROP TABLE IF EXISTS `usertypes`;
/*!40101 SET @saved_cs_client     = @@character_set_client */;
/*!40101 SET character_set_client = utf8 */;
CREATE TABLE `usertypes` (
  `id_usertype` int(11) NOT NULL auto_increment,
  `name` varchar(45) default NULL,
  `description` varchar(45) default NULL,
  PRIMARY KEY  (`id_usertype`)
) ENGINE=InnoDB AUTO_INCREMENT=6 DEFAULT CHARSET=utf8;
/*!40101 SET character_set_client = @saved_cs_client */;

--
-- Dumping data for table `usertypes`
--

LOCK TABLES `usertypes` WRITE;
/*!40000 ALTER TABLE `usertypes` DISABLE KEYS */;
INSERT INTO `usertypes` VALUES (1,'Administrador',NULL),(2,'Supervisor',NULL),(3,'Registrador',NULL),(4,'Cajero',NULL),(5,'Participante',NULL);
/*!40000 ALTER TABLE `usertypes` ENABLE KEYS */;
UNLOCK TABLES;
/*!40103 SET TIME_ZONE=@OLD_TIME_ZONE */;

/*!40101 SET SQL_MODE=@OLD_SQL_MODE */;
/*!40014 SET FOREIGN_KEY_CHECKS=@OLD_FOREIGN_KEY_CHECKS */;
/*!40014 SET UNIQUE_CHECKS=@OLD_UNIQUE_CHECKS */;
/*!40101 SET CHARACTER_SET_CLIENT=@OLD_CHARACTER_SET_CLIENT */;
/*!40101 SET CHARACTER_SET_RESULTS=@OLD_CHARACTER_SET_RESULTS */;
/*!40101 SET COLLATION_CONNECTION=@OLD_COLLATION_CONNECTION */;
/*!40111 SET SQL_NOTES=@OLD_SQL_NOTES */;

-- Dump completed on 2014-08-14 12:25:20
