CREATE DATABASE  IF NOT EXISTS `iyfevent` /*!40100 DEFAULT CHARACTER SET utf8 */;
USE `iyfevent`;
-- MySQL dump 10.13  Distrib 5.6.11, for Win32 (x86)
--
-- Host: 68.178.216.177    Database: iyfevent
-- ------------------------------------------------------
-- Server version	5.0.96-log

/*!40101 SET @OLD_CHARACTER_SET_CLIENT=@@CHARACTER_SET_CLIENT */;
/*!40101 SET @OLD_CHARACTER_SET_RESULTS=@@CHARACTER_SET_RESULTS */;
/*!40101 SET @OLD_COLLATION_CONNECTION=@@COLLATION_CONNECTION */;
/*!40101 SET NAMES utf8 */;
/*!40103 SET @OLD_TIME_ZONE=@@TIME_ZONE */;
/*!40103 SET TIME_ZONE='+00:00' */;
/*!40014 SET @OLD_UNIQUE_CHECKS=@@UNIQUE_CHECKS, UNIQUE_CHECKS=0 */;
/*!40014 SET @OLD_FOREIGN_KEY_CHECKS=@@FOREIGN_KEY_CHECKS, FOREIGN_KEY_CHECKS=0 */;
/*!40101 SET @OLD_SQL_MODE=@@SQL_MODE, SQL_MODE='NO_AUTO_VALUE_ON_ZERO' */;
/*!40111 SET @OLD_SQL_NOTES=@@SQL_NOTES, SQL_NOTES=0 */;

--
-- Not dumping tablespaces as no INFORMATION_SCHEMA.FILES table on this server
--

--
-- Table structure for table `cities`
--

DROP TABLE IF EXISTS `cities`;
/*!40101 SET @saved_cs_client     = @@character_set_client */;
/*!40101 SET character_set_client = utf8 */;
CREATE TABLE `cities` (
  `id_city` int(11) NOT NULL auto_increment,
  `name` char(35) NOT NULL default '',
  `id_country` char(3) NOT NULL default '',
  `district` char(20) NOT NULL default '',
  `population` int(11) NOT NULL default '0',
  PRIMARY KEY  (`id_city`),
  KEY `fk_cities_1_idx` (`id_country`)
) ENGINE=InnoDB AUTO_INCREMENT=3596 DEFAULT CHARSET=utf8 COMMENT='chanfe collatio';
/*!40101 SET character_set_client = @saved_cs_client */;

--
-- Dumping data for table `cities`
--

LOCK TABLES `cities` WRITE;
/*!40000 ALTER TABLE `cities` DISABLE KEYS */;
INSERT INTO `cities` VALUES (69,'Buenos Aires','ARG','Distrito Federal',2982146),(70,'La Matanza','ARG','Buenos Aires',1266461),(71,'Córdoba','ARG','Córdoba',1157507),(72,'Rosario','ARG','Santa Fé',907718),(73,'Lomas de Zamora','ARG','Buenos Aires',622013),(74,'Quilmes','ARG','Buenos Aires',559249),(75,'Almirante Brown','ARG','Buenos Aires',538918),(76,'La Plata','ARG','Buenos Aires',521936),(77,'Mar del Plata','ARG','Buenos Aires',512880),(78,'San Miguel de Tucumán','ARG','Tucumán',470809),(79,'Lanús','ARG','Buenos Aires',469735),(80,'Merlo','ARG','Buenos Aires',463846),(81,'General San Martín','ARG','Buenos Aires',422542),(82,'Salta','ARG','Salta',367550),(83,'Moreno','ARG','Buenos Aires',356993),(84,'Santa Fé','ARG','Santa Fé',353063),(85,'Avellaneda','ARG','Buenos Aires',353046),(86,'Tres de Febrero','ARG','Buenos Aires',352311),(87,'Morón','ARG','Buenos Aires',349246),(88,'Florencio Varela','ARG','Buenos Aires',315432),(89,'San Isidro','ARG','Buenos Aires',306341),(90,'Tigre','ARG','Buenos Aires',296226),(91,'Malvinas Argentinas','ARG','Buenos Aires',290335),(92,'Vicente López','ARG','Buenos Aires',288341),(93,'Berazategui','ARG','Buenos Aires',276916),(94,'Corrientes','ARG','Corrientes',258103),(95,'San Miguel','ARG','Buenos Aires',248700),(96,'Bahía Blanca','ARG','Buenos Aires',239810),(97,'Esteban Echeverría','ARG','Buenos Aires',235760),(98,'Resistencia','ARG','Chaco',229212),(99,'José C. Paz','ARG','Buenos Aires',221754),(100,'Paraná','ARG','Entre Rios',207041),(101,'Godoy Cruz','ARG','Mendoza',206998),(102,'Posadas','ARG','Misiones',201273),(103,'Guaymallén','ARG','Mendoza',200595),(104,'Santiago del Estero','ARG','Santiago del Estero',189947),(105,'San Salvador de Jujuy','ARG','Jujuy',178748),(106,'Hurlingham','ARG','Buenos Aires',170028),(107,'Neuquén','ARG','Neuquén',167296),(108,'Ituzaingó','ARG','Buenos Aires',158197),(109,'San Fernando','ARG','Buenos Aires',153036),(110,'Formosa','ARG','Formosa',147636),(111,'Las Heras','ARG','Mendoza',145823),(112,'La Rioja','ARG','La Rioja',138117),(113,'San Fernando del Valle de Cata','ARG','Catamarca',134935),(114,'Río Cuarto','ARG','Córdoba',134355),(115,'Comodoro Rivadavia','ARG','Chubut',124104),(116,'Mendoza','ARG','Mendoza',123027),(117,'San Nicolás de los Arroyos','ARG','Buenos Aires',119302),(118,'San Juan','ARG','San Juan',119152),(119,'Escobar','ARG','Buenos Aires',116675),(120,'Concordia','ARG','Entre Rios',116485),(121,'Pilar','ARG','Buenos Aires',113428),(122,'San Luis','ARG','San Luis',110136),(123,'Ezeiza','ARG','Buenos Aires',99578),(124,'San Rafael','ARG','Mendoza',94651),(125,'Tandil','ARG','Buenos Aires',91101),(193,'Santa Cruz de la Sierra','BOL','Santa Cruz',935361),(194,'La Paz','BOL','La Paz',758141),(195,'El Alto','BOL','La Paz',534466),(196,'Cochabamba','BOL','Cochabamba',482800),(197,'Oruro','BOL','Oruro',223553),(198,'Sucre','BOL','Chuquisaca',178426),(199,'Potosí','BOL','Potosí',140642),(200,'Tarija','BOL','Tarija',125255),(206,'São Paulo','BRA','São Paulo',9968485),(207,'Rio de Janeiro','BRA','Rio de Janeiro',5598953),(208,'Salvador','BRA','Bahia',2302832),(209,'Belo Horizonte','BRA','Minas Gerais',2139125),(210,'Fortaleza','BRA','Ceará',2097757),(211,'Brasília','BRA','Distrito Federal',1969868),(212,'Curitiba','BRA','Paraná',1584232),(213,'Recife','BRA','Pernambuco',1378087),(214,'Porto Alegre','BRA','Rio Grande do Sul',1314032),(215,'Manaus','BRA','Amazonas',1255049),(216,'Belém','BRA','Pará',1186926),(217,'Guarulhos','BRA','São Paulo',1095874),(218,'Goiânia','BRA','Goiás',1056330),(219,'Campinas','BRA','São Paulo',950043),(220,'São Gonçalo','BRA','Rio de Janeiro',869254),(221,'Nova Iguaçu','BRA','Rio de Janeiro',862225),(222,'São Luís','BRA','Maranhão',837588),(223,'Maceió','BRA','Alagoas',786288),(224,'Duque de Caxias','BRA','Rio de Janeiro',746758),(225,'São Bernardo do Campo','BRA','São Paulo',723132),(226,'Teresina','BRA','Piauí',691942),(227,'Natal','BRA','Rio Grande do Norte',688955),(228,'Osasco','BRA','São Paulo',659604),(229,'Campo Grande','BRA','Mato Grosso do Sul',649593),(230,'Santo André','BRA','São Paulo',630073),(231,'João Pessoa','BRA','Paraíba',584029),(232,'Jaboatão dos Guararapes','BRA','Pernambuco',558680),(233,'Contagem','BRA','Minas Gerais',520801),(234,'São José dos Campos','BRA','São Paulo',515553),(235,'Uberlândia','BRA','Minas Gerais',487222),(236,'Feira de Santana','BRA','Bahia',479992),(237,'Ribeirão Preto','BRA','São Paulo',473276),(238,'Sorocaba','BRA','São Paulo',466823),(239,'Niterói','BRA','Rio de Janeiro',459884),(240,'Cuiabá','BRA','Mato Grosso',453813),(241,'Juiz de Fora','BRA','Minas Gerais',450288),(242,'Aracaju','BRA','Sergipe',445555),(243,'São João de Meriti','BRA','Rio de Janeiro',440052),(244,'Londrina','BRA','Paraná',432257),(245,'Joinville','BRA','Santa Catarina',428011),(246,'Belford Roxo','BRA','Rio de Janeiro',425194),(247,'Santos','BRA','São Paulo',408748),(248,'Ananindeua','BRA','Pará',400940),(249,'Campos dos Goytacazes','BRA','Rio de Janeiro',398418),(250,'Mauá','BRA','São Paulo',375055),(251,'Carapicuíba','BRA','São Paulo',357552),(252,'Olinda','BRA','Pernambuco',354732),(253,'Campina Grande','BRA','Paraíba',352497),(254,'São José do Rio Preto','BRA','São Paulo',351944),(255,'Caxias do Sul','BRA','Rio Grande do Sul',349581),(256,'Moji das Cruzes','BRA','São Paulo',339194),(257,'Diadema','BRA','São Paulo',335078),(258,'Aparecida de Goiânia','BRA','Goiás',324662),(259,'Piracicaba','BRA','São Paulo',319104),(260,'Cariacica','BRA','Espírito Santo',319033),(261,'Vila Velha','BRA','Espírito Santo',318758),(262,'Pelotas','BRA','Rio Grande do Sul',315415),(263,'Bauru','BRA','São Paulo',313670),(264,'Porto Velho','BRA','Rondônia',309750),(265,'Serra','BRA','Espírito Santo',302666),(266,'Betim','BRA','Minas Gerais',302108),(267,'Jundíaí','BRA','São Paulo',296127),(268,'Canoas','BRA','Rio Grande do Sul',294125),(269,'Franca','BRA','São Paulo',290139),(270,'São Vicente','BRA','São Paulo',286848),(271,'Maringá','BRA','Paraná',286461),(272,'Montes Claros','BRA','Minas Gerais',286058),(273,'Anápolis','BRA','Goiás',282197),(274,'Florianópolis','BRA','Santa Catarina',281928),(275,'Petrópolis','BRA','Rio de Janeiro',279183),(276,'Itaquaquecetuba','BRA','São Paulo',270874),(277,'Vitória','BRA','Espírito Santo',270626),(278,'Ponta Grossa','BRA','Paraná',268013),(279,'Rio Branco','BRA','Acre',259537),(280,'Foz do Iguaçu','BRA','Paraná',259425),(281,'Macapá','BRA','Amapá',256033),(282,'Ilhéus','BRA','Bahia',254970),(283,'Vitória da Conquista','BRA','Bahia',253587),(284,'Uberaba','BRA','Minas Gerais',249225),(285,'Paulista','BRA','Pernambuco',248473),(286,'Limeira','BRA','São Paulo',245497),(287,'Blumenau','BRA','Santa Catarina',244379),(288,'Caruaru','BRA','Pernambuco',244247),(289,'Santarém','BRA','Pará',241771),(290,'Volta Redonda','BRA','Rio de Janeiro',240315),(291,'Novo Hamburgo','BRA','Rio Grande do Sul',239940),(292,'Caucaia','BRA','Ceará',238738),(293,'Santa Maria','BRA','Rio Grande do Sul',238473),(294,'Cascavel','BRA','Paraná',237510),(295,'Guarujá','BRA','São Paulo',237206),(296,'Ribeirão das Neves','BRA','Minas Gerais',232685),(297,'Governador Valadares','BRA','Minas Gerais',231724),(298,'Taubaté','BRA','São Paulo',229130),(299,'Imperatriz','BRA','Maranhão',224564),(300,'Gravataí','BRA','Rio Grande do Sul',223011),(301,'Embu','BRA','São Paulo',222223),(302,'Mossoró','BRA','Rio Grande do Norte',214901),(303,'Várzea Grande','BRA','Mato Grosso',214435),(304,'Petrolina','BRA','Pernambuco',210540),(305,'Barueri','BRA','São Paulo',208426),(306,'Viamão','BRA','Rio Grande do Sul',207557),(307,'Ipatinga','BRA','Minas Gerais',206338),(308,'Juazeiro','BRA','Bahia',201073),(309,'Juazeiro do Norte','BRA','Ceará',199636),(310,'Taboão da Serra','BRA','São Paulo',197550),(311,'São José dos Pinhais','BRA','Paraná',196884),(312,'Magé','BRA','Rio de Janeiro',196147),(313,'Suzano','BRA','São Paulo',195434),(314,'São Leopoldo','BRA','Rio Grande do Sul',189258),(315,'Marília','BRA','São Paulo',188691),(316,'São Carlos','BRA','São Paulo',187122),(317,'Sumaré','BRA','São Paulo',186205),(318,'Presidente Prudente','BRA','São Paulo',185340),(319,'Divinópolis','BRA','Minas Gerais',185047),(320,'Sete Lagoas','BRA','Minas Gerais',182984),(321,'Rio Grande','BRA','Rio Grande do Sul',182222),(322,'Itabuna','BRA','Bahia',182148),(323,'Jequié','BRA','Bahia',179128),(324,'Arapiraca','BRA','Alagoas',178988),(325,'Colombo','BRA','Paraná',177764),(326,'Americana','BRA','São Paulo',177409),(327,'Alvorada','BRA','Rio Grande do Sul',175574),(328,'Araraquara','BRA','São Paulo',174381),(329,'Itaboraí','BRA','Rio de Janeiro',173977),(330,'Santa Bárbara d´Oeste','BRA','São Paulo',171657),(331,'Nova Friburgo','BRA','Rio de Janeiro',170697),(332,'Jacareí','BRA','São Paulo',170356),(333,'Araçatuba','BRA','São Paulo',169303),(334,'Barra Mansa','BRA','Rio de Janeiro',168953),(335,'Praia Grande','BRA','São Paulo',168434),(336,'Marabá','BRA','Pará',167795),(337,'Criciúma','BRA','Santa Catarina',167661),(338,'Boa Vista','BRA','Roraima',167185),(339,'Passo Fundo','BRA','Rio Grande do Sul',166343),(340,'Dourados','BRA','Mato Grosso do Sul',164716),(341,'Santa Luzia','BRA','Minas Gerais',164704),(342,'Rio Claro','BRA','São Paulo',163551),(343,'Maracanaú','BRA','Ceará',162022),(344,'Guarapuava','BRA','Paraná',160510),(345,'Rondonópolis','BRA','Mato Grosso',155115),(346,'São José','BRA','Santa Catarina',155105),(347,'Cachoeiro de Itapemirim','BRA','Espírito Santo',155024),(348,'Nilópolis','BRA','Rio de Janeiro',153383),(349,'Itapevi','BRA','São Paulo',150664),(350,'Cabo de Santo Agostinho','BRA','Pernambuco',149964),(351,'Camaçari','BRA','Bahia',149146),(352,'Sobral','BRA','Ceará',146005),(353,'Itajaí','BRA','Santa Catarina',145197),(354,'Chapecó','BRA','Santa Catarina',144158),(355,'Cotia','BRA','São Paulo',140042),(356,'Lages','BRA','Santa Catarina',139570),(357,'Ferraz de Vasconcelos','BRA','São Paulo',139283),(358,'Indaiatuba','BRA','São Paulo',135968),(359,'Hortolândia','BRA','São Paulo',135755),(360,'Caxias','BRA','Maranhão',133980),(361,'São Caetano do Sul','BRA','São Paulo',133321),(362,'Itu','BRA','São Paulo',132736),(363,'Nossa Senhora do Socorro','BRA','Sergipe',131351),(364,'Parnaíba','BRA','Piauí',129756),(365,'Poços de Caldas','BRA','Minas Gerais',129683),(366,'Teresópolis','BRA','Rio de Janeiro',128079),(367,'Barreiras','BRA','Bahia',127801),(368,'Castanhal','BRA','Pará',127634),(369,'Alagoinhas','BRA','Bahia',126820),(370,'Itapecerica da Serra','BRA','São Paulo',126672),(371,'Uruguaiana','BRA','Rio Grande do Sul',126305),(372,'Paranaguá','BRA','Paraná',126076),(373,'Ibirité','BRA','Minas Gerais',125982),(374,'Timon','BRA','Maranhão',125812),(375,'Luziânia','BRA','Goiás',125597),(376,'Macaé','BRA','Rio de Janeiro',125597),(377,'Teófilo Otoni','BRA','Minas Gerais',124489),(378,'Moji-Guaçu','BRA','São Paulo',123782),(379,'Palmas','BRA','Tocantins',121919),(380,'Pindamonhangaba','BRA','São Paulo',121904),(381,'Francisco Morato','BRA','São Paulo',121197),(382,'Bagé','BRA','Rio Grande do Sul',120793),(383,'Sapucaia do Sul','BRA','Rio Grande do Sul',120217),(384,'Cabo Frio','BRA','Rio de Janeiro',119503),(385,'Itapetininga','BRA','São Paulo',119391),(386,'Patos de Minas','BRA','Minas Gerais',119262),(387,'Camaragibe','BRA','Pernambuco',118968),(388,'Bragança Paulista','BRA','São Paulo',116929),(389,'Queimados','BRA','Rio de Janeiro',115020),(390,'Araguaína','BRA','Tocantins',114948),(391,'Garanhuns','BRA','Pernambuco',114603),(392,'Vitória de Santo Antão','BRA','Pernambuco',113595),(393,'Santa Rita','BRA','Paraíba',113135),(394,'Barbacena','BRA','Minas Gerais',113079),(395,'Abaetetuba','BRA','Pará',111258),(396,'Jaú','BRA','São Paulo',109965),(397,'Lauro de Freitas','BRA','Bahia',109236),(398,'Franco da Rocha','BRA','São Paulo',108964),(399,'Teixeira de Freitas','BRA','Bahia',108441),(400,'Varginha','BRA','Minas Gerais',108314),(401,'Ribeirão Pires','BRA','São Paulo',108121),(402,'Sabará','BRA','Minas Gerais',107781),(403,'Catanduva','BRA','São Paulo',107761),(404,'Rio Verde','BRA','Goiás',107755),(405,'Botucatu','BRA','São Paulo',107663),(406,'Colatina','BRA','Espírito Santo',107354),(407,'Santa Cruz do Sul','BRA','Rio Grande do Sul',106734),(408,'Linhares','BRA','Espírito Santo',106278),(409,'Apucarana','BRA','Paraná',105114),(410,'Barretos','BRA','São Paulo',104156),(411,'Guaratinguetá','BRA','São Paulo',103433),(412,'Cachoeirinha','BRA','Rio Grande do Sul',103240),(413,'Codó','BRA','Maranhão',103153),(414,'Jaraguá do Sul','BRA','Santa Catarina',102580),(415,'Cubatão','BRA','São Paulo',102372),(416,'Itabira','BRA','Minas Gerais',102217),(417,'Itaituba','BRA','Pará',101320),(418,'Araras','BRA','São Paulo',101046),(419,'Resende','BRA','Rio de Janeiro',100627),(420,'Atibaia','BRA','São Paulo',100356),(421,'Pouso Alegre','BRA','Minas Gerais',100028),(422,'Toledo','BRA','Paraná',99387),(423,'Crato','BRA','Ceará',98965),(424,'Passos','BRA','Minas Gerais',98570),(425,'Araguari','BRA','Minas Gerais',98399),(426,'São José de Ribamar','BRA','Maranhão',98318),(427,'Pinhais','BRA','Paraná',98198),(428,'Sertãozinho','BRA','São Paulo',98140),(429,'Conselheiro Lafaiete','BRA','Minas Gerais',97507),(430,'Paulo Afonso','BRA','Bahia',97291),(431,'Angra dos Reis','BRA','Rio de Janeiro',96864),(432,'Eunápolis','BRA','Bahia',96610),(433,'Salto','BRA','São Paulo',96348),(434,'Ourinhos','BRA','São Paulo',96291),(435,'Parnamirim','BRA','Rio Grande do Norte',96210),(436,'Jacobina','BRA','Bahia',96131),(437,'Coronel Fabriciano','BRA','Minas Gerais',95933),(438,'Birigui','BRA','São Paulo',94685),(439,'Tatuí','BRA','São Paulo',93897),(440,'Ji-Paraná','BRA','Rondônia',93346),(441,'Bacabal','BRA','Maranhão',93121),(442,'Cametá','BRA','Pará',92779),(443,'Guaíba','BRA','Rio Grande do Sul',92224),(444,'São Lourenço da Mata','BRA','Pernambuco',91999),(445,'Santana do Livramento','BRA','Rio Grande do Sul',91779),(446,'Votorantim','BRA','São Paulo',91777),(447,'Campo Largo','BRA','Paraná',91203),(448,'Patos','BRA','Paraíba',90519),(449,'Ituiutaba','BRA','Minas Gerais',90507),(450,'Corumbá','BRA','Mato Grosso do Sul',90111),(451,'Palhoça','BRA','Santa Catarina',89465),(452,'Barra do Piraí','BRA','Rio de Janeiro',89388),(453,'Bento Gonçalves','BRA','Rio Grande do Sul',89254),(454,'Poá','BRA','São Paulo',89236),(455,'Águas Lindas de Goiás','BRA','Goiás',89200),(554,'Santiago de Chile','CHL','Santiago',4703954),(555,'Puente Alto','CHL','Santiago',386236),(556,'Viña del Mar','CHL','Valparaíso',312493),(557,'Valparaíso','CHL','Valparaíso',293800),(558,'Talcahuano','CHL','Bíobío',277752),(559,'Antofagasta','CHL','Antofagasta',251429),(560,'San Bernardo','CHL','Santiago',241910),(561,'Temuco','CHL','La Araucanía',233041),(562,'Concepción','CHL','Bíobío',217664),(563,'Rancagua','CHL','O´Higgins',212977),(564,'Arica','CHL','Tarapacá',189036),(565,'Talca','CHL','Maule',187557),(566,'Chillán','CHL','Bíobío',178182),(567,'Iquique','CHL','Tarapacá',177892),(568,'Los Angeles','CHL','Bíobío',158215),(569,'Puerto Montt','CHL','Los Lagos',152194),(570,'Coquimbo','CHL','Coquimbo',143353),(571,'Osorno','CHL','Los Lagos',141468),(572,'La Serena','CHL','Coquimbo',137409),(573,'Calama','CHL','Antofagasta',137265),(574,'Valdivia','CHL','Los Lagos',133106),(575,'Punta Arenas','CHL','Magallanes',125631),(576,'Copiapó','CHL','Atacama',120128),(577,'Quilpué','CHL','Valparaíso',118857),(578,'Curicó','CHL','Maule',115766),(579,'Ovalle','CHL','Coquimbo',94854),(580,'Coronel','CHL','Bíobío',93061),(581,'San Pedro de la Paz','CHL','Bíobío',91684),(582,'Melipilla','CHL','Santiago',91056),(584,'San José','CRI','San José',339131),(587,'Santo Domingo de Guzmán','DOM','Distrito Nacional',1609966),(588,'Santiago de los Caballeros','DOM','Santiago',365463),(589,'La Romana','DOM','La Romana',140204),(590,'San Pedro de Macorís','DOM','San Pedro de Macorís',124735),(591,'San Francisco de Macorís','DOM','Duarte',108485),(592,'San Felipe de Puerto Plata','DOM','Puerto Plata',89423),(593,'Guayaquil','ECU','Guayas',2070040),(594,'Quito','ECU','Pichincha',1573458),(595,'Cuenca','ECU','Azuay',270353),(596,'Machala','ECU','El Oro',210368),(597,'Santo Domingo de los Colorados','ECU','Pichincha',202111),(598,'Portoviejo','ECU','Manabí',176413),(599,'Ambato','ECU','Tungurahua',169612),(600,'Manta','ECU','Manabí',164739),(601,'Duran [Eloy Alfaro]','ECU','Guayas',152514),(602,'Ibarra','ECU','Imbabura',130643),(603,'Quevedo','ECU','Los Ríos',129631),(604,'Milagro','ECU','Guayas',124177),(605,'Loja','ECU','Loja',123875),(606,'Ríobamba','ECU','Chimborazo',123163),(607,'Esmeraldas','ECU','Esmeraldas',123045),(929,'Port-au-Prince','HTI','Ouest',884472),(930,'Carrefour','HTI','Ouest',290204),(931,'Delmas','HTI','Ouest',240429),(932,'Le-Cap-Haïtien','HTI','Nord',102233),(1529,'Spanish Town','JAM','St. Catherine',110379),(1530,'Kingston','JAM','St. Andrew',103962),(1531,'Portmore','JAM','St. Andrew',99799),(2257,'Santafé de Bogotá','COL','Santafé de Bogotá',6260862),(2258,'Cali','COL','Valle',2077386),(2259,'Medellín','COL','Antioquia',1861265),(2260,'Barranquilla','COL','Atlántico',1223260),(2261,'Cartagena','COL','Bolívar',805757),(2262,'Cúcuta','COL','Norte de Santander',606932),(2263,'Bucaramanga','COL','Santander',515555),(2264,'Ibagué','COL','Tolima',393664),(2265,'Pereira','COL','Risaralda',381725),(2266,'Santa Marta','COL','Magdalena',359147),(2267,'Manizales','COL','Caldas',337580),(2268,'Bello','COL','Antioquia',333470),(2269,'Pasto','COL','Nariño',332396),(2270,'Neiva','COL','Huila',300052),(2271,'Soledad','COL','Atlántico',295058),(2272,'Armenia','COL','Quindío',288977),(2273,'Villavicencio','COL','Meta',273140),(2274,'Soacha','COL','Cundinamarca',272058),(2275,'Valledupar','COL','Cesar',263247),(2276,'Montería','COL','Córdoba',248245),(2277,'Itagüí','COL','Antioquia',228985),(2278,'Palmira','COL','Valle',226509),(2279,'Buenaventura','COL','Valle',224336),(2280,'Floridablanca','COL','Santander',221913),(2281,'Sincelejo','COL','Sucre',220704),(2282,'Popayán','COL','Cauca',200719),(2283,'Barrancabermeja','COL','Santander',178020),(2284,'Dos Quebradas','COL','Risaralda',159363),(2285,'Tuluá','COL','Valle',152488),(2286,'Envigado','COL','Antioquia',135848),(2287,'Cartago','COL','Valle',125884),(2288,'Girardot','COL','Cundinamarca',110963),(2289,'Buga','COL','Valle',110699),(2290,'Tunja','COL','Boyacá',109740),(2291,'Florencia','COL','Caquetá',108574),(2292,'Maicao','COL','La Guajira',108053),(2293,'Sogamoso','COL','Boyacá',107728),(2294,'Giron','COL','Santander',90688),(2515,'Ciudad de México','MEX','Distrito Federal',8591309),(2516,'Guadalajara','MEX','Jalisco',1647720),(2517,'Ecatepec de Morelos','MEX','Estado de México',1620303),(2518,'Puebla','MEX','Puebla',1346176),(2519,'Nezahualcóyotl','MEX','Estado de México',1224924),(2520,'Juárez','MEX','Chihuahua',1217818),(2521,'Tijuana','MEX','Baja California',1212232),(2522,'León','MEX','Guanajuato',1133576),(2523,'Monterrey','MEX','Nuevo León',1108499),(2524,'Zapopan','MEX','Jalisco',1002239),(2525,'Naucalpan de Juárez','MEX','Estado de México',857511),(2526,'Mexicali','MEX','Baja California',764902),(2527,'Culiacán','MEX','Sinaloa',744859),(2528,'Acapulco de Juárez','MEX','Guerrero',721011),(2529,'Tlalnepantla de Baz','MEX','Estado de México',720755),(2530,'Mérida','MEX','Yucatán',703324),(2531,'Chihuahua','MEX','Chihuahua',670208),(2532,'San Luis Potosí','MEX','San Luis Potosí',669353),(2533,'Guadalupe','MEX','Nuevo León',668780),(2534,'Toluca','MEX','Estado de México',665617),(2535,'Aguascalientes','MEX','Aguascalientes',643360),(2536,'Querétaro','MEX','Querétaro de Arteaga',639839),(2537,'Morelia','MEX','Michoacán de Ocampo',619958),(2538,'Hermosillo','MEX','Sonora',608697),(2539,'Saltillo','MEX','Coahuila de Zaragoza',577352),(2540,'Torreón','MEX','Coahuila de Zaragoza',529093),(2541,'Centro (Villahermosa)','MEX','Tabasco',519873),(2542,'San Nicolás de los Garza','MEX','Nuevo León',495540),(2543,'Durango','MEX','Durango',490524),(2544,'Chimalhuacán','MEX','Estado de México',490245),(2545,'Tlaquepaque','MEX','Jalisco',475472),(2546,'Atizapán de Zaragoza','MEX','Estado de México',467262),(2547,'Veracruz','MEX','Veracruz',457119),(2548,'Cuautitlán Izcalli','MEX','Estado de México',452976),(2549,'Irapuato','MEX','Guanajuato',440039),(2550,'Tuxtla Gutiérrez','MEX','Chiapas',433544),(2551,'Tultitlán','MEX','Estado de México',432411),(2552,'Reynosa','MEX','Tamaulipas',419776),(2553,'Benito Juárez','MEX','Quintana Roo',419276),(2554,'Matamoros','MEX','Tamaulipas',416428),(2555,'Xalapa','MEX','Veracruz',390058),(2556,'Celaya','MEX','Guanajuato',382140),(2557,'Mazatlán','MEX','Sinaloa',380265),(2558,'Ensenada','MEX','Baja California',369573),(2559,'Ahome','MEX','Sinaloa',358663),(2560,'Cajeme','MEX','Sonora',355679),(2561,'Cuernavaca','MEX','Morelos',337966),(2562,'Tonalá','MEX','Jalisco',336109),(2563,'Valle de Chalco Solidaridad','MEX','Estado de México',323113),(2564,'Nuevo Laredo','MEX','Tamaulipas',310277),(2565,'Tepic','MEX','Nayarit',305025),(2566,'Tampico','MEX','Tamaulipas',294789),(2567,'Ixtapaluca','MEX','Estado de México',293160),(2568,'Apodaca','MEX','Nuevo León',282941),(2569,'Guasave','MEX','Sinaloa',277201),(2570,'Gómez Palacio','MEX','Durango',272806),(2571,'Tapachula','MEX','Chiapas',271141),(2572,'Nicolás Romero','MEX','Estado de México',269393),(2573,'Coatzacoalcos','MEX','Veracruz',267037),(2574,'Uruapan','MEX','Michoacán de Ocampo',265211),(2575,'Victoria','MEX','Tamaulipas',262686),(2576,'Oaxaca de Juárez','MEX','Oaxaca',256848),(2577,'Coacalco de Berriozábal','MEX','Estado de México',252270),(2578,'Pachuca de Soto','MEX','Hidalgo',244688),(2579,'General Escobedo','MEX','Nuevo León',232961),(2580,'Salamanca','MEX','Guanajuato',226864),(2581,'Santa Catarina','MEX','Nuevo León',226573),(2582,'Tehuacán','MEX','Puebla',225943),(2583,'Chalco','MEX','Estado de México',222201),(2584,'Cárdenas','MEX','Tabasco',216903),(2585,'Campeche','MEX','Campeche',216735),(2586,'La Paz','MEX','Estado de México',213045),(2587,'Othón P. Blanco (Chetumal)','MEX','Quintana Roo',208014),(2588,'Texcoco','MEX','Estado de México',203681),(2589,'La Paz','MEX','Baja California Sur',196708),(2590,'Metepec','MEX','Estado de México',194265),(2591,'Monclova','MEX','Coahuila de Zaragoza',193657),(2592,'Huixquilucan','MEX','Estado de México',193156),(2593,'Chilpancingo de los Bravo','MEX','Guerrero',192509),(2594,'Puerto Vallarta','MEX','Jalisco',183741),(2595,'Fresnillo','MEX','Zacatecas',182744),(2596,'Ciudad Madero','MEX','Tamaulipas',182012),(2597,'Soledad de Graciano Sánchez','MEX','San Luis Potosí',179956),(2598,'San Juan del Río','MEX','Querétaro',179300),(2599,'San Felipe del Progreso','MEX','Estado de México',177330),(2600,'Córdoba','MEX','Veracruz',176952),(2601,'Tecámac','MEX','Estado de México',172410),(2602,'Ocosingo','MEX','Chiapas',171495),(2603,'Carmen','MEX','Campeche',171367),(2604,'Lázaro Cárdenas','MEX','Michoacán de Ocampo',170878),(2605,'Jiutepec','MEX','Morelos',170428),(2606,'Papantla','MEX','Veracruz',170123),(2607,'Comalcalco','MEX','Tabasco',164640),(2608,'Zamora','MEX','Michoacán de Ocampo',161191),(2609,'Nogales','MEX','Sonora',159103),(2610,'Huimanguillo','MEX','Tabasco',158335),(2611,'Cuautla','MEX','Morelos',153132),(2612,'Minatitlán','MEX','Veracruz',152983),(2613,'Poza Rica de Hidalgo','MEX','Veracruz',152678),(2614,'Ciudad Valles','MEX','San Luis Potosí',146411),(2615,'Navolato','MEX','Sinaloa',145396),(2616,'San Luis Río Colorado','MEX','Sonora',145276),(2617,'Pénjamo','MEX','Guanajuato',143927),(2618,'San Andrés Tuxtla','MEX','Veracruz',142251),(2619,'Guanajuato','MEX','Guanajuato',141215),(2620,'Navojoa','MEX','Sonora',140495),(2621,'Zitácuaro','MEX','Michoacán de Ocampo',137970),(2622,'Boca del Río','MEX','Veracruz-Llave',135721),(2623,'Allende','MEX','Guanajuato',134645),(2624,'Silao','MEX','Guanajuato',134037),(2625,'Macuspana','MEX','Tabasco',133795),(2626,'San Juan Bautista Tuxtepec','MEX','Oaxaca',133675),(2627,'San Cristóbal de las Casas','MEX','Chiapas',132317),(2628,'Valle de Santiago','MEX','Guanajuato',130557),(2629,'Guaymas','MEX','Sonora',130108),(2630,'Colima','MEX','Colima',129454),(2631,'Dolores Hidalgo','MEX','Guanajuato',128675),(2632,'Lagos de Moreno','MEX','Jalisco',127949),(2633,'Piedras Negras','MEX','Coahuila de Zaragoza',127898),(2634,'Altamira','MEX','Tamaulipas',127490),(2635,'Túxpam','MEX','Veracruz',126475),(2636,'San Pedro Garza García','MEX','Nuevo León',126147),(2637,'Cuauhtémoc','MEX','Chihuahua',124279),(2638,'Manzanillo','MEX','Colima',124014),(2639,'Iguala de la Independencia','MEX','Guerrero',123883),(2640,'Zacatecas','MEX','Zacatecas',123700),(2641,'Tlajomulco de Zúñiga','MEX','Jalisco',123220),(2642,'Tulancingo de Bravo','MEX','Hidalgo',121946),(2643,'Zinacantepec','MEX','Estado de México',121715),(2644,'San Martín Texmelucan','MEX','Puebla',121093),(2645,'Tepatitlán de Morelos','MEX','Jalisco',118948),(2646,'Martínez de la Torre','MEX','Veracruz',118815),(2647,'Orizaba','MEX','Veracruz',118488),(2648,'Apatzingán','MEX','Michoacán de Ocampo',117849),(2649,'Atlixco','MEX','Puebla',117019),(2650,'Delicias','MEX','Chihuahua',116132),(2651,'Ixtlahuaca','MEX','Estado de México',115548),(2652,'El Mante','MEX','Tamaulipas',112453),(2653,'Lerdo','MEX','Durango',112272),(2654,'Almoloya de Juárez','MEX','Estado de México',110550),(2655,'Acámbaro','MEX','Guanajuato',110487),(2656,'Acuña','MEX','Coahuila de Zaragoza',110388),(2657,'Guadalupe','MEX','Zacatecas',108881),(2658,'Huejutla de Reyes','MEX','Hidalgo',108017),(2659,'Hidalgo','MEX','Michoacán de Ocampo',106198),(2660,'Los Cabos','MEX','Baja California Sur',105199),(2661,'Comitán de Domínguez','MEX','Chiapas',104986),(2662,'Cunduacán','MEX','Tabasco',104164),(2663,'Río Bravo','MEX','Tamaulipas',103901),(2664,'Temapache','MEX','Veracruz',102824),(2665,'Chilapa de Alvarez','MEX','Guerrero',102716),(2666,'Hidalgo del Parral','MEX','Chihuahua',100881),(2667,'San Francisco del Rincón','MEX','Guanajuato',100149),(2668,'Taxco de Alarcón','MEX','Guerrero',99907),(2669,'Zumpango','MEX','Estado de México',99781),(2670,'San Pedro Cholula','MEX','Puebla',99734),(2671,'Lerma','MEX','Estado de México',99714),(2672,'Tecomán','MEX','Colima',99296),(2673,'Las Margaritas','MEX','Chiapas',97389),(2674,'Cosoleacaque','MEX','Veracruz',97199),(2675,'San Luis de la Paz','MEX','Guanajuato',96763),(2676,'José Azueta','MEX','Guerrero',95448),(2677,'Santiago Ixcuintla','MEX','Nayarit',95311),(2678,'San Felipe','MEX','Guanajuato',95305),(2679,'Tejupilco','MEX','Estado de México',94934),(2680,'Tantoyuca','MEX','Veracruz',94709),(2681,'Salvatierra','MEX','Guanajuato',94322),(2682,'Tultepec','MEX','Estado de México',93364),(2683,'Temixco','MEX','Morelos',92686),(2684,'Matamoros','MEX','Coahuila de Zaragoza',91858),(2685,'Pánuco','MEX','Veracruz',90551),(2686,'El Fuerte','MEX','Sinaloa',89556),(2687,'Tierra Blanca','MEX','Veracruz',89143),(2882,'Ciudad de Panamá','PAN','Panamá',471373),(2883,'San Miguelito','PAN','San Miguelito',315382),(2885,'Asunción','PRY','Asunción',557776),(2886,'Ciudad del Este','PRY','Alto Paraná',133881),(2887,'San Lorenzo','PRY','Central',133395),(2888,'Lambaré','PRY','Central',99681),(2889,'Fernando de la Mora','PRY','Central',95287),(2890,'Lima','PER','Lima',6464693),(2891,'Arequipa','PER','Arequipa',762000),(2892,'Trujillo','PER','La Libertad',652000),(2893,'Chiclayo','PER','Lambayeque',517000),(2894,'Callao','PER','Callao',424294),(2895,'Iquitos','PER','Loreto',367000),(2896,'Chimbote','PER','Ancash',336000),(2897,'Huancayo','PER','Junín',327000),(2898,'Piura','PER','Piura',325000),(2899,'Cusco','PER','Cusco',291000),(2900,'Pucallpa','PER','Ucayali',220866),(2901,'Tacna','PER','Tacna',215683),(2902,'Ica','PER','Ica',194820),(2903,'Sullana','PER','Piura',147361),(2904,'Juliaca','PER','Puno',142576),(2905,'Huánuco','PER','Huanuco',129688),(2906,'Ayacucho','PER','Ayacucho',118960),(2907,'Chincha Alta','PER','Ica',110016),(2908,'Cajamarca','PER','Cajamarca',108009),(2909,'Puno','PER','Puno',101578),(2910,'Ventanilla','PER','Callao',101056),(2911,'Castilla','PER','Piura',90642),(3539,'Caracas','VEN','Distrito Federal',1975294),(3540,'Maracaíbo','VEN','Zulia',1304776),(3541,'Barquisimeto','VEN','Lara',877239),(3542,'Valencia','VEN','Carabobo',794246),(3543,'Ciudad Guayana','VEN','Bolívar',663713),(3544,'Petare','VEN','Miranda',488868),(3545,'Maracay','VEN','Aragua',444443),(3546,'Barcelona','VEN','Anzoátegui',322267),(3547,'Maturín','VEN','Monagas',319726),(3548,'San Cristóbal','VEN','Táchira',319373),(3549,'Ciudad Bolívar','VEN','Bolívar',301107),(3550,'Cumaná','VEN','Sucre',293105),(3551,'Mérida','VEN','Mérida',224887),(3552,'Cabimas','VEN','Zulia',221329),(3553,'Barinas','VEN','Barinas',217831),(3554,'Turmero','VEN','Aragua',217499),(3555,'Baruta','VEN','Miranda',207290),(3556,'Puerto Cabello','VEN','Carabobo',187722),(3557,'Santa Ana de Coro','VEN','Falcón',185766),(3558,'Los Teques','VEN','Miranda',178784),(3559,'Punto Fijo','VEN','Falcón',167215),(3560,'Guarenas','VEN','Miranda',165889),(3561,'Acarigua','VEN','Portuguesa',158954),(3562,'Puerto La Cruz','VEN','Anzoátegui',155700),(3563,'Ciudad Losada','VEN','',134501),(3564,'Guacara','VEN','Carabobo',131334),(3565,'Valera','VEN','Trujillo',130281),(3566,'Guanare','VEN','Portuguesa',125621),(3567,'Carúpano','VEN','Sucre',119639),(3568,'Catia La Mar','VEN','Distrito Federal',117012),(3569,'El Tigre','VEN','Anzoátegui',116256),(3570,'Guatire','VEN','Miranda',109121),(3571,'Calabozo','VEN','Guárico',107146),(3572,'Pozuelos','VEN','Anzoátegui',105690),(3573,'Ciudad Ojeda','VEN','Zulia',99354),(3574,'Ocumare del Tuy','VEN','Miranda',97168),(3575,'Valle de la Pascua','VEN','Guárico',95927),(3576,'Araure','VEN','Portuguesa',94269),(3577,'San Fernando de Apure','VEN','Apure',93809),(3578,'San Felipe','VEN','Yaracuy',90940),(3579,'El Limón','VEN','Aragua',90000),(3580,'Alvaro Obregón','MEX','Distrito Federal',0),(3581,'Azcapotzalco','MEX','Distrito Federal',0),(3582,'Benito Juárez','MEX','Distrito Federal',0),(3583,'Coyoacán','MEX','Distrito Federal',0),(3584,'Cuajimalpa de Morelos','MEX','Distrito Federal',0),(3585,'Cuauhtémoc','MEX','Distrito Federal',0),(3586,'Gustavo A. Madero','MEX','Distrito Federal',0),(3587,'Iztacalco','MEX','Distrito Federal',0),(3588,'Iztapalapa','MEX','Distrito Federal',0),(3589,'Magdalena Contreras','MEX','Distrito Federal',0),(3590,'Miguel Hidalgo','MEX','Distrito Federal',0),(3591,'Milpa Alta','MEX','Distrito Federal',0),(3592,'Tláhuac','MEX','Distrito Federal',0),(3593,'Tlalpan','MEX','Distrito Federal',0),(3594,'Venustiano Carranza','MEX','Distrito Federal',0),(3595,'Xochimilco','MEX','Distrito Federal',0);
/*!40000 ALTER TABLE `cities` ENABLE KEYS */;
UNLOCK TABLES;

--
-- Table structure for table `contact_type`
--

DROP TABLE IF EXISTS `contact_type`;
/*!40101 SET @saved_cs_client     = @@character_set_client */;
/*!40101 SET character_set_client = utf8 */;
CREATE TABLE `contact_type` (
  `id_contact_type` int(11) NOT NULL auto_increment,
  `name` varchar(45) default NULL,
  `description` varchar(45) default NULL,
  PRIMARY KEY  (`id_contact_type`)
) ENGINE=InnoDB AUTO_INCREMENT=6 DEFAULT CHARSET=utf8;
/*!40101 SET character_set_client = @saved_cs_client */;

--
-- Dumping data for table `contact_type`
--

LOCK TABLES `contact_type` WRITE;
/*!40000 ALTER TABLE `contact_type` DISABLE KEYS */;
INSERT INTO `contact_type` VALUES (1,'Teléfono casa',NULL),(2,'Celular',NULL),(3,'Usuario Skype',NULL),(4,'Usuairo Facebook',NULL),(5,'Usuario Twitter',NULL);
/*!40000 ALTER TABLE `contact_type` ENABLE KEYS */;
UNLOCK TABLES;

--
-- Table structure for table `contact_user`
--

DROP TABLE IF EXISTS `contact_user`;
/*!40101 SET @saved_cs_client     = @@character_set_client */;
/*!40101 SET character_set_client = utf8 */;
CREATE TABLE `contact_user` (
  `id_contact` int(11) NOT NULL,
  `id_user` int(11) NOT NULL,
  PRIMARY KEY  (`id_contact`,`id_user`),
  KEY `fk_contact_user_2_idx` (`id_user`),
  CONSTRAINT `fk_contact_user_1` FOREIGN KEY (`id_contact`) REFERENCES `contacts` (`id_contact`) ON DELETE CASCADE ON UPDATE CASCADE,
  CONSTRAINT `fk_contact_user_2` FOREIGN KEY (`id_user`) REFERENCES `users` (`id_user`) ON DELETE CASCADE ON UPDATE CASCADE
) ENGINE=InnoDB DEFAULT CHARSET=utf8;
/*!40101 SET character_set_client = @saved_cs_client */;

--
-- Dumping data for table `contact_user`
--

LOCK TABLES `contact_user` WRITE;
/*!40000 ALTER TABLE `contact_user` DISABLE KEYS */;
INSERT INTO `contact_user` VALUES (951,128005),(952,128005),(2101,128005),(2102,128005),(9,128009),(10,128009),(301,128011),(302,128011),(11,128013),(12,128013),(13,128016),(14,128016),(15,128019),(16,128019),(303,128020),(304,128020),(633,128022),(634,128022),(2453,128022),(2454,128022),(305,128025),(306,128025),(635,128027),(636,128027),(2455,128027),(2456,128027),(19,128030),(20,128030),(637,128031),(638,128031),(2457,128031),(2458,128031),(307,128032),(308,128032),(17,128033),(18,128033),(953,128034),(954,128034),(2103,128034),(2104,128034),(309,128037),(310,128037),(639,128040),(640,128040),(2459,128040),(2460,128040),(641,128044),(642,128044),(2461,128044),(2462,128044),(955,128046),(956,128046),(2105,128046),(2106,128046),(957,128047),(958,128047),(2107,128047),(2108,128047),(643,128051),(644,128051),(2463,128051),(2464,128051),(959,128052),(960,128052),(2109,128052),(2110,128052),(645,128055),(646,128055),(2465,128055),(2466,128055),(961,128056),(962,128056),(2111,128056),(2112,128056),(21,128058),(22,128058),(647,128059),(648,128059),(2467,128059),(2468,128059),(23,128061),(24,128061),(311,128062),(312,128062),(649,128063),(650,128063),(2469,128063),(2470,128063),(25,128065),(26,128065),(313,128066),(314,128066),(651,128067),(652,128067),(2471,128067),(2472,128067),(27,128068),(28,128068),(315,128069),(316,128069),(29,128070),(30,128070),(963,128072),(964,128072),(2113,128072),(2114,128072),(317,128074),(318,128074),(31,128075),(32,128075),(967,128076),(968,128076),(2117,128076),(2118,128076),(657,128077),(658,128077),(2477,128077),(2478,128077),(319,128078),(320,128078),(33,128079),(34,128079),(969,128080),(970,128080),(2119,128080),(2120,128080),(659,128081),(660,128081),(2479,128081),(2480,128081),(35,128082),(36,128082),(323,128083),(324,128083),(37,128084),(38,128084),(661,128085),(662,128085),(2481,128085),(2482,128085),(321,128086),(322,128086),(663,128087),(664,128087),(2483,128087),(2484,128087),(39,128088),(40,128088),(255,128091),(256,128091),(971,128092),(972,128092),(2121,128092),(2122,128092),(41,128093),(42,128093),(325,128094),(326,128094),(973,128096),(974,128096),(2123,128096),(2124,128096),(327,128097),(328,128097),(43,128098),(44,128098),(667,128099),(668,128099),(2487,128099),(2488,128099),(975,128100),(976,128100),(2125,128100),(2126,128100),(45,128101),(46,128101),(329,128102),(330,128102),(47,128103),(48,128103),(977,128104),(978,128104),(2127,128104),(2128,128104),(333,128106),(334,128106),(49,128107),(50,128107),(669,128108),(670,128108),(2489,128108),(2490,128108),(51,128110),(52,128110),(979,128111),(980,128111),(2129,128111),(2130,128111),(671,128112),(672,128112),(2491,128112),(2492,128112),(335,128113),(336,128113),(2503,128113),(2504,128113),(981,128114),(982,128114),(1331,128114),(1332,128114),(1831,128114),(1832,128114),(2131,128114),(2132,128114),(337,128115),(338,128115),(2505,128115),(2506,128115),(983,128116),(984,128116),(2133,128116),(2134,128116),(53,128117),(54,128117),(675,128118),(676,128118),(2495,128118),(2496,128118),(1227,128119),(1228,128119),(1727,128119),(1728,128119),(55,128120),(56,128120),(985,128122),(986,128122),(2135,128122),(2136,128122),(339,128123),(340,128123),(2507,128123),(2508,128123),(261,128124),(262,128124),(677,128125),(678,128125),(2497,128125),(2498,128125),(987,128126),(988,128126),(2137,128126),(2138,128126),(57,128127),(58,128127),(989,128128),(990,128128),(2139,128128),(2140,128128),(679,128129),(680,128129),(2499,128129),(2500,128129),(59,128134),(60,128134),(61,128135),(62,128135),(63,128136),(64,128136),(65,128137),(66,128137),(67,128138),(68,128138),(69,128140),(70,128140),(71,128141),(72,128141),(75,128142),(76,128142),(73,128143),(74,128143),(79,128146),(80,128146),(81,128148),(82,128148),(85,128151),(86,128151),(87,128152),(88,128152),(91,128153),(92,128153),(77,128154),(78,128154),(93,128157),(94,128157),(95,128158),(96,128158),(97,128159),(98,128159),(99,128160),(100,128160),(101,128161),(102,128161),(103,128162),(104,128162),(105,128163),(106,128163),(107,128164),(108,128164),(109,128165),(110,128165),(111,128166),(112,128166),(113,128167),(114,128167),(117,128169),(118,128169),(119,128171),(120,128171),(121,128172),(122,128172),(341,128173),(342,128173),(2509,128173),(2510,128173),(123,128174),(124,128174),(251,128176),(252,128176),(343,128177),(344,128177),(2511,128177),(2512,128177),(681,128178),(682,128178),(2501,128178),(2502,128178),(125,128179),(126,128179),(991,128180),(992,128180),(2141,128180),(2142,128180),(127,128181),(128,128181),(345,128182),(346,128182),(2513,128182),(2514,128182),(129,128183),(130,128183),(683,128184),(684,128184),(2167,128184),(2168,128184),(347,128185),(348,128185),(2515,128185),(2516,128185),(993,128186),(994,128186),(2143,128186),(2144,128186),(131,128187),(132,128187),(685,128188),(686,128188),(2169,128188),(2170,128188),(133,128189),(134,128189),(135,128190),(136,128190),(995,128191),(996,128191),(2145,128191),(2146,128191),(689,128193),(690,128193),(2173,128193),(2174,128193),(997,128194),(998,128194),(2147,128194),(2148,128194),(137,128195),(138,128195),(351,128196),(352,128196),(2519,128196),(2520,128196),(999,128198),(1000,128198),(2149,128198),(2150,128198),(139,128199),(140,128199),(691,128200),(692,128200),(2175,128200),(2176,128200),(1001,128201),(1002,128201),(2151,128201),(2152,128201),(141,128202),(142,128202),(353,128203),(354,128203),(2521,128203),(2522,128203),(1003,128204),(1004,128204),(2153,128204),(2154,128204),(143,128206),(144,128206),(1005,128207),(1006,128207),(2155,128207),(2156,128207),(145,128208),(146,128208),(693,128209),(694,128209),(2177,128209),(2178,128209),(147,128210),(148,128210),(1007,128211),(1008,128211),(2157,128211),(2158,128211),(357,128213),(358,128213),(2525,128213),(2526,128213),(1009,128214),(1010,128214),(2159,128214),(2160,128214),(695,128215),(696,128215),(2179,128215),(2180,128215),(359,128216),(360,128216),(2527,128216),(2528,128216),(89,128217),(90,128217),(149,128217),(150,128217),(1011,128218),(1012,128218),(2161,128218),(2162,128218),(361,128219),(362,128219),(2529,128219),(2530,128219),(1013,128220),(1014,128220),(2163,128220),(2164,128220),(151,128223),(152,128223),(1015,128224),(1016,128224),(2165,128224),(2166,128224),(363,128226),(364,128226),(2531,128226),(2532,128226),(153,128227),(154,128227),(1017,128228),(1018,128228),(1833,128228),(1834,128228),(155,128229),(156,128229),(365,128230),(366,128230),(2533,128230),(2534,128230),(697,128231),(698,128231),(2181,128231),(2182,128231),(1019,128232),(1020,128232),(1835,128232),(1836,128232),(157,128233),(158,128233),(367,128234),(368,128234),(2535,128234),(2536,128234),(159,128235),(160,128235),(791,128236),(792,128236),(2275,128236),(2276,128236),(369,128237),(370,128237),(2537,128237),(2538,128237),(371,128240),(372,128240),(2539,128240),(2540,128240),(163,128241),(164,128241),(1023,128243),(1024,128243),(1839,128243),(1840,128243),(165,128244),(166,128244),(1025,128248),(1026,128248),(1841,128248),(1842,128248),(699,128249),(700,128249),(2183,128249),(2184,128249),(1027,128250),(1028,128250),(1843,128250),(1844,128250),(167,128252),(168,128252),(701,128254),(702,128254),(2185,128254),(2186,128254),(169,128255),(170,128255),(373,128257),(374,128257),(2541,128257),(2542,128257),(375,128260),(376,128260),(2543,128260),(2544,128260),(377,128262),(378,128262),(2545,128262),(2546,128262),(705,128264),(706,128264),(1277,128264),(1278,128264),(1777,128264),(1778,128264),(2189,128264),(2190,128264),(171,128265),(172,128265),(1029,128266),(1030,128266),(1845,128266),(1846,128266),(379,128267),(380,128267),(2547,128267),(2548,128267),(673,128269),(674,128269),(2493,128269),(2494,128269),(1031,128270),(1032,128270),(1847,128270),(1848,128270),(381,128271),(382,128271),(2549,128271),(2550,128271),(707,128272),(708,128272),(2191,128272),(2192,128272),(173,128274),(174,128274),(709,128276),(710,128276),(2193,128276),(2194,128276),(1037,128277),(1038,128277),(1853,128277),(1854,128277),(175,128278),(176,128278),(1039,128279),(1040,128279),(1855,128279),(1856,128279),(177,128281),(178,128281),(711,128282),(712,128282),(2195,128282),(2196,128282),(179,128284),(180,128284),(713,128285),(714,128285),(2197,128285),(2198,128285),(385,128286),(386,128286),(2553,128286),(2554,128286),(715,128288),(716,128288),(2199,128288),(2200,128288),(1041,128289),(1042,128289),(1857,128289),(1858,128289),(181,128290),(182,128290),(1043,128292),(1044,128292),(1859,128292),(1860,128292),(387,128294),(388,128294),(2555,128294),(2556,128294),(183,128297),(184,128297),(185,128298),(186,128298),(389,128299),(390,128299),(2557,128299),(2558,128299),(1045,128301),(1046,128301),(1861,128301),(1862,128301),(391,128303),(392,128303),(2559,128303),(2560,128303),(717,128304),(718,128304),(2201,128304),(2202,128304),(187,128305),(188,128305),(393,128306),(394,128306),(2561,128306),(2562,128306),(1047,128307),(1048,128307),(1863,128307),(1864,128307),(485,128309),(486,128309),(2653,128309),(2654,128309),(549,128310),(550,128310),(2369,128310),(2370,128310),(395,128311),(396,128311),(2563,128311),(2564,128311),(719,128312),(720,128312),(2203,128312),(2204,128312),(1049,128314),(1050,128314),(1865,128314),(1866,128314),(721,128315),(722,128315),(2205,128315),(2206,128315),(189,128316),(190,128316),(397,128317),(398,128317),(2565,128317),(2566,128317),(725,128318),(726,128318),(2209,128318),(2210,128318),(399,128319),(400,128319),(2567,128319),(2568,128319),(1051,128320),(1052,128320),(1867,128320),(1868,128320),(401,128322),(402,128322),(2569,128322),(2570,128322),(1337,128323),(1338,128323),(1527,128323),(1528,128323),(191,128326),(192,128326),(193,128327),(194,128327),(195,128328),(196,128328),(197,128329),(198,128329),(199,128330),(200,128330),(201,128331),(202,128331),(203,128332),(204,128332),(205,128333),(206,128333),(207,128334),(208,128334),(209,128335),(210,128335),(211,128337),(212,128337),(1053,128338),(1054,128338),(1869,128338),(1870,128338),(1055,128340),(1056,128340),(1871,128340),(1872,128340),(1057,128341),(1058,128341),(1873,128341),(1874,128341),(1059,128342),(1060,128342),(1875,128342),(1876,128342),(1061,128343),(1062,128343),(1877,128343),(1878,128343),(1063,128344),(1064,128344),(1879,128344),(1880,128344),(1067,128345),(1068,128345),(1883,128345),(1884,128345),(1069,128348),(1070,128348),(1885,128348),(1886,128348),(1071,128350),(1072,128350),(1887,128350),(1888,128350),(1073,128351),(1074,128351),(1889,128351),(1890,128351),(1075,128352),(1076,128352),(1891,128352),(1892,128352),(213,128356),(214,128356),(215,128357),(216,128357),(217,128358),(218,128358),(219,128359),(220,128359),(221,128360),(222,128360),(223,128361),(224,128361),(225,128362),(226,128362),(727,128364),(728,128364),(2211,128364),(2212,128364),(403,128365),(404,128365),(2571,128365),(2572,128365),(729,128366),(730,128366),(2213,128366),(2214,128366),(731,128369),(732,128369),(2215,128369),(2216,128369),(405,128370),(406,128370),(2573,128370),(2574,128370),(407,128373),(408,128373),(2575,128373),(2576,128373),(409,128375),(410,128375),(2577,128375),(2578,128375),(733,128376),(734,128376),(2217,128376),(2218,128376),(411,128377),(412,128377),(2579,128377),(2580,128377),(413,128378),(414,128378),(2581,128378),(2582,128378),(415,128380),(416,128380),(2583,128380),(2584,128380),(417,128382),(418,128382),(2585,128382),(2586,128382),(419,128384),(420,128384),(2587,128384),(2588,128384),(735,128385),(736,128385),(2219,128385),(2220,128385),(421,128387),(422,128387),(2589,128387),(2590,128387),(423,128389),(424,128389),(2591,128389),(2592,128389),(737,128390),(738,128390),(2221,128390),(2222,128390),(425,128391),(426,128391),(2593,128391),(2594,128391),(739,128392),(740,128392),(2223,128392),(2224,128392),(741,128393),(742,128393),(2225,128393),(2226,128393),(427,128394),(428,128394),(2595,128394),(2596,128394),(743,128395),(744,128395),(2227,128395),(2228,128395),(745,128396),(746,128396),(2229,128396),(2230,128396),(429,128397),(430,128397),(2597,128397),(2598,128397),(747,128398),(748,128398),(2231,128398),(2232,128398),(749,128399),(750,128399),(2233,128399),(2234,128399),(431,128401),(432,128401),(2599,128401),(2600,128401),(751,128402),(752,128402),(2235,128402),(2236,128402),(433,128403),(434,128403),(2601,128403),(2602,128403),(483,128405),(484,128405),(753,128405),(754,128405),(2237,128405),(2238,128405),(2651,128405),(2652,128405),(435,128408),(436,128408),(2603,128408),(2604,128408),(437,128409),(438,128409),(2605,128409),(2606,128409),(439,128410),(440,128410),(2607,128410),(2608,128410),(441,128411),(442,128411),(2609,128411),(2610,128411),(755,128412),(756,128412),(2239,128412),(2240,128412),(757,128416),(758,128416),(2241,128416),(2242,128416),(759,128417),(760,128417),(2243,128417),(2244,128417),(761,128418),(762,128418),(2245,128418),(2246,128418),(763,128419),(764,128419),(2247,128419),(2248,128419),(765,128420),(766,128420),(2249,128420),(2250,128420),(1077,128421),(1078,128421),(1893,128421),(1894,128421),(1079,128422),(1080,128422),(1895,128422),(1896,128422),(1081,128423),(1082,128423),(1897,128423),(1898,128423),(227,128425),(228,128425),(229,128427),(230,128427),(231,128428),(232,128428),(233,128429),(234,128429),(235,128430),(236,128430),(237,128431),(238,128431),(239,128432),(240,128432),(241,128433),(242,128433),(245,128435),(246,128435),(247,128436),(248,128436),(249,128438),(250,128438),(253,128440),(254,128440),(769,128441),(770,128441),(2253,128441),(2254,128441),(771,128443),(772,128443),(2255,128443),(2256,128443),(773,128445),(774,128445),(2257,128445),(2258,128445),(257,128446),(258,128446),(259,128447),(260,128447),(263,128448),(264,128448),(265,128449),(266,128449),(267,128450),(268,128450),(775,128451),(776,128451),(2259,128451),(2260,128451),(269,128452),(270,128452),(777,128454),(778,128454),(2261,128454),(2262,128454),(271,128455),(272,128455),(1083,128456),(1084,128456),(1899,128456),(1900,128456),(273,128457),(274,128457),(779,128458),(780,128458),(2263,128458),(2264,128458),(277,128460),(278,128460),(279,128462),(280,128462),(281,128463),(282,128463),(781,128464),(782,128464),(2265,128464),(2266,128464),(1085,128465),(1086,128465),(1901,128465),(1902,128465),(783,128466),(784,128466),(2267,128466),(2268,128466),(283,128467),(284,128467),(285,128468),(286,128468),(785,128469),(786,128469),(2269,128469),(2270,128469),(287,128470),(288,128470),(289,128471),(290,128471),(291,128472),(292,128472),(293,128473),(294,128473),(295,128474),(296,128474),(297,128475),(298,128475),(299,128476),(300,128476),(787,128479),(788,128479),(2271,128479),(2272,128479),(789,128480),(790,128480),(2273,128480),(2274,128480),(443,128483),(444,128483),(2611,128483),(2612,128483),(447,128486),(448,128486),(2615,128486),(2616,128486),(449,128487),(450,128487),(2617,128487),(2618,128487),(451,128488),(452,128488),(2619,128488),(2620,128488),(453,128489),(454,128489),(2621,128489),(2622,128489),(455,128490),(456,128490),(2623,128490),(2624,128490),(457,128491),(458,128491),(2625,128491),(2626,128491),(459,128495),(460,128495),(2627,128495),(2628,128495),(461,128496),(462,128496),(2629,128496),(2630,128496),(463,128497),(464,128497),(2631,128497),(2632,128497),(465,128499),(466,128499),(2633,128499),(2634,128499),(467,128501),(468,128501),(2635,128501),(2636,128501),(469,128502),(470,128502),(2637,128502),(2638,128502),(607,128503),(608,128503),(2427,128503),(2428,128503),(471,128504),(472,128504),(2639,128504),(2640,128504),(473,128505),(474,128505),(2641,128505),(2642,128505),(477,128507),(478,128507),(2645,128507),(2646,128507),(479,128508),(480,128508),(2647,128508),(2648,128508),(481,128509),(482,128509),(2649,128509),(2650,128509),(487,128511),(488,128511),(2655,128511),(2656,128511),(489,128512),(490,128512),(2657,128512),(2658,128512),(491,128513),(492,128513),(2659,128513),(2660,128513),(493,128514),(494,128514),(2661,128514),(2662,128514),(495,128515),(496,128515),(2663,128515),(2664,128515),(497,128517),(498,128517),(2665,128517),(2666,128517),(499,128518),(500,128518),(2667,128518),(2668,128518),(501,128519),(502,128519),(2669,128519),(2670,128519),(503,128524),(504,128524),(2323,128524),(2324,128524),(505,128525),(506,128525),(2325,128525),(2326,128525),(795,128527),(796,128527),(2279,128527),(2280,128527),(797,128528),(798,128528),(2281,128528),(2282,128528),(799,128530),(800,128530),(2283,128530),(2284,128530),(801,128531),(802,128531),(2285,128531),(2286,128531),(803,128533),(804,128533),(2287,128533),(2288,128533),(805,128534),(806,128534),(2289,128534),(2290,128534),(807,128535),(808,128535),(2291,128535),(2292,128535),(809,128536),(810,128536),(2293,128536),(2294,128536),(811,128537),(812,128537),(2295,128537),(2296,128537),(813,128538),(814,128538),(2297,128538),(2298,128538),(815,128539),(816,128539),(2299,128539),(2300,128539),(817,128540),(818,128540),(2301,128540),(2302,128540),(819,128541),(820,128541),(2303,128541),(2304,128541),(821,128543),(822,128543),(2305,128543),(2306,128543),(823,128544),(824,128544),(2307,128544),(2308,128544),(825,128545),(826,128545),(2309,128545),(2310,128545),(507,128549),(508,128549),(2327,128549),(2328,128549),(509,128551),(510,128551),(2329,128551),(2330,128551),(511,128553),(512,128553),(2331,128553),(2332,128553),(513,128554),(514,128554),(2333,128554),(2334,128554),(827,128555),(828,128555),(2311,128555),(2312,128555),(829,128557),(830,128557),(2313,128557),(2314,128557),(515,128558),(516,128558),(2335,128558),(2336,128558),(831,128560),(832,128560),(2315,128560),(2316,128560),(517,128561),(518,128561),(2337,128561),(2338,128561),(519,128563),(520,128563),(2339,128563),(2340,128563),(845,128564),(846,128564),(1995,128564),(1996,128564),(521,128566),(522,128566),(2341,128566),(2342,128566),(523,128567),(524,128567),(2343,128567),(2344,128567),(525,128568),(526,128568),(2345,128568),(2346,128568),(527,128569),(528,128569),(2347,128569),(2348,128569),(529,128570),(530,128570),(2349,128570),(2350,128570),(1091,128571),(1092,128571),(1907,128571),(1908,128571),(1093,128574),(1094,128574),(1909,128574),(1910,128574),(1095,128576),(1096,128576),(1911,128576),(1912,128576),(1097,128577),(1098,128577),(1913,128577),(1914,128577),(1099,128579),(1100,128579),(1915,128579),(1916,128579),(531,128582),(532,128582),(2351,128582),(2352,128582),(1103,128583),(1104,128583),(1919,128583),(1920,128583),(703,128584),(704,128584),(2187,128584),(2188,128584),(1105,128585),(1106,128585),(1921,128585),(1922,128585),(535,128586),(536,128586),(2355,128586),(2356,128586),(537,128587),(538,128587),(2357,128587),(2358,128587),(539,128589),(540,128589),(2359,128589),(2360,128589),(541,128592),(542,128592),(2361,128592),(2362,128592),(543,128593),(544,128593),(2363,128593),(2364,128593),(545,128594),(546,128594),(2365,128594),(2366,128594),(547,128595),(548,128595),(2367,128595),(2368,128595),(551,128596),(552,128596),(2371,128596),(2372,128596),(553,128597),(554,128597),(2373,128597),(2374,128597),(555,128599),(556,128599),(2375,128599),(2376,128599),(557,128600),(558,128600),(2377,128600),(2378,128600),(559,128601),(560,128601),(2379,128601),(2380,128601),(561,128602),(562,128602),(2381,128602),(2382,128602),(563,128603),(564,128603),(2383,128603),(2384,128603),(565,128604),(566,128604),(2385,128604),(2386,128604),(567,128605),(568,128605),(2387,128605),(2388,128605),(569,128606),(570,128606),(2389,128606),(2390,128606),(571,128608),(572,128608),(2391,128608),(2392,128608),(573,128609),(574,128609),(2393,128609),(2394,128609),(575,128610),(576,128610),(2395,128610),(2396,128610),(577,128611),(578,128611),(2397,128611),(2398,128611),(579,128612),(580,128612),(2399,128612),(2400,128612),(581,128613),(582,128613),(2401,128613),(2402,128613),(583,128614),(584,128614),(2403,128614),(2404,128614),(585,128615),(586,128615),(2405,128615),(2406,128615),(587,128616),(588,128616),(2407,128616),(2408,128616),(589,128617),(590,128617),(2409,128617),(2410,128617),(591,128618),(592,128618),(2411,128618),(2412,128618),(593,128619),(594,128619),(2413,128619),(2414,128619),(595,128620),(596,128620),(2415,128620),(2416,128620),(597,128621),(598,128621),(2417,128621),(2418,128621),(599,128623),(600,128623),(2419,128623),(2420,128623),(601,128624),(602,128624),(2421,128624),(2422,128624),(603,128625),(604,128625),(2423,128625),(2424,128625),(605,128626),(606,128626),(2425,128626),(2426,128626),(609,128627),(610,128627),(2429,128627),(2430,128627),(611,128628),(612,128628),(2431,128628),(2432,128628),(613,128629),(614,128629),(2433,128629),(2434,128629),(615,128630),(616,128630),(2435,128630),(2436,128630),(617,128631),(618,128631),(2437,128631),(2438,128631),(619,128632),(620,128632),(2439,128632),(2440,128632),(621,128633),(622,128633),(2441,128633),(2442,128633),(623,128634),(624,128634),(2443,128634),(2444,128634),(625,128635),(626,128635),(2445,128635),(2446,128635),(627,128636),(628,128636),(2447,128636),(2448,128636),(629,128637),(630,128637),(2449,128637),(2450,128637),(631,128638),(632,128638),(2451,128638),(2452,128638),(243,128639),(244,128639),(115,128646),(116,128646),(653,128653),(654,128653),(2473,128653),(2474,128653),(655,128654),(656,128654),(2475,128654),(2476,128654),(665,128655),(666,128655),(2485,128655),(2486,128655),(687,128656),(688,128656),(2171,128656),(2172,128656),(723,128658),(724,128658),(2207,128658),(2208,128658),(767,128664),(768,128664),(2251,128664),(2252,128664),(843,128665),(844,128665),(1993,128665),(1994,128665),(793,128667),(794,128667),(2277,128667),(2278,128667),(833,128669),(834,128669),(2317,128669),(2318,128669),(835,128670),(836,128670),(2319,128670),(2320,128670),(837,128671),(838,128671),(2321,128671),(2322,128671),(839,128672),(840,128672),(1989,128672),(1990,128672),(841,128673),(842,128673),(1991,128673),(1992,128673),(847,128674),(848,128674),(1997,128674),(1998,128674),(849,128675),(850,128675),(1999,128675),(2000,128675),(851,128676),(852,128676),(2001,128676),(2002,128676),(853,128677),(854,128677),(2003,128677),(2004,128677),(855,128678),(856,128678),(2005,128678),(2006,128678),(857,128681),(858,128681),(2007,128681),(2008,128681),(859,128682),(860,128682),(2009,128682),(2010,128682),(861,128684),(862,128684),(2011,128684),(2012,128684),(863,128685),(864,128685),(2013,128685),(2014,128685),(865,128686),(866,128686),(2015,128686),(2016,128686),(867,128687),(868,128687),(2017,128687),(2018,128687),(869,128688),(870,128688),(2019,128688),(2020,128688),(871,128689),(872,128689),(2021,128689),(2022,128689),(873,128690),(874,128690),(2023,128690),(2024,128690),(875,128691),(876,128691),(2025,128691),(2026,128691),(877,128692),(878,128692),(2027,128692),(2028,128692),(879,128693),(880,128693),(2029,128693),(2030,128693),(881,128694),(882,128694),(2031,128694),(2032,128694),(883,128695),(884,128695),(2033,128695),(2034,128695),(885,128696),(886,128696),(2035,128696),(2036,128696),(941,128697),(942,128697),(2091,128697),(2092,128697),(943,128698),(944,128698),(2093,128698),(2094,128698),(945,128699),(946,128699),(2095,128699),(2096,128699),(947,128701),(948,128701),(2097,128701),(2098,128701),(949,128702),(950,128702),(2099,128702),(2100,128702),(887,128703),(888,128703),(2037,128703),(2038,128703),(889,128704),(890,128704),(2039,128704),(2040,128704),(891,128705),(892,128705),(2041,128705),(2042,128705),(893,128706),(894,128706),(2043,128706),(2044,128706),(895,128707),(896,128707),(2045,128707),(2046,128707),(897,128708),(898,128708),(2047,128708),(2048,128708),(899,128709),(900,128709),(2049,128709),(2050,128709),(901,128710),(902,128710),(2051,128710),(2052,128710),(903,128711),(904,128711),(2053,128711),(2054,128711),(905,128712),(906,128712),(2055,128712),(2056,128712),(907,128713),(908,128713),(2057,128713),(2058,128713),(909,128714),(910,128714),(2059,128714),(2060,128714),(911,128715),(912,128715),(2061,128715),(2062,128715),(913,128716),(914,128716),(2063,128716),(2064,128716),(915,128717),(916,128717),(2065,128717),(2066,128717),(917,128719),(918,128719),(2067,128719),(2068,128719),(919,128720),(920,128720),(2069,128720),(2070,128720),(921,128721),(922,128721),(2071,128721),(2072,128721),(923,128722),(924,128722),(2073,128722),(2074,128722),(925,128723),(926,128723),(2075,128723),(2076,128723),(927,128724),(928,128724),(2077,128724),(2078,128724),(929,128726),(930,128726),(2079,128726),(2080,128726),(931,128727),(932,128727),(2081,128727),(2082,128727),(933,128728),(934,128728),(2083,128728),(2084,128728),(935,128730),(936,128730),(2085,128730),(2086,128730),(937,128731),(938,128731),(2087,128731),(2088,128731),(939,128732),(940,128732),(2089,128732),(2090,128732),(965,128734),(966,128734),(2115,128734),(2116,128734),(1021,128735),(1022,128735),(1837,128735),(1838,128735),(1033,128740),(1034,128740),(1849,128740),(1850,128740),(1035,128742),(1036,128742),(1851,128742),(1852,128742),(1065,128745),(1066,128745),(1881,128745),(1882,128745),(1087,128748),(1088,128748),(1903,128748),(1904,128748),(1089,128749),(1090,128749),(1905,128749),(1906,128749),(1107,128750),(1108,128750),(1923,128750),(1924,128750),(1109,128752),(1110,128752),(1925,128752),(1926,128752),(1111,128753),(1112,128753),(1927,128753),(1928,128753),(1113,128754),(1114,128754),(1929,128754),(1930,128754),(1115,128755),(1116,128755),(1931,128755),(1932,128755),(1117,128757),(1118,128757),(1933,128757),(1934,128757),(1119,128758),(1120,128758),(1935,128758),(1936,128758),(1121,128759),(1122,128759),(1937,128759),(1938,128759),(1123,128760),(1124,128760),(1939,128760),(1940,128760),(1125,128761),(1126,128761),(1941,128761),(1942,128761),(1127,128762),(1128,128762),(1943,128762),(1944,128762),(1129,128763),(1130,128763),(1945,128763),(1946,128763),(1131,128764),(1132,128764),(1947,128764),(1948,128764),(1133,128765),(1134,128765),(1949,128765),(1950,128765),(1135,128766),(1136,128766),(1951,128766),(1952,128766),(1137,128767),(1138,128767),(1953,128767),(1954,128767),(1139,128768),(1140,128768),(1955,128768),(1956,128768),(1141,128769),(1142,128769),(1957,128769),(1958,128769),(1143,128770),(1144,128770),(1959,128770),(1960,128770),(1145,128771),(1146,128771),(1961,128771),(1962,128771),(1293,128772),(1294,128772),(1793,128772),(1794,128772),(1147,128773),(1148,128773),(1963,128773),(1964,128773),(1149,128775),(1150,128775),(1965,128775),(1966,128775),(1295,128776),(1296,128776),(1795,128776),(1796,128776),(1151,128777),(1152,128777),(1967,128777),(1968,128777),(1153,128778),(1154,128778),(1969,128778),(1970,128778),(1155,128780),(1156,128780),(1971,128780),(1972,128780),(1157,128781),(1158,128781),(1973,128781),(1974,128781),(1159,128782),(1160,128782),(1975,128782),(1976,128782),(1161,128785),(1162,128785),(1977,128785),(1978,128785),(1163,128786),(1164,128786),(1979,128786),(1980,128786),(1165,128788),(1166,128788),(1981,128788),(1982,128788),(1297,128789),(1298,128789),(1797,128789),(1798,128789),(1167,128790),(1168,128790),(1983,128790),(1984,128790),(1169,128791),(1170,128791),(1985,128791),(1986,128791),(1299,128793),(1300,128793),(1799,128793),(1800,128793),(1171,128794),(1172,128794),(1987,128794),(1988,128794),(1173,128795),(1174,128795),(1673,128795),(1674,128795),(1175,128796),(1176,128796),(1675,128796),(1676,128796),(1301,128797),(1302,128797),(1801,128797),(1802,128797),(1177,128798),(1178,128798),(1677,128798),(1678,128798),(1303,128799),(1304,128799),(1803,128799),(1804,128799),(1179,128800),(1180,128800),(1679,128800),(1680,128800),(1181,128801),(1182,128801),(1681,128801),(1682,128801),(1183,128802),(1184,128802),(1683,128802),(1684,128802),(1185,128803),(1186,128803),(1685,128803),(1686,128803),(1187,128804),(1188,128804),(1687,128804),(1688,128804),(1305,128805),(1306,128805),(1805,128805),(1806,128805),(1189,128806),(1190,128806),(1689,128806),(1690,128806),(1307,128807),(1308,128807),(1807,128807),(1808,128807),(1193,128809),(1194,128809),(1693,128809),(1694,128809),(1195,128811),(1196,128811),(1695,128811),(1696,128811),(1197,128813),(1198,128813),(1697,128813),(1698,128813),(1199,128814),(1200,128814),(1699,128814),(1700,128814),(1201,128815),(1202,128815),(1701,128815),(1702,128815),(1203,128817),(1204,128817),(1703,128817),(1704,128817),(1207,128818),(1208,128818),(1707,128818),(1708,128818),(1209,128819),(1210,128819),(1709,128819),(1710,128819),(1211,128821),(1212,128821),(1711,128821),(1712,128821),(1213,128822),(1214,128822),(1713,128822),(1714,128822),(1309,128824),(1310,128824),(1809,128824),(1810,128824),(1215,128825),(1216,128825),(1715,128825),(1716,128825),(1311,128826),(1312,128826),(1811,128826),(1812,128826),(1217,128827),(1218,128827),(1717,128827),(1718,128827),(1313,128828),(1314,128828),(1813,128828),(1814,128828),(1315,128830),(1316,128830),(1815,128830),(1816,128830),(1219,128831),(1220,128831),(1719,128831),(1720,128831),(1317,128832),(1318,128832),(1817,128832),(1818,128832),(1221,128833),(1222,128833),(1721,128833),(1722,128833),(1319,128834),(1320,128834),(1819,128834),(1820,128834),(1223,128835),(1224,128835),(1723,128835),(1724,128835),(1321,128836),(1322,128836),(1821,128836),(1822,128836),(1225,128837),(1226,128837),(1725,128837),(1726,128837),(1229,128838),(1230,128838),(1729,128838),(1730,128838),(1231,128839),(1232,128839),(1731,128839),(1732,128839),(1233,128840),(1234,128840),(1733,128840),(1734,128840),(1323,128841),(1324,128841),(1349,128841),(1350,128841),(1539,128841),(1540,128841),(1823,128841),(1824,128841),(1235,128842),(1236,128842),(1735,128842),(1736,128842),(1325,128843),(1326,128843),(1825,128843),(1826,128843),(1237,128844),(1238,128844),(1737,128844),(1738,128844),(1327,128845),(1328,128845),(1827,128845),(1828,128845),(1239,128846),(1240,128846),(1739,128846),(1740,128846),(1241,128847),(1242,128847),(1741,128847),(1742,128847),(1367,128848),(1368,128848),(1557,128848),(1558,128848),(1243,128849),(1244,128849),(1743,128849),(1744,128849),(1245,128850),(1246,128850),(1745,128850),(1746,128850),(1247,128851),(1248,128851),(1747,128851),(1748,128851),(1369,128852),(1370,128852),(1559,128852),(1560,128852),(1329,128853),(1330,128853),(1829,128853),(1830,128853),(1249,128854),(1250,128854),(1749,128854),(1750,128854),(1251,128855),(1252,128855),(1751,128855),(1752,128855),(1253,128857),(1254,128857),(1753,128857),(1754,128857),(1255,128859),(1256,128859),(1755,128859),(1756,128859),(1257,128861),(1258,128861),(1757,128861),(1758,128861),(1371,128862),(1372,128862),(1561,128862),(1562,128862),(1259,128863),(1260,128863),(1759,128863),(1760,128863),(1373,128864),(1374,128864),(1563,128864),(1564,128864),(1261,128865),(1262,128865),(1761,128865),(1762,128865),(1333,128866),(1334,128866),(1523,128866),(1524,128866),(1263,128867),(1264,128867),(1763,128867),(1764,128867),(1375,128868),(1376,128868),(1565,128868),(1566,128868),(1265,128869),(1266,128869),(1765,128869),(1766,128869),(1377,128870),(1378,128870),(1567,128870),(1568,128870),(1379,128872),(1380,128872),(1569,128872),(1570,128872),(1267,128873),(1268,128873),(1767,128873),(1768,128873),(1381,128874),(1382,128874),(1571,128874),(1572,128874),(1269,128876),(1270,128876),(1769,128876),(1770,128876),(1383,128877),(1384,128877),(1573,128877),(1574,128877),(1385,128879),(1386,128879),(1575,128879),(1576,128879),(1271,128880),(1272,128880),(1771,128880),(1772,128880),(1387,128881),(1388,128881),(1577,128881),(1578,128881),(1273,128882),(1274,128882),(1773,128882),(1774,128882),(1275,128884),(1276,128884),(1775,128884),(1776,128884),(1389,128885),(1390,128885),(1579,128885),(1580,128885),(1391,128888),(1392,128888),(1581,128888),(1582,128888),(1279,128892),(1280,128892),(1779,128892),(1780,128892),(1339,128896),(1340,128896),(1529,128896),(1530,128896),(1281,128898),(1282,128898),(1781,128898),(1782,128898),(1393,128900),(1394,128900),(1583,128900),(1584,128900),(1341,128902),(1342,128902),(1531,128902),(1532,128902),(1395,128909),(1396,128909),(1585,128909),(1586,128909),(1283,128910),(1284,128910),(1783,128910),(1784,128910),(1285,128914),(1286,128914),(1785,128914),(1786,128914),(1397,128917),(1398,128917),(1587,128917),(1588,128917),(1287,128918),(1288,128918),(1787,128918),(1788,128918),(1343,128920),(1344,128920),(1533,128920),(1534,128920),(1289,128924),(1290,128924),(1789,128924),(1790,128924),(1291,128930),(1292,128930),(1791,128930),(1792,128930),(1345,128931),(1346,128931),(1535,128931),(1536,128931),(1347,128932),(1348,128932),(1537,128932),(1538,128932),(1351,128935),(1352,128935),(1541,128935),(1542,128935),(1355,128939),(1356,128939),(1545,128939),(1546,128939),(1361,128940),(1362,128940),(1551,128940),(1552,128940),(1461,128970),(1462,128970),(1651,128970),(1652,128970),(1435,128972),(1436,128972),(1625,128972),(1626,128972),(1335,128975),(1336,128975),(1525,128975),(1526,128975),(1463,128977),(1464,128977),(1653,128977),(1654,128977),(1465,128980),(1466,128980),(1655,128980),(1656,128980),(1437,128984),(1438,128984),(1627,128984),(1628,128984),(1467,128986),(1468,128986),(1657,128986),(1658,128986),(1439,128988),(1440,128988),(1629,128988),(1630,128988),(1469,128991),(1470,128991),(1659,128991),(1660,128991),(1441,129002),(1442,129002),(1631,129002),(1632,129002),(1443,129003),(1444,129003),(1633,129003),(1634,129003),(1191,129007),(1192,129007),(1691,129007),(1692,129007),(1471,129009),(1472,129009),(1661,129009),(1662,129009),(1353,129012),(1354,129012),(1543,129012),(1544,129012),(1473,129013),(1474,129013),(1663,129013),(1664,129013),(1445,129016),(1446,129016),(1635,129016),(1636,129016),(1475,129018),(1476,129018),(1665,129018),(1666,129018),(1477,129022),(1478,129022),(1667,129022),(1668,129022),(275,129024),(276,129024),(1479,129025),(1480,129025),(1669,129025),(1670,129025),(1447,129027),(1448,129027),(1637,129027),(1638,129027),(1357,129029),(1358,129029),(1547,129029),(1548,129029),(475,129030),(476,129030),(2643,129030),(2644,129030),(1449,129031),(1450,129031),(1639,129031),(1640,129031),(1101,129033),(1102,129033),(1917,129033),(1918,129033),(1481,129034),(1482,129034),(1671,129034),(1672,129034),(1205,129036),(1206,129036),(1705,129036),(1706,129036),(161,129037),(162,129037),(83,129039),(84,129039),(1483,129040),(1484,129040),(1503,129040),(1504,129040),(1485,129043),(1486,129043),(1505,129043),(1506,129043),(1487,129048),(1488,129048),(1507,129048),(1508,129048),(1451,129049),(1452,129049),(1641,129049),(1642,129049),(1489,129052),(1490,129052),(1509,129052),(1510,129052),(1359,129055),(1360,129055),(1549,129055),(1550,129055),(1491,129056),(1492,129056),(1511,129056),(1512,129056),(1453,129059),(1454,129059),(1643,129059),(1644,129059),(1493,129060),(1494,129060),(1513,129060),(1514,129060),(1495,129063),(1496,129063),(1515,129063),(1516,129063),(1455,129064),(1456,129064),(1645,129064),(1646,129064),(1497,129069),(1498,129069),(1517,129069),(1518,129069),(1499,129072),(1500,129072),(1519,129072),(1520,129072),(1457,129073),(1458,129073),(1647,129073),(1648,129073),(1363,129075),(1364,129075),(1553,129075),(1554,129075),(1459,129077),(1460,129077),(1649,129077),(1650,129077),(1501,129078),(1502,129078),(1521,129078),(1522,129078),(1365,129081),(1366,129081),(1555,129081),(1556,129081),(1399,129091),(1400,129091),(1589,129091),(1590,129091),(1401,129096),(1402,129096),(1591,129096),(1592,129096),(1403,129104),(1404,129104),(1593,129104),(1594,129104),(1405,129110),(1406,129110),(1595,129110),(1596,129110),(1407,129113),(1408,129113),(1597,129113),(1598,129113),(1409,129116),(1410,129116),(1599,129116),(1600,129116),(1411,129119),(1412,129119),(1601,129119),(1602,129119),(1413,129171),(1414,129171),(1603,129171),(1604,129171),(1425,129172),(1426,129172),(1615,129172),(1616,129172),(1415,129173),(1416,129173),(1605,129173),(1606,129173),(1427,129174),(1428,129174),(1617,129174),(1618,129174),(1417,129177),(1418,129177),(1607,129177),(1608,129177),(1429,129178),(1430,129178),(1619,129178),(1620,129178),(1431,129179),(1432,129179),(1621,129179),(1622,129179),(1419,129180),(1420,129180),(1609,129180),(1610,129180),(1433,129181),(1434,129181),(1623,129181),(1624,129181),(1421,129183),(1422,129183),(1611,129183),(1612,129183),(1423,129184),(1424,129184),(1613,129184),(1614,129184),(331,129185),(332,129185),(349,129186),(350,129186),(2517,129186),(2518,129186),(355,129187),(356,129187),(2523,129187),(2524,129187),(383,129188),(384,129188),(2551,129188),(2552,129188),(445,129189),(446,129189),(2613,129189),(2614,129189),(533,129190),(534,129190),(2353,129190),(2354,129190),(1,129191),(2,129191),(3,129192),(4,129192),(5,129193),(6,129193),(7,129194),(8,129194),(2671,129195),(2672,129195),(2673,129195),(2674,129195),(2675,129195),(2676,129195),(2677,129195),(2678,129195),(2679,129195),(2680,129195),(2681,129195),(2682,129195),(2683,129195),(2684,129196),(2685,129196),(2686,129196),(2687,129196),(2688,129196),(2689,129196),(2690,129197),(2691,129197),(2692,129198),(2693,129198),(2694,129199),(2695,129199),(2696,129200),(2697,129200),(2698,129201),(2699,129201),(2700,129202),(2701,129202),(2702,129203),(2703,129203),(2704,129204),(2705,129204),(2706,129205),(2707,129206),(2708,129206),(2709,129207),(2710,129207),(2711,129208),(2712,129208),(2713,129209),(2714,129209),(2715,129210),(2716,129210),(2717,129211),(2718,129211),(2719,129212),(2720,129212),(2721,129213),(2722,129213),(2723,129214),(2724,129214),(2725,129215),(2726,129215),(2727,129216),(2728,129216),(2729,129217),(2730,129217),(2731,129218),(2732,129218),(2733,129219),(2734,129219),(2735,129220),(2736,129220),(2737,129221),(2738,129221),(2739,129222),(2740,129222),(2741,129223),(2742,129223),(2743,129224),(2744,129224),(2745,129225),(2746,129225),(2747,129226),(2748,129226),(2749,129227),(2750,129227),(2751,129228),(2752,129228),(2753,129229),(2754,129229),(2755,129230),(2756,129230),(2757,129231),(2758,129231),(2759,129232),(2760,129232),(2761,129233),(2762,129233),(2763,129234),(2764,129234),(2765,129235),(2766,129235),(2767,129236),(2768,129236),(2769,129237),(2770,129237),(2771,129238),(2772,129238),(2773,129239),(2774,129240),(2775,129241),(2776,129242),(2777,129242),(2778,129243),(2779,129243),(2780,129244),(2781,129244),(2782,129245),(2783,129245),(2784,129246),(2785,129246),(2786,129247),(2787,129247),(2788,129248),(2789,129248),(2790,129249),(2791,129249),(2792,129250),(2793,129250),(2794,129251),(2795,129251),(2796,129252),(2797,129252),(2798,129253),(2799,129253),(2800,129254),(2801,129254),(2802,129255),(2803,129255),(2804,129256),(2805,129256),(2806,129257),(2807,129257),(2808,129258),(2809,129258),(2810,129259),(2811,129259),(2812,129260),(2813,129261),(2814,129261),(2815,129262),(2816,129262),(2817,129263),(2818,129263),(2819,129263),(2820,129263),(2821,129264),(2822,129264),(2823,129265),(2824,129265),(2825,129266),(2826,129266),(2827,129267),(2828,129267),(2829,129268),(2830,129268),(2831,129269),(2832,129269),(2833,129270),(2834,129270),(2835,129271),(2836,129271),(2837,129272),(2838,129272),(2839,129273),(2840,129273),(2841,129274),(2842,129274),(2843,129275),(2844,129275),(2845,129276),(2846,129276),(2847,129277),(2848,129277),(2849,129278),(2850,129278),(2851,129279),(2852,129279),(2853,129280),(2854,129280),(2855,129281),(2856,129281),(2857,129282),(2858,129282),(2859,129283),(2860,129283),(2861,129284),(2862,129284);
/*!40000 ALTER TABLE `contact_user` ENABLE KEYS */;
UNLOCK TABLES;

--
-- Table structure for table `contacts`
--

DROP TABLE IF EXISTS `contacts`;
/*!40101 SET @saved_cs_client     = @@character_set_client */;
/*!40101 SET character_set_client = utf8 */;
CREATE TABLE `contacts` (
  `id_contact` int(11) NOT NULL auto_increment,
  `type` int(11) NOT NULL,
  `value` varchar(75) default NULL,
  PRIMARY KEY  (`id_contact`),
  KEY `fk_contacts_1_idx` (`type`),
  CONSTRAINT `fk_contacts_1` FOREIGN KEY (`type`) REFERENCES `contact_type` (`id_contact_type`) ON DELETE NO ACTION ON UPDATE NO ACTION
) ENGINE=InnoDB AUTO_INCREMENT=2863 DEFAULT CHARSET=utf8;
/*!40101 SET character_set_client = @saved_cs_client */;

--
-- Dumping data for table `contacts`
--

LOCK TABLES `contacts` WRITE;
/*!40000 ALTER TABLE `contacts` DISABLE KEYS */;
INSERT INTO `contacts` VALUES (1,1,'54467680'),(2,2,'5534051666'),(3,1,'54278724'),(4,2,'5534930195'),(5,1,'5510869647'),(6,2,'5513521819'),(7,1,'56184452'),(8,2,'0'),(9,2,'5548702238 '),(10,1,'56196666 '),(11,2,'5537621237 '),(12,1,'5585772837 '),(13,2,'5522204519 '),(14,1,'62800619 '),(15,2,'5521991781 '),(16,1,'0 '),(17,2,'55 40661849'),(18,1,'55 56710851'),(19,2,'5535935459 '),(20,1,'58450090 '),(21,2,'5549392460 '),(22,1,'56710851 '),(23,2,'5585636814 '),(24,1,'21608053 '),(25,2,'5512471431 '),(26,1,'54462401 '),(27,2,'0 '),(28,1,'216006669 '),(29,2,'5591928518 '),(30,1,'21606669 '),(31,2,'0 '),(32,1,'0 '),(33,2,'5535944820 '),(34,1,'58895303 '),(35,2,'5534889334 '),(36,1,'5556184452 '),(37,2,'5554796889 '),(38,1,'54462401 '),(39,2,'5519204280 '),(40,1,'0 '),(41,2,'445549644972 '),(42,1,'5521606669 '),(43,2,'5520833793 '),(44,1,'0 '),(45,2,'0 '),(46,1,'63788385 '),(47,2,'445524967687 '),(48,1,'5526335461 '),(49,2,'5559512065 '),(50,1,'5556184452 '),(51,2,'5559538320 '),(52,1,'63788385 '),(53,2,'5532689719 '),(54,1,'63788385 '),(55,2,'5559538320 '),(56,1,'63788385 '),(57,2,'5534936739 '),(58,1,'5554898494 '),(59,2,'15308317 '),(60,1,'63788385 '),(61,2,'5515308317 '),(62,1,'5563788385 '),(63,2,'5554788860 '),(64,1,'5556184452 '),(65,2,'5542589851 '),(66,1,'5558895303 '),(67,2,'5543680569 '),(68,1,'0 '),(69,2,'5542589861 '),(70,1,'5558895303 '),(71,2,'5564050965 '),(72,1,'54462401 '),(73,2,'5548703695 '),(74,1,'5557900717 '),(75,2,'5540539726 '),(76,1,'5566379729 '),(77,2,'5547668890 '),(78,1,'53414754 '),(79,2,'7751235258 '),(80,1,'0 '),(81,2,'0 '),(82,1,'7437972592 '),(83,2,'7757595103 '),(84,1,'7437972592 '),(85,2,'(044)2225044052'),(86,1,'(222)3114472'),(87,2,'445548328287 '),(88,1,'01 55 55221909'),(89,2,'445547369261 '),(90,1,'01 (52) 56265254'),(91,2,'(044)5551687755'),(92,1,'(044)5545324471'),(93,2,'448180952745 '),(94,1,'8183313618 '),(95,2,'5514615146 '),(96,1,'15959558107 '),(97,2,'5521388891 '),(98,1,'55 664-778-93'),(99,2,'5545544590 '),(100,1,'5545544590 '),(101,2,'445542980138 '),(102,1,'17474947195 '),(103,2,'5560735788 '),(104,1,'62850573 '),(105,2,'445544902042 '),(106,1,'5551209455 '),(107,2,'445543828970 '),(108,1,'5555562102 '),(109,2,'5545689011 '),(110,1,'0 '),(111,2,'(044) 5525386447'),(112,1,'(55) 54411973'),(113,2,'5529917042 '),(114,1,'58862284 '),(115,2,'0 '),(116,1,'0 '),(117,2,'5513439085 '),(118,1,'66379729 '),(119,2,'5527074761 '),(120,1,'56184452 '),(121,2,'5538530930 '),(122,1,'58862284 '),(123,2,'5547735590 '),(124,1,'36050023 '),(125,2,'0 '),(126,1,'63663520 '),(127,2,'5511316471 '),(128,1,'63663520 '),(129,2,'5526621847 '),(130,1,'57900717 '),(131,2,'445559521422 '),(132,1,'22870072 '),(133,2,'445559513985 '),(134,1,'22870072 '),(135,2,'04455 14838816'),(136,1,'(55) 55582924'),(137,2,'044 55 14838816'),(138,1,'(55) 55582924'),(139,2,'0 '),(140,1,'58894217 '),(141,2,'5538820348 '),(142,1,'0 '),(143,2,'445534245405 '),(144,1,'55 56541775'),(145,2,'5530355422 '),(146,1,'5522316744 '),(147,2,'445536340391 '),(148,1,'5525931520 '),(149,2,'15547369261 '),(150,1,'52 55 56765254'),(151,2,'7461141516 '),(152,1,'15532206008 '),(153,2,'5522704907 '),(154,1,'5556483676 '),(155,2,'5528576452 '),(156,1,'5556483676 '),(157,2,'044 7221702363'),(158,1,'722 2199894'),(159,2,'445526727539 '),(160,1,'0 '),(161,2,'2225508206 '),(162,1,'2222368845 '),(163,2,'2226795519 '),(164,1,'2222368845 '),(165,2,'445551899500 '),(166,1,'5555485238 '),(167,2,'445538820211 '),(168,1,'445538820211 '),(169,2,'52 5534192102'),(170,1,'5523712102 '),(171,2,'5510481247 '),(172,1,'58377277 '),(173,2,'554734384 '),(174,1,'5526503699 '),(175,2,'445538196772 '),(176,1,'15513838695 '),(177,2,'(044) 7221016160'),(178,1,'(722) 2321433'),(179,2,'55 10536381'),(180,1,'5558173957 '),(181,2,'044(722)2403845'),(182,1,'0 '),(183,2,'445522617227 '),(184,1,'5266394677 '),(185,2,'5533228229 '),(186,1,'5525933545 '),(187,2,'1453539637793 '),(188,1,'13535324087 '),(189,2,'52 1 55 25275783'),(190,1,'52 13127855'),(191,2,'5532389310 '),(192,1,'0 '),(193,2,'921 100 0781'),(194,1,'921 2148252'),(195,2,'9232374769 '),(196,1,'9232374769 '),(197,2,'9211455247 '),(198,1,'9211573425 '),(199,2,'9231123054 '),(200,1,'923 23747 69'),(201,2,'9211181258 '),(202,1,'9211181258 '),(203,2,'9211744141 '),(204,1,'1578254 '),(205,2,'9221288420 '),(206,1,'9221288420 '),(207,2,'5520732507 '),(208,1,'13278982 '),(209,2,'5548703138 '),(210,1,'5563788385 '),(211,2,'5560094895 '),(212,1,'58862284 '),(213,2,'0 '),(214,1,'0 '),(215,2,'5518351768 '),(216,1,'56193753 '),(217,2,'0 '),(218,1,'0 '),(219,2,'5532454677 '),(220,1,'0 '),(221,2,'5525197236 '),(222,1,'11131892 '),(223,2,'5535053154 '),(224,1,'0 '),(225,2,'5540207417 '),(226,1,'0 '),(227,2,'0 '),(228,1,'57968148 '),(229,2,'5523441755 '),(230,1,'0 '),(231,2,'0 '),(232,1,'56984151 '),(233,2,'5533245787 '),(234,1,'0 '),(235,2,'5524990921 '),(236,1,'56193753 '),(237,2,'5519041667 '),(238,1,'0 '),(239,2,'5518492197 '),(240,1,'0 '),(241,2,'5540060185 '),(242,1,'54462401 '),(243,2,'5543674982 '),(244,1,'5546222949 '),(245,2,'5523627822 '),(246,1,'0 '),(247,2,'5529507974 '),(248,1,'0 '),(249,2,'0 '),(250,1,'5558292930 '),(251,2,'5513376541 '),(252,1,'57361231 '),(253,2,'5535677987 '),(254,1,'0 '),(255,2,'5535219804 '),(256,1,'0 '),(257,2,'5546390478 '),(258,1,'0 '),(259,2,'5512663800 '),(260,1,'57832379 '),(261,2,'5591863262 '),(262,1,'5596193753 '),(263,2,'0 '),(264,1,'63663520 '),(265,2,'5548904150 '),(266,1,'5526024497 '),(267,2,'5517783371 '),(268,1,'57832379 '),(269,2,'5528299502 '),(270,1,'5557832379 '),(271,2,'5521757272 '),(272,1,'56184412 '),(273,2,'8187042570 '),(274,1,'0 '),(275,2,'7221648725 '),(276,1,'7226251295 '),(277,2,'8115267825 '),(278,1,'8183768600 '),(279,2,'447221204636 '),(280,1,'17223197423 '),(281,2,'8117085686 '),(282,1,'8183679099 '),(283,2,'7221507146 '),(284,1,'0 '),(285,2,'-'),(286,1,'810963942 '),(287,2,'0 '),(288,1,'17226251391 '),(289,2,'7222647734 '),(290,1,'7191053399 '),(291,2,'8187073399 '),(292,1,'8183346373 '),(293,2,'7222435546 '),(294,1,'17282821943 '),(295,2,'445543748891 '),(296,1,'58765956 '),(297,2,'-'),(298,1,'8183935970 '),(299,2,'7223738082 '),(300,1,'7223738082 '),(301,2,'445540556684 '),(302,1,'58765956 '),(303,2,'8119118888 '),(304,1,'8183825723 '),(305,2,'5549027368 '),(306,1,'63037212 '),(307,2,'457224178069 '),(308,1,'17222366552 '),(309,2,'81813823531 '),(310,1,'0 '),(311,2,'5527545939 '),(312,1,'26117733 '),(313,2,'8110500471 '),(314,1,'0 '),(315,2,'8110668959 '),(316,1,'0 '),(317,2,'8184639982 '),(318,1,'8183820316 '),(319,2,'7223975445 '),(320,1,'7222373259 '),(321,2,'8117819665 '),(322,1,'8183836201 '),(323,2,'457225539264 '),(324,1,'0 '),(325,2,'8110272305 '),(326,1,'8183825723 '),(327,2,'0 '),(328,1,'58834487 '),(329,2,'457224246667 '),(330,1,'17222373259 '),(331,2,'7221222232 '),(332,1,'0 '),(333,2,'8119049189 '),(334,1,'8183583951 '),(335,2,'7223941506 '),(336,1,'7226249636 '),(337,2,'457221087436 '),(338,1,'0 '),(339,2,'8112360444 '),(340,1,'8110991020 '),(341,2,'8116540644 '),(342,1,'818101603 '),(343,2,'8117984482 '),(344,1,'0 '),(345,2,'8114658891 '),(346,1,'0 '),(347,2,'7226204243 '),(348,1,'7222105613 '),(349,2,'045 3311928412'),(350,1,'0133 15231363'),(351,2,'8180198733 '),(352,1,'8183935970 '),(353,2,'0 '),(354,1,'0 '),(355,2,'045 3334047655'),(356,1,'0133 31447317'),(357,2,'7223033750 '),(358,1,'0 '),(359,2,'7221495703 '),(360,1,'7191053399 '),(361,2,'8184634345 '),(362,1,'8183824625 '),(363,2,'5539238263 '),(364,1,'26024542 '),(365,2,'045 3315193171'),(366,1,'0133 15231363'),(367,2,'8119767267 '),(368,1,'0 '),(369,2,'8117905840 '),(370,1,'8183618485 '),(371,2,'7221154534 '),(372,1,'0 '),(373,2,'045 3339000805'),(374,1,'0133 33333030'),(375,2,'8112088646 '),(376,1,'0 '),(377,2,'0 '),(378,1,'0 '),(379,2,'045 3338423121'),(380,1,'0133 36461601'),(381,2,'8114140342 '),(382,1,'8188805711 '),(383,2,'045 3331178669'),(384,1,'0133 36461601'),(385,2,'5527130940 '),(386,1,'0 '),(387,2,'5550649770 '),(388,1,'44303792 '),(389,2,'8117486410 '),(390,1,'8183260024 '),(391,2,'8181200600 '),(392,1,'8183204569 '),(393,2,'8116133238 '),(394,1,'0 '),(395,2,'045 3331063127'),(396,1,'0 '),(397,2,'045 3313074003'),(398,1,'0133 36461601'),(399,2,'8186606032 '),(400,1,'8183768600 '),(401,2,'045 3334687155'),(402,1,'0133 36461601'),(403,2,'5530498665 '),(404,1,'44303792 '),(405,2,'8116644042 '),(406,1,'0 '),(407,2,'456 108 64 24'),(408,1,'442 209-29-51'),(409,2,'-'),(410,1,'81838229222 '),(411,2,'2292384442 '),(412,1,'(229)9396490'),(413,2,'045 3331055155'),(414,1,'0133 31889165'),(415,2,'-'),(416,1,'8110991020 '),(417,2,'-'),(418,1,'8183829222 '),(419,2,'8180806936 '),(420,1,'8183825723 '),(421,2,'0 '),(422,1,'44303792 '),(423,2,'5511865978 '),(424,1,'44303792 '),(425,2,'5537140472 '),(426,1,'5556184452 '),(427,2,'044 456-105-5335'),(428,1,'0 '),(429,2,'5566012009 '),(430,1,'0 '),(431,2,'5510488344 '),(432,1,'5556184452 '),(433,2,'5554354143 '),(434,1,'5556184452 '),(435,2,'456 108 64 24'),(436,1,'442 2091951'),(437,2,'0 '),(438,1,'0133 36703724'),(439,2,'045 3316044791'),(440,1,'0 '),(441,2,'0 '),(442,1,'0 '),(443,2,'456 108 64 24'),(444,1,'442 2091951'),(445,2,'0 '),(446,1,'0133 36461601'),(447,2,'5517823913 '),(448,1,'22290613 '),(449,2,'045 3315587915'),(450,1,'0133 31447317'),(451,2,'0 '),(452,1,'0133 36863043'),(453,2,'01 461 135 45 59'),(454,1,'0 '),(455,2,'5563675109 '),(456,1,'0 '),(457,2,'045 3316995283'),(458,1,'0133 31253273'),(459,2,'045 3334909495'),(460,1,'0133 33301219'),(461,2,'4423610836 '),(462,1,'4425270720 '),(463,2,'0 '),(464,1,'0133 31445080'),(465,2,'4444224253008 '),(466,1,'14422783109 '),(467,2,'045 3315132920'),(468,1,'0133 31445080'),(469,2,'045 3317247422'),(470,1,'0133 31445080'),(471,2,'4423867250 '),(472,1,'14425270720 '),(473,2,'445546021522 '),(474,1,'0 '),(475,2,'045 3317360524'),(476,1,'0133 31447317'),(477,2,'4421079698 '),(478,1,'14422092614 '),(479,2,'15535205963 '),(480,1,'15535205963 '),(481,2,'4423523758 '),(482,1,'14422092614 '),(483,2,'5534630824 '),(484,1,'5566454293 '),(485,2,'20994990 '),(486,1,'5550221021 '),(487,2,'445514590592 '),(488,1,'0 '),(489,2,'0 '),(490,1,'14566432986 '),(491,2,'5540573897 '),(492,1,'0 '),(493,2,'461 155 50 69'),(494,1,'01461 612 04 20'),(495,2,'0 '),(496,1,'01456 643 29 86'),(497,2,'442 396 25 67'),(498,1,'01442 298 05 23'),(499,2,'5540727847 '),(500,1,'49746474 '),(501,2,'445530550102 '),(502,1,'0 '),(503,2,'5521166080 '),(504,1,'0 '),(505,2,'2223241046 '),(506,1,'2223241046 '),(507,2,'5539518171 '),(508,1,'0 '),(509,2,'5561042269 '),(510,1,'0 '),(511,2,'445564097053 '),(512,1,'0 '),(513,2,'5549474438 '),(514,1,'0 '),(515,2,'5538560749 '),(516,1,'0 '),(517,2,'5514187392 '),(518,1,'0 '),(519,2,'5566380792 '),(520,1,'0 '),(521,2,'2224941857 '),(522,1,'2221447465 '),(523,2,'445544700399 '),(524,1,'15524515414 '),(525,2,'2225646607 '),(526,1,'2221447465 '),(527,2,'445527748957 '),(528,1,'44275011 '),(529,2,'445584993704 '),(530,1,'15544275011 '),(531,2,'0 '),(532,1,'44392857 '),(533,2,'2221614616 '),(534,1,'2221614616 '),(535,2,'2291462764 '),(536,1,'0 '),(537,2,'445543812966 '),(538,1,'5522922124 '),(539,2,'2223241046 '),(540,1,'2223241046 '),(541,2,'2297735566 '),(542,1,'(229)2618371'),(543,2,'5515100012 '),(544,1,'5558719185 '),(545,2,'2226662237 '),(546,1,'2226662237 '),(547,2,'2221647150 '),(548,1,'2221647150 '),(549,2,'5531268853 '),(550,1,'0 '),(551,2,'445538387333 '),(552,1,'0 '),(553,2,'2224708216 '),(554,1,'2225131080 '),(555,2,'445534173935 '),(556,1,'11131892 '),(557,2,'445534173935 '),(558,1,'11130440 '),(559,2,'2292642697 '),(560,1,'229-2849642'),(561,2,'5537780901 '),(562,1,'0 '),(563,2,'2297786793 '),(564,1,'229-9322118'),(565,2,'445517288283 '),(566,1,'55697285 '),(567,2,'2291574569 '),(568,1,'0 '),(569,2,'5514187392 '),(570,1,'0 '),(571,2,'5525254648 '),(572,1,'0 '),(573,2,'2293044167 '),(574,1,'0 '),(575,2,'551924 '),(576,1,'0 '),(577,2,'2297796138 '),(578,1,'229-1780785'),(579,2,'5520498278 '),(580,1,'22290867 '),(581,2,'2291279374 '),(582,1,'0 '),(583,2,'5513150567 '),(584,1,'22290867 '),(585,2,'5519340830 '),(586,1,'0 '),(587,2,'2299120097 '),(588,1,'229-1308419'),(589,2,'2299074511 '),(590,1,'229-9803432'),(591,2,'2292506648 '),(592,1,'0 '),(593,2,'2291179110 '),(594,1,'0 '),(595,2,'2291448787 '),(596,1,'229-9803432'),(597,2,'2292652863 '),(598,1,'229-1308419'),(599,2,'0 '),(600,1,'229-9803432'),(601,2,'2292151079 '),(602,1,'229-9322118'),(603,2,'2292500476 '),(604,1,'229-9246678'),(605,2,'2299825500 '),(606,1,'229-9829014'),(607,2,'2291616432 '),(608,1,'229-9246678'),(609,2,'2299825500 '),(610,1,'229-2600629'),(611,2,'2291385953 '),(612,1,'0 '),(613,2,'2291852687 '),(614,1,'0 '),(615,2,'044 5531890508'),(616,1,'55 53581187'),(617,2,'445535581591 '),(618,1,'5526490574 '),(619,2,'445534935216 '),(620,1,'5544262930 '),(621,2,'445549638722 '),(622,1,'5554213990 '),(623,2,'0 '),(624,1,'5563616574 '),(625,2,'445531473325 '),(626,1,'0 '),(627,2,'445516046840 '),(628,1,'5558273562 '),(629,2,'445567070880 '),(630,1,'5553486898 '),(631,2,'445511186982 '),(632,1,'5553486898 '),(633,2,'445538670741 '),(634,1,'0 '),(635,2,'0 '),(636,1,'5544262930 '),(637,2,'445549455290 '),(638,1,'5553708402 '),(639,2,'445547919925 '),(640,1,'0 '),(641,2,'445517326631 '),(642,1,'5521644396 '),(643,2,'445591873798 '),(644,1,'5521644396 '),(645,2,'445529896302 '),(646,1,'0 '),(647,2,'445554521028 '),(648,1,'5553490955 '),(649,2,'445554018706 '),(650,1,'5553490955 '),(651,2,'445550741988 '),(652,1,'0 '),(653,2,'445529023440 '),(654,1,'0 '),(655,2,'445529023440 '),(656,1,'0 '),(657,2,'445537054568 '),(658,1,'0 '),(659,2,'445528846091 '),(660,1,'0 '),(661,2,'445520857119 '),(662,1,'0 '),(663,2,'445521111717 '),(664,1,'5544262930 '),(665,2,'0 '),(666,1,'0 '),(667,2,'5518534880 '),(668,1,'5518534880 '),(669,2,'443310660466 '),(670,1,'13336631555 '),(671,2,'5549592421 '),(672,1,'0 '),(673,2,'5513982089 '),(674,1,'0 '),(675,2,'044 55 50315275'),(676,1,'55 57402155'),(677,2,'5535563186 '),(678,1,'5558691371 '),(679,2,'445566062711 '),(680,1,'26429203 '),(681,2,'445543445019 '),(682,1,'62783210 '),(683,2,'445530112307 '),(684,1,'55 50169129'),(685,2,'445511455568 '),(686,1,'445542705434 '),(687,2,'5549443874 '),(688,1,'5559161307 '),(689,2,'5521004093 '),(690,1,'26111234 '),(691,2,'(044)5519128493'),(692,1,'(01)5558405435'),(693,2,'445560731474 '),(694,1,'5556143388 '),(695,2,'445591450311 '),(696,1,'5557555098 '),(697,2,'0 '),(698,1,'5526452043 '),(699,2,'5542269947 '),(700,1,'52775807 '),(701,2,'5529804450 '),(702,1,'52775807 '),(703,2,'5548612168 '),(704,1,'55790438 '),(705,2,'5560054306 '),(706,1,'59714288 '),(707,2,'5543871098 '),(708,1,'66521038 '),(709,2,'5538839501 '),(710,1,'0 '),(711,2,'5521160366 '),(712,1,'5521610445 '),(713,2,'5530225995 '),(714,1,'63612563 '),(715,2,'5534505040 '),(716,1,'0 '),(717,2,'5510074663 '),(718,1,'5557009896 '),(719,2,'5549585215 '),(720,1,'0 '),(721,2,'2226794282 '),(722,1,'(222)2251386'),(723,2,'5534362637 '),(724,1,'0 '),(725,2,'5548155594 '),(726,1,'5555818093 '),(727,2,'476770331 '),(728,1,'(476) 747 0331'),(729,2,'0 '),(730,1,'5563612563 '),(731,2,'5516809831 '),(732,1,'0 '),(733,2,'5549490870 '),(734,1,'50163110 '),(735,2,'7225271883 '),(736,1,'0 '),(737,2,'5530753025 '),(738,1,'57321369 '),(739,2,'5519358093 '),(740,1,'56491676 '),(741,2,'5539127276 '),(742,1,'56955055 '),(743,2,'5524159921 '),(744,1,'57561222 '),(745,2,'5517917176 '),(746,1,'0 '),(747,2,'5546402782 '),(748,1,'0 '),(749,2,'5530010801 '),(750,1,'0 '),(751,2,'(044)5529298588'),(752,1,'55282925 '),(753,2,'445534630824 '),(754,1,'(55)66454293'),(755,2,'445512293147 '),(756,1,'5556947624 '),(757,2,'5540459630 '),(758,1,'5919185297 '),(759,2,'445529538431 '),(760,1,'5557635784 '),(761,2,'445549019516 '),(762,1,'5556760485 '),(763,2,'445516474435 '),(764,1,'5554469771 '),(765,2,'5518134719 '),(766,1,'15455280 '),(767,2,'5510231640 '),(768,1,'5515516566 '),(769,2,'7223342582 '),(770,1,'7171324020 '),(771,2,'7731485767 '),(772,1,'55 1000 1801'),(773,2,'5523420349 '),(774,1,'5566489612 '),(775,2,'7221680113 '),(776,1,'7221680113 '),(777,2,'5525372514 '),(778,1,'5559750220 '),(779,2,'5534544002 '),(780,1,'0 '),(781,2,'445563161675 '),(782,1,'55 50169129'),(783,2,'445530217595 '),(784,1,'27950534 '),(785,2,'5535973084 '),(786,1,'63628772 '),(787,2,'5511397810 '),(788,1,'85014199 '),(789,2,'5538985343 '),(790,1,'045-5538985343'),(791,2,'5591978565 '),(792,1,'91129165 '),(793,2,'442224921771 '),(794,1,'2222613259 '),(795,2,'445545823861 '),(796,1,'5526424287 '),(797,2,'445525599845 '),(798,1,'15562800136 '),(799,2,'445549079920 '),(800,1,'0 '),(801,2,'045 3336269532'),(802,1,'33 36313430'),(803,2,'045 3311358875'),(804,1,'33 36367471'),(805,2,'045 3334643715'),(806,1,'33 36367298'),(807,2,'045 3311353197'),(808,1,'0 '),(809,2,'045 3141196529'),(810,1,'0 '),(811,2,'045 3314571603'),(812,1,'33 15231356'),(813,2,'045 3331071944'),(814,1,'0 '),(815,2,'2291028810 '),(816,1,'0 '),(817,2,'2291283712 '),(818,1,'229-2839276'),(819,2,'2299849571 '),(820,1,'229-9252415'),(821,2,'5510179729 '),(822,1,'229-9396490'),(823,2,'5532742675 '),(824,1,'15516766003 '),(825,2,'5518152424 '),(826,1,'15516766003 '),(827,2,'7225394592 '),(828,1,'0 '),(829,2,'7224174600 '),(830,1,'(722)1-32-06-01'),(831,2,'7225051087 '),(832,1,'0 '),(833,2,'5525254848 '),(834,1,'0 '),(835,2,'5519375199 '),(836,1,'0 '),(837,2,'0 '),(838,1,'58710205 '),(839,2,'5516410171 '),(840,1,'0 '),(841,2,'5563505411 '),(842,1,'0 '),(843,2,'5536967318 '),(844,1,'58687736 '),(845,2,'0 '),(846,1,'58719773 '),(847,2,'5535963484 '),(848,1,'58762072 '),(849,2,'5523225426 '),(850,1,'58178412 '),(851,2,'0 '),(852,1,'0 '),(853,2,'0 '),(854,1,'53107339 '),(855,2,'5527284362 '),(856,1,'26112971 '),(857,2,'5528536012 '),(858,1,'0 '),(859,2,'5525326499 '),(860,1,'26112971 '),(861,2,'6644640703 '),(862,1,'6646231187 '),(863,2,'459232385460 '),(864,1,'19232374769 '),(865,2,'459232385460 '),(866,1,'19232374769 '),(867,2,'445526658925 '),(868,1,'5556502345 '),(869,2,'5531300638 '),(870,1,'22274737 '),(871,2,'5530180843 '),(872,1,'(55)50190809'),(873,2,'04455 1570 0546'),(874,1,'55 47486291'),(875,2,'04455 1570 0546'),(876,1,'55 47486291'),(877,2,'8117899728 '),(878,1,'8117899728 '),(879,2,'5535061321 '),(880,1,'26204485 '),(881,2,'0 '),(882,1,'66508471 '),(883,2,'2292337750 '),(884,1,'2291881414 '),(885,2,'6681092581 '),(886,1,'6681092581 '),(887,2,'445551875276 '),(888,1,'5553977243 '),(889,2,'445532643300 '),(890,1,'0 '),(891,2,'445532643300 '),(892,1,'0 '),(893,2,'445532643300 '),(894,1,'0 '),(895,2,'445532643300 '),(896,1,'0 '),(897,2,'6681431545 '),(898,1,'6681431545 '),(899,2,'445533926400 '),(900,1,'5557402155 '),(901,2,'5550570751 '),(902,1,'58276237 '),(903,2,'5541272806 '),(904,1,'5591733055 '),(905,2,'0 '),(906,1,'(222) 2 68 17 30'),(907,2,'5538465170 '),(908,1,'5525989209 '),(909,2,'7221685616 '),(910,1,'7222327903 '),(911,2,'5537249244 '),(912,1,'17282886535 '),(913,2,'15538780453 '),(914,1,'15556497060 '),(915,2,'445542326545 '),(916,1,'0 '),(917,2,'442221567076 '),(918,1,'12222368845 '),(919,2,'442223436909 '),(920,1,'2223436909 '),(921,2,'442223470631 '),(922,1,'12228896028 '),(923,2,'442227130682 '),(924,1,'2227130682 '),(925,2,'442223428743 '),(926,1,'12226192539 '),(927,2,'12222531499 '),(928,1,'12222531499 '),(929,2,'442223678907 '),(930,1,'12222368845 '),(931,2,'442226793871 '),(932,1,'12225715738 '),(933,2,'442226280370 '),(934,1,'12222323084 '),(935,2,'5525417431 '),(936,1,'54418470 '),(937,2,'5538932745 '),(938,1,'5538932745 '),(939,2,'55 19 58 12'),(940,1,'58 20 19 66'),(941,2,'442223778602 '),(942,1,'12222530036 '),(943,2,'442226712071 '),(944,1,'12222530036 '),(945,2,'442223567890 '),(946,1,'12222368845 '),(947,2,'5585607376 '),(948,1,'56746410 '),(949,2,'0 '),(950,1,'7711256834 '),(951,2,'447471250321 '),(952,1,'471161246 '),(953,2,'5513987099 '),(954,1,'58723324 '),(955,2,'5521365293 '),(956,1,'21353574 '),(957,2,'5531089676 '),(958,1,'11134732 '),(959,2,'5533187934 '),(960,1,'0 '),(961,2,'447471435219 '),(962,1,'17474720354 '),(963,2,'55 42 57 32 28'),(964,1,'55-63450526'),(965,2,'0 '),(966,1,'5513278982 '),(967,2,'5545521702 '),(968,1,'5554299177 '),(969,2,'045 3312181529'),(970,1,'0 '),(971,2,'045 3313969186'),(972,1,'0 '),(973,2,'045 3334637282'),(974,1,'0133 31444343'),(975,2,'045 3312450658'),(976,1,'0133 36419102'),(977,2,'725541937 '),(978,1,'7225541937 '),(979,2,'5542387352 '),(980,1,'0 '),(981,2,'8113011814 '),(982,1,'8183603982 '),(983,2,'0 '),(984,1,'58807946 '),(985,2,'8117087275 '),(986,1,'8183610057 '),(987,2,'8117026566 '),(988,1,'8110908165 '),(989,2,'8119057047 '),(990,1,'0 '),(991,2,'8119398096 '),(992,1,'8183885792 '),(993,2,'0 '),(994,1,'0 '),(995,2,'2299530545 '),(996,1,'0 '),(997,2,'8119146237 '),(998,1,'0 '),(999,2,'8442770266 '),(1000,1,'0 '),(1001,2,'8117447219 '),(1002,1,'8144442916 '),(1003,2,'8115642252 '),(1004,1,'0 '),(1005,2,'-'),(1006,1,'81838386201 '),(1007,2,'8116827096 '),(1008,1,'8183836201 '),(1009,2,'8112556596 '),(1010,1,'-'),(1011,2,'8120783747 '),(1012,1,'-'),(1013,2,'-'),(1014,1,'40403083 '),(1015,2,'445522140154 '),(1016,1,'5522140154 '),(1017,2,'-'),(1018,1,'-'),(1019,2,'445541287879 '),(1020,1,'5556143388 '),(1021,2,'461 121 85 21'),(1022,1,'01(461)117 01 46'),(1023,2,'461 117 01 46'),(1024,1,'01(461)117 01 46'),(1025,2,'445527322430 '),(1026,1,'55201277 '),(1027,2,'442 129 23 92'),(1028,1,'0 '),(1029,2,'445529174720 '),(1030,1,'5525944506 '),(1031,2,'5525252477 '),(1032,1,'5558661946 '),(1033,2,'445520713895 '),(1034,1,'55860106 '),(1035,2,'5536374985 '),(1036,1,'0 '),(1037,2,'5536374985 '),(1038,1,'0 '),(1039,2,'5537201592 '),(1040,1,'0 '),(1041,2,'445531472023 '),(1042,1,'5536185804 '),(1043,2,'5511524157 '),(1044,1,'5556706428 '),(1045,2,'045 3313531882'),(1046,1,'0 '),(1047,2,'442 481 0655'),(1048,1,'0 '),(1049,2,'5549469637 '),(1050,1,'5562768171 '),(1051,2,'5528963435 '),(1052,1,'0 '),(1053,2,'0 '),(1054,1,'5559838946 '),(1055,2,'9212404238 '),(1056,1,'9212165401 '),(1057,2,'0 '),(1058,1,'5556409069 '),(1059,2,'5545130223 '),(1060,1,'52712266 '),(1061,2,'445522761549 '),(1062,1,'5557999145 '),(1063,2,'445554928704 '),(1064,1,'0 '),(1065,2,'445547631861 '),(1066,1,'0 '),(1067,2,'0 '),(1068,1,'5551125024 '),(1069,2,'0 '),(1070,1,'0 '),(1071,2,'442 361 08 36'),(1072,1,'01(442)527 07 20'),(1073,2,'044-55-40-91-40-53'),(1074,1,'044-55-40-91-40-53'),(1075,2,'8115103469 '),(1076,1,'8110991020 '),(1077,2,'445533335424 '),(1078,1,'15546232076 '),(1079,2,'5585337046 '),(1080,1,'445526324735 '),(1081,2,'445521407421 '),(1082,1,'57141977 '),(1083,2,'442 131 81 20'),(1084,1,'01(442) 455 06 59'),(1085,2,'5540172455 '),(1086,1,'5558396583 '),(1087,2,'442 143 54 73'),(1088,1,'01(442) 455 06 59'),(1089,2,'442 206 65 42'),(1090,1,'0 '),(1091,2,'5540172455 '),(1092,1,'5566491083 '),(1093,2,'12222368845 '),(1094,1,'12222368845 '),(1095,2,'12225942900 '),(1096,1,'12225942900 '),(1097,2,'12225942900 '),(1098,1,'12225942900 '),(1099,2,'55 66992501'),(1100,1,'52 26422572'),(1101,2,'5521904850 '),(1102,1,'58894217 '),(1103,2,'5531252436 '),(1104,1,'58894217 '),(1105,2,'04455 64837037'),(1106,1,'55 56818058'),(1107,2,'445535184186 '),(1108,1,'5558542179 '),(1109,2,'5533523087 '),(1110,1,'5558542179 '),(1111,2,'445515903931 '),(1112,1,'55 35368154'),(1113,2,'445519362130 '),(1114,1,'5563646297 '),(1115,2,'5564010452 '),(1116,1,'5530958690 '),(1117,2,'045 3312055763'),(1118,1,'0133 36751716'),(1119,2,'045 3318921250'),(1120,1,'0133 10284659'),(1121,2,'5518106879 '),(1122,1,'5553050570 '),(1123,2,'5518106879 '),(1124,1,'53050570 '),(1125,2,'5535041988 '),(1126,1,'5535041988 '),(1127,2,'5544755040 '),(1128,1,'0 '),(1129,2,'5544755040 '),(1130,1,'0 '),(1131,2,'2321049848 '),(1132,1,'16766003 '),(1133,2,'6621604923 '),(1134,1,'526622185479 '),(1135,2,'04455 32502303'),(1136,1,'(52) 57951867'),(1137,2,'525543474424 '),(1138,1,'5256125360 '),(1139,2,'445537042792 '),(1140,1,'(55) 52352149'),(1141,2,'445511419508 '),(1142,1,'55413094 '),(1143,2,'5531881457 '),(1144,1,'5553680137 '),(1145,2,'5554771761 '),(1146,1,'5558760517 '),(1147,2,'55 28288094'),(1148,1,'82835776 '),(1149,2,'5534658137 '),(1150,1,'5534658137 '),(1151,2,'445516398355 '),(1152,1,'0 '),(1153,2,'55 15788236'),(1154,1,'5585824828 '),(1155,2,'445532643300 '),(1156,1,'0 '),(1157,2,'445532643300 '),(1158,1,'0 '),(1159,2,'2791048713 '),(1160,1,'0 '),(1161,2,'445532643300 '),(1162,1,'0 '),(1163,2,'454431678481 '),(1164,1,'0 '),(1165,2,'2291140373 '),(1166,1,'0 '),(1167,2,'445532049917 '),(1168,1,'5558446912 '),(1169,2,'454431678481 '),(1170,1,'0 '),(1171,2,'454431678481 '),(1172,1,'0 '),(1173,2,'2297809146 '),(1174,1,'0 '),(1175,2,'454431678481 '),(1176,1,'0 '),(1177,2,'454431678481 '),(1178,1,'0 '),(1179,2,'454431678481 '),(1180,1,'0 '),(1181,2,'454431678481 '),(1182,1,'0 '),(1183,2,'445554532498 '),(1184,1,'0 '),(1185,2,'445529844017 '),(1186,1,'5526270311 '),(1187,2,'445547967363 '),(1188,1,'0 '),(1189,2,'445529896302 '),(1190,1,'0 '),(1191,2,'2292655192 '),(1192,1,'2299803432 '),(1193,2,'445545531689 '),(1194,1,'26490574 '),(1195,2,'445523222919 '),(1196,1,'55 57394900'),(1197,2,'921-202-6303'),(1198,1,'01(921)214-0745'),(1199,2,'0 '),(1200,1,'0133 36479663'),(1201,2,'9211199232 '),(1202,1,'01921)2135688'),(1203,2,'9211010407 '),(1204,1,'01921)2150832'),(1205,2,'9211199232 '),(1206,1,'01921)1631960'),(1207,2,'9211138449 '),(1208,1,'01921)1631960'),(1209,2,'0 '),(1210,1,'01(442)222 36 78'),(1211,2,'922 104 6300'),(1212,1,'22 4 61 04'),(1213,2,'+52 1 922 164 3074'),(1214,1,'22 4 61 04'),(1215,2,'442226090444 '),(1216,1,'(222) 8682143'),(1217,2,'442 321 84 35'),(1218,1,'01(442) 477 09 37'),(1219,2,'0 '),(1220,1,'7437972075 '),(1221,2,'5512352900 '),(1222,1,'5526436237 '),(1223,2,'5585648046 '),(1224,1,'5557022229 '),(1225,2,'4111050484 '),(1226,1,'4111050484 '),(1227,2,'447225331920 '),(1228,1,'7222236393 '),(1229,2,'3312079655 '),(1230,1,'3338340958 '),(1231,2,'5532253898 '),(1232,1,'24820516 '),(1233,2,'7121498969 '),(1234,1,'7121498969 '),(1235,2,'55 16531584'),(1236,1,'55 58443216'),(1237,2,'7131088011 '),(1238,1,'713  1312754'),(1239,2,'461 199 37 41'),(1240,1,'01(461) 598 34 72'),(1241,2,'7131373345 '),(1242,1,'7131312754 '),(1243,2,'5526551789 '),(1244,1,'5558973424 '),(1245,2,'5566907855 '),(1246,1,'5525916958 '),(1247,2,'4772154513 '),(1248,1,'4772154513 '),(1249,2,'5591100741 '),(1250,1,'59425583 '),(1251,2,'8110341517 '),(1252,1,'8110991020 '),(1253,2,'448112365674 '),(1254,1,'8182432892 '),(1255,2,'48112623095 '),(1256,1,'0 '),(1257,2,'448114959025 '),(1258,1,'0 '),(1259,2,'448110331864 '),(1260,1,'8183676520 '),(1261,2,'044-55-23-93-25-96'),(1262,1,'55- 57-45-69-41 '),(1263,2,'445544234567 '),(1264,1,'53804730 '),(1265,2,'448117827275 '),(1266,1,'8183539835 '),(1267,2,'448117906544 '),(1268,1,'8188822135 '),(1269,2,'5554622340 '),(1270,1,'5559167473 '),(1271,2,'(044)5562914705'),(1272,1,'(55) 44265815'),(1273,2,'445560978463 '),(1274,1,'445591087077 '),(1275,2,'4651015288 '),(1276,1,'4499581343 '),(1277,2,'5560054306 '),(1278,1,'5559714288 '),(1279,2,'525527525311 '),(1280,1,'5236050023 '),(1281,2,'525533625404 '),(1282,1,'55892726 '),(1283,2,'8118004037 '),(1284,1,'80593249 '),(1285,2,'8115183227 '),(1286,1,'80577358 '),(1287,2,'445532273365 '),(1288,1,'5554275864 '),(1289,2,'445521442238 '),(1290,1,'5558760820 '),(1291,2,'5540711775 '),(1292,1,'5563038999 '),(1293,2,'7223969946 '),(1294,1,'722272355 '),(1295,2,'7221519974 '),(1296,1,'0 '),(1297,2,'5536336207 '),(1298,1,'0 '),(1299,2,'447221642638 '),(1300,1,'7222327903 '),(1301,2,'7223499467 '),(1302,1,'0 '),(1303,2,'447225139617 '),(1304,1,'7222071786 '),(1305,2,'447225384797 '),(1306,1,'7221672510 '),(1307,2,'7223397773 '),(1308,1,'0 '),(1309,2,'8991155675 '),(1310,1,'5218999562138 '),(1311,2,'17121902996 '),(1312,1,'17161441233 '),(1313,2,'442 143 45 43'),(1314,1,'01(422) 220 54 14'),(1315,2,'7223478243 '),(1316,1,'7223478243 '),(1317,2,'2291357595 '),(1318,1,'0 '),(1319,2,'7411025806 '),(1320,1,'7411025806 '),(1321,2,'921-146-3881'),(1322,1,'921-146-3881'),(1323,2,'445521282136 '),(1324,1,'54257596 '),(1325,2,'9221618185 '),(1326,1,'(01922) 2640354'),(1327,2,'2291583045 '),(1328,1,'0 '),(1329,2,'448114656084 '),(1330,1,' -'),(1331,2,'448113011814 '),(1332,1,'8183603982 '),(1333,2,'5545959397 '),(1334,1,'56182598 '),(1335,2,'5545693792 '),(1336,1,'56182598 '),(1337,2,'445538900711 '),(1338,1,'57561222 '),(1339,2,'443334475529 '),(1340,1,'(33)36121693'),(1341,2,'2484893927 '),(1342,1,'2484874847 '),(1343,2,'2791105389 '),(1344,1,'2798225104 '),(1345,2,'2299040554 '),(1346,1,'2299040554 '),(1347,2,'445531246402 '),(1348,1,'5556561904 '),(1349,2,'445533175302 '),(1350,1,'5554257596 '),(1351,2,'457151319402 '),(1352,1,'01715a321789'),(1353,2,'445511961309 '),(1354,1,'62981260 '),(1355,2,'445511961309 '),(1356,1,'62981260 '),(1357,2,'445545135935 '),(1358,1,'62981260 '),(1359,2,'2291247058 '),(1360,1,'2291247058 '),(1361,2,'445525033554 '),(1362,1,'5543335224 '),(1363,2,'2291897015 '),(1364,1,'2291897015 '),(1365,2,'2299211019 '),(1366,1,'2299211019 '),(1367,2,'6673254697 '),(1368,1,'0 '),(1369,2,'9211132426 '),(1370,1,'9211132426 '),(1371,2,'442224746164 '),(1372,1,'12222369762 '),(1373,2,'442221076415 '),(1374,1,'12222424566 '),(1375,2,'442223153069 '),(1376,1,'12223153069 '),(1377,2,'5539198190 '),(1378,1,'5546231722 '),(1379,2,'5560725660 '),(1380,1,'5558455394 '),(1381,2,'55 40436436'),(1382,1,'55 52715370'),(1383,2,'55 40436436'),(1384,1,'55 52715370'),(1385,2,'442 367 91 17'),(1386,1,'01(442)210 24 14'),(1387,2,'442 424 99 82'),(1388,1,'01(442)210 24 14'),(1389,2,'5531244814 '),(1390,1,'0 '),(1391,2,'5531244814 '),(1392,1,'0 '),(1393,2,'442222058213 '),(1394,1,'12222058213 '),(1395,2,'0 '),(1396,1,'0133 3847383374'),(1397,2,'045 3338719595'),(1398,1,'0133 36446622'),(1399,2,'4422022452 '),(1400,1,'4422285614 '),(1401,2,'5511365289 '),(1402,1,'44275011 '),(1403,2,'5543812966 '),(1404,1,'22922124 '),(1405,2,'5543812966 '),(1406,1,'22922124 '),(1407,2,'5543812966 '),(1408,1,'22922124 '),(1409,2,'5543812966 '),(1410,1,'22922124 '),(1411,2,'5543812966 '),(1412,1,'22922124 '),(1413,2,'5543812966 '),(1414,1,'22922124 '),(1415,2,'5543812966 '),(1416,1,'22922124 '),(1417,2,'5543812966 '),(1418,1,'22922124 '),(1419,2,'5543812966 '),(1420,1,'22922124 '),(1421,2,'5543812966 '),(1422,1,'22922124 '),(1423,2,'0 '),(1424,1,'46153906 '),(1425,2,'5531079027 '),(1426,1,'46153906 '),(1427,2,'0 '),(1428,1,'55279826 '),(1429,2,'5520914978 '),(1430,1,'55-59882108'),(1431,2,'442 323 79 65'),(1432,1,'01(442) 220 82 45'),(1433,2,'442 219 80 51'),(1434,1,'01(442) 221 10 82'),(1435,2,'7224438443 '),(1436,1,'7224897060 '),(1437,2,'442221164338 '),(1438,1,'12226504608 '),(1439,2,'442225333133 '),(1440,1,'12222346674 '),(1441,2,'442222368845 '),(1442,1,'12222368845 '),(1443,2,'442222368845 '),(1444,1,'12222368845 '),(1445,2,'5513534874 '),(1446,1,'58720939 '),(1447,2,'5533983954 '),(1448,1,'20647295 '),(1449,2,'5532617864 '),(1450,1,'20642091 '),(1451,2,'5514739647 '),(1452,1,'58711438 '),(1453,2,'5511905797 '),(1454,1,'63863547 '),(1455,2,'5560828376 '),(1456,1,'20642091 '),(1457,2,'5510164462 '),(1458,1,'58711438 '),(1459,2,'5534263394 '),(1460,1,'58241936 '),(1461,2,'5591919236 '),(1462,1,'0 '),(1463,2,'5545522703 '),(1464,1,'20642091 '),(1465,2,'5540261521 '),(1466,1,'15566527303 '),(1467,2,'5559442186 '),(1468,1,'58241936 '),(1469,2,'5536684910 '),(1470,1,'20646670 '),(1471,2,'5585722503 '),(1472,1,'55874901 '),(1473,2,'5531715285 '),(1474,1,'0 '),(1475,2,'5528461281 '),(1476,1,'58711438 '),(1477,2,'5529199814 '),(1478,1,'58714901 '),(1479,2,'5518106874 '),(1480,1,'0 '),(1481,2,'5516511899 '),(1482,1,'0 '),(1483,2,'5531175221 '),(1484,1,'20642091 '),(1485,2,'5515041896 '),(1486,1,'58711438 '),(1487,2,'5533454812 '),(1488,1,'5546048150 '),(1489,2,'5585298091 '),(1490,1,'5553535133 '),(1491,2,'5512747921 '),(1492,1,'20646670 '),(1493,2,'5547586389 '),(1494,1,'66526303 '),(1495,2,'5513492631 '),(1496,1,'0 '),(1497,2,'5564154024 '),(1498,1,'0 '),(1499,2,'5525250994 '),(1500,1,'0 '),(1501,2,'5511457152 '),(1502,1,'26116813 '),(1503,2,'5531175221 '),(1504,1,'20642091 '),(1505,2,'5515041896 '),(1506,1,'58711438 '),(1507,2,'5533454812 '),(1508,1,'5546048150 '),(1509,2,'5585298091 '),(1510,1,'5553535133 '),(1511,2,'5512747921 '),(1512,1,'20646670 '),(1513,2,'5547586389 '),(1514,1,'66526303 '),(1515,2,'5513492631 '),(1516,1,'0 '),(1517,2,'5564154024 '),(1518,1,'0 '),(1519,2,'5525250994 '),(1520,1,'0 '),(1521,2,'5511457152 '),(1522,1,'26116813 '),(1523,2,'5545959397 '),(1524,1,'56182598 '),(1525,2,'5545693792 '),(1526,1,'56182598 '),(1527,2,'445538900711 '),(1528,1,'57561222 '),(1529,2,'443334475529 '),(1530,1,'(33)36121693'),(1531,2,'2484893927 '),(1532,1,'2484874847 '),(1533,2,'2791105389 '),(1534,1,'2798225104 '),(1535,2,'2299040554 '),(1536,1,'2299040554 '),(1537,2,'445531246402 '),(1538,1,'5556561904 '),(1539,2,'445533175302 '),(1540,1,'5554257596 '),(1541,2,'457151319402 '),(1542,1,'01715a321789'),(1543,2,'445511961309 '),(1544,1,'62981260 '),(1545,2,'445511961309 '),(1546,1,'62981260 '),(1547,2,'445545135935 '),(1548,1,'62981260 '),(1549,2,'2291247058 '),(1550,1,'2291247058 '),(1551,2,'445525033554 '),(1552,1,'5543335224 '),(1553,2,'2291897015 '),(1554,1,'2291897015 '),(1555,2,'2299211019 '),(1556,1,'2299211019 '),(1557,2,'6673254697 '),(1558,1,'0 '),(1559,2,'9211132426 '),(1560,1,'9211132426 '),(1561,2,'442224746164 '),(1562,1,'12222369762 '),(1563,2,'442221076415 '),(1564,1,'12222424566 '),(1565,2,'442223153069 '),(1566,1,'12223153069 '),(1567,2,'5539198190 '),(1568,1,'5546231722 '),(1569,2,'5560725660 '),(1570,1,'5558455394 '),(1571,2,'55 40436436'),(1572,1,'55 52715370'),(1573,2,'55 40436436'),(1574,1,'55 52715370'),(1575,2,'442 367 91 17'),(1576,1,'01(442)210 24 14'),(1577,2,'442 424 99 82'),(1578,1,'01(442)210 24 14'),(1579,2,'5531244814 '),(1580,1,'0 '),(1581,2,'5531244814 '),(1582,1,'0 '),(1583,2,'442222058213 '),(1584,1,'12222058213 '),(1585,2,'0 '),(1586,1,'0133 3847383374'),(1587,2,'045 3338719595'),(1588,1,'0133 36446622'),(1589,2,'4422022452 '),(1590,1,'4422285614 '),(1591,2,'5511365289 '),(1592,1,'44275011 '),(1593,2,'5543812966 '),(1594,1,'22922124 '),(1595,2,'5543812966 '),(1596,1,'22922124 '),(1597,2,'5543812966 '),(1598,1,'22922124 '),(1599,2,'5543812966 '),(1600,1,'22922124 '),(1601,2,'5543812966 '),(1602,1,'22922124 '),(1603,2,'5543812966 '),(1604,1,'22922124 '),(1605,2,'5543812966 '),(1606,1,'22922124 '),(1607,2,'5543812966 '),(1608,1,'22922124 '),(1609,2,'5543812966 '),(1610,1,'22922124 '),(1611,2,'5543812966 '),(1612,1,'22922124 '),(1613,2,'0 '),(1614,1,'46153906 '),(1615,2,'5531079027 '),(1616,1,'46153906 '),(1617,2,'0 '),(1618,1,'55279826 '),(1619,2,'5520914978 '),(1620,1,'55-59882108'),(1621,2,'442 323 79 65'),(1622,1,'01(442) 220 82 45'),(1623,2,'442 219 80 51'),(1624,1,'01(442) 221 10 82'),(1625,2,'7224438443 '),(1626,1,'7224897060 '),(1627,2,'442221164338 '),(1628,1,'12226504608 '),(1629,2,'442225333133 '),(1630,1,'12222346674 '),(1631,2,'442222368845 '),(1632,1,'12222368845 '),(1633,2,'442222368845 '),(1634,1,'12222368845 '),(1635,2,'5513534874 '),(1636,1,'58720939 '),(1637,2,'5533983954 '),(1638,1,'20647295 '),(1639,2,'5532617864 '),(1640,1,'20642091 '),(1641,2,'5514739647 '),(1642,1,'58711438 '),(1643,2,'5511905797 '),(1644,1,'63863547 '),(1645,2,'5560828376 '),(1646,1,'20642091 '),(1647,2,'5510164462 '),(1648,1,'58711438 '),(1649,2,'5534263394 '),(1650,1,'58241936 '),(1651,2,'5591919236 '),(1652,1,'0 '),(1653,2,'5545522703 '),(1654,1,'20642091 '),(1655,2,'5540261521 '),(1656,1,'15566527303 '),(1657,2,'5559442186 '),(1658,1,'58241936 '),(1659,2,'5536684910 '),(1660,1,'20646670 '),(1661,2,'5585722503 '),(1662,1,'55874901 '),(1663,2,'5531715285 '),(1664,1,'0 '),(1665,2,'5528461281 '),(1666,1,'58711438 '),(1667,2,'5529199814 '),(1668,1,'58714901 '),(1669,2,'5518106874 '),(1670,1,'0 '),(1671,2,'5516511899 '),(1672,1,'0 '),(1673,2,'2297809146 '),(1674,1,'0 '),(1675,2,'454431678481 '),(1676,1,'0 '),(1677,2,'454431678481 '),(1678,1,'0 '),(1679,2,'454431678481 '),(1680,1,'0 '),(1681,2,'454431678481 '),(1682,1,'0 '),(1683,2,'445554532498 '),(1684,1,'0 '),(1685,2,'445529844017 '),(1686,1,'5526270311 '),(1687,2,'445547967363 '),(1688,1,'0 '),(1689,2,'445529896302 '),(1690,1,'0 '),(1691,2,'2292655192 '),(1692,1,'2299803432 '),(1693,2,'445545531689 '),(1694,1,'26490574 '),(1695,2,'445523222919 '),(1696,1,'55 57394900'),(1697,2,'921-202-6303'),(1698,1,'01(921)214-0745'),(1699,2,'0 '),(1700,1,'0133 36479663'),(1701,2,'9211199232 '),(1702,1,'01921)2135688'),(1703,2,'9211010407 '),(1704,1,'01921)2150832'),(1705,2,'9211199232 '),(1706,1,'01921)1631960'),(1707,2,'9211138449 '),(1708,1,'01921)1631960'),(1709,2,'0 '),(1710,1,'01(442)222 36 78'),(1711,2,'922 104 6300'),(1712,1,'22 4 61 04'),(1713,2,'+52 1 922 164 3074'),(1714,1,'22 4 61 04'),(1715,2,'442226090444 '),(1716,1,'(222) 8682143'),(1717,2,'442 321 84 35'),(1718,1,'01(442) 477 09 37'),(1719,2,'0 '),(1720,1,'7437972075 '),(1721,2,'5512352900 '),(1722,1,'5526436237 '),(1723,2,'5585648046 '),(1724,1,'5557022229 '),(1725,2,'4111050484 '),(1726,1,'4111050484 '),(1727,2,'447225331920 '),(1728,1,'7222236393 '),(1729,2,'3312079655 '),(1730,1,'3338340958 '),(1731,2,'5532253898 '),(1732,1,'24820516 '),(1733,2,'7121498969 '),(1734,1,'7121498969 '),(1735,2,'55 16531584'),(1736,1,'55 58443216'),(1737,2,'7131088011 '),(1738,1,'713  1312754'),(1739,2,'461 199 37 41'),(1740,1,'01(461) 598 34 72'),(1741,2,'7131373345 '),(1742,1,'7131312754 '),(1743,2,'5526551789 '),(1744,1,'5558973424 '),(1745,2,'5566907855 '),(1746,1,'5525916958 '),(1747,2,'4772154513 '),(1748,1,'4772154513 '),(1749,2,'5591100741 '),(1750,1,'59425583 '),(1751,2,'8110341517 '),(1752,1,'8110991020 '),(1753,2,'448112365674 '),(1754,1,'8182432892 '),(1755,2,'48112623095 '),(1756,1,'0 '),(1757,2,'448114959025 '),(1758,1,'0 '),(1759,2,'448110331864 '),(1760,1,'8183676520 '),(1761,2,'044-55-23-93-25-96'),(1762,1,'55- 57-45-69-41 '),(1763,2,'445544234567 '),(1764,1,'53804730 '),(1765,2,'448117827275 '),(1766,1,'8183539835 '),(1767,2,'448117906544 '),(1768,1,'8188822135 '),(1769,2,'5554622340 '),(1770,1,'5559167473 '),(1771,2,'(044)5562914705'),(1772,1,'(55) 44265815'),(1773,2,'445560978463 '),(1774,1,'445591087077 '),(1775,2,'4651015288 '),(1776,1,'4499581343 '),(1777,2,'5560054306 '),(1778,1,'5559714288 '),(1779,2,'525527525311 '),(1780,1,'5236050023 '),(1781,2,'525533625404 '),(1782,1,'55892726 '),(1783,2,'8118004037 '),(1784,1,'80593249 '),(1785,2,'8115183227 '),(1786,1,'80577358 '),(1787,2,'445532273365 '),(1788,1,'5554275864 '),(1789,2,'445521442238 '),(1790,1,'5558760820 '),(1791,2,'5540711775 '),(1792,1,'5563038999 '),(1793,2,'7223969946 '),(1794,1,'722272355 '),(1795,2,'7221519974 '),(1796,1,'0 '),(1797,2,'5536336207 '),(1798,1,'0 '),(1799,2,'447221642638 '),(1800,1,'7222327903 '),(1801,2,'7223499467 '),(1802,1,'0 '),(1803,2,'447225139617 '),(1804,1,'7222071786 '),(1805,2,'447225384797 '),(1806,1,'7221672510 '),(1807,2,'7223397773 '),(1808,1,'0 '),(1809,2,'8991155675 '),(1810,1,'5218999562138 '),(1811,2,'17121902996 '),(1812,1,'17161441233 '),(1813,2,'442 143 45 43'),(1814,1,'01(422) 220 54 14'),(1815,2,'7223478243 '),(1816,1,'7223478243 '),(1817,2,'2291357595 '),(1818,1,'0 '),(1819,2,'7411025806 '),(1820,1,'7411025806 '),(1821,2,'921-146-3881'),(1822,1,'921-146-3881'),(1823,2,'445521282136 '),(1824,1,'54257596 '),(1825,2,'9221618185 '),(1826,1,'(01922) 2640354'),(1827,2,'2291583045 '),(1828,1,'0 '),(1829,2,'448114656084 '),(1830,1,' -'),(1831,2,'448113011814 '),(1832,1,'8183603982 '),(1833,2,'-'),(1834,1,'-'),(1835,2,'445541287879 '),(1836,1,'5556143388 '),(1837,2,'461 121 85 21'),(1838,1,'01(461)117 01 46'),(1839,2,'461 117 01 46'),(1840,1,'01(461)117 01 46'),(1841,2,'445527322430 '),(1842,1,'55201277 '),(1843,2,'442 129 23 92'),(1844,1,'0 '),(1845,2,'445529174720 '),(1846,1,'5525944506 '),(1847,2,'5525252477 '),(1848,1,'5558661946 '),(1849,2,'445520713895 '),(1850,1,'55860106 '),(1851,2,'5536374985 '),(1852,1,'0 '),(1853,2,'5536374985 '),(1854,1,'0 '),(1855,2,'5537201592 '),(1856,1,'0 '),(1857,2,'445531472023 '),(1858,1,'5536185804 '),(1859,2,'5511524157 '),(1860,1,'5556706428 '),(1861,2,'045 3313531882'),(1862,1,'0 '),(1863,2,'442 481 0655'),(1864,1,'0 '),(1865,2,'5549469637 '),(1866,1,'5562768171 '),(1867,2,'5528963435 '),(1868,1,'0 '),(1869,2,'0 '),(1870,1,'5559838946 '),(1871,2,'9212404238 '),(1872,1,'9212165401 '),(1873,2,'0 '),(1874,1,'5556409069 '),(1875,2,'5545130223 '),(1876,1,'52712266 '),(1877,2,'445522761549 '),(1878,1,'5557999145 '),(1879,2,'445554928704 '),(1880,1,'0 '),(1881,2,'445547631861 '),(1882,1,'0 '),(1883,2,'0 '),(1884,1,'5551125024 '),(1885,2,'0 '),(1886,1,'0 '),(1887,2,'442 361 08 36'),(1888,1,'01(442)527 07 20'),(1889,2,'044-55-40-91-40-53'),(1890,1,'044-55-40-91-40-53'),(1891,2,'8115103469 '),(1892,1,'8110991020 '),(1893,2,'445533335424 '),(1894,1,'15546232076 '),(1895,2,'5585337046 '),(1896,1,'445526324735 '),(1897,2,'445521407421 '),(1898,1,'57141977 '),(1899,2,'442 131 81 20'),(1900,1,'01(442) 455 06 59'),(1901,2,'5540172455 '),(1902,1,'5558396583 '),(1903,2,'442 143 54 73'),(1904,1,'01(442) 455 06 59'),(1905,2,'442 206 65 42'),(1906,1,'0 '),(1907,2,'5540172455 '),(1908,1,'5566491083 '),(1909,2,'12222368845 '),(1910,1,'12222368845 '),(1911,2,'12225942900 '),(1912,1,'12225942900 '),(1913,2,'12225942900 '),(1914,1,'12225942900 '),(1915,2,'55 66992501'),(1916,1,'52 26422572'),(1917,2,'5521904850 '),(1918,1,'58894217 '),(1919,2,'5531252436 '),(1920,1,'58894217 '),(1921,2,'04455 64837037'),(1922,1,'55 56818058'),(1923,2,'445535184186 '),(1924,1,'5558542179 '),(1925,2,'5533523087 '),(1926,1,'5558542179 '),(1927,2,'445515903931 '),(1928,1,'55 35368154'),(1929,2,'445519362130 '),(1930,1,'5563646297 '),(1931,2,'5564010452 '),(1932,1,'5530958690 '),(1933,2,'045 3312055763'),(1934,1,'0133 36751716'),(1935,2,'045 3318921250'),(1936,1,'0133 10284659'),(1937,2,'5518106879 '),(1938,1,'5553050570 '),(1939,2,'5518106879 '),(1940,1,'53050570 '),(1941,2,'5535041988 '),(1942,1,'5535041988 '),(1943,2,'5544755040 '),(1944,1,'0 '),(1945,2,'5544755040 '),(1946,1,'0 '),(1947,2,'2321049848 '),(1948,1,'16766003 '),(1949,2,'6621604923 '),(1950,1,'526622185479 '),(1951,2,'04455 32502303'),(1952,1,'(52) 57951867'),(1953,2,'525543474424 '),(1954,1,'5256125360 '),(1955,2,'445537042792 '),(1956,1,'(55) 52352149'),(1957,2,'445511419508 '),(1958,1,'55413094 '),(1959,2,'5531881457 '),(1960,1,'5553680137 '),(1961,2,'5554771761 '),(1962,1,'5558760517 '),(1963,2,'55 28288094'),(1964,1,'82835776 '),(1965,2,'5534658137 '),(1966,1,'5534658137 '),(1967,2,'445516398355 '),(1968,1,'0 '),(1969,2,'55 15788236'),(1970,1,'5585824828 '),(1971,2,'445532643300 '),(1972,1,'0 '),(1973,2,'445532643300 '),(1974,1,'0 '),(1975,2,'2791048713 '),(1976,1,'0 '),(1977,2,'445532643300 '),(1978,1,'0 '),(1979,2,'454431678481 '),(1980,1,'0 '),(1981,2,'2291140373 '),(1982,1,'0 '),(1983,2,'445532049917 '),(1984,1,'5558446912 '),(1985,2,'454431678481 '),(1986,1,'0 '),(1987,2,'454431678481 '),(1988,1,'0 '),(1989,2,'5516410171 '),(1990,1,'0 '),(1991,2,'5563505411 '),(1992,1,'0 '),(1993,2,'5536967318 '),(1994,1,'58687736 '),(1995,2,'0 '),(1996,1,'58719773 '),(1997,2,'5535963484 '),(1998,1,'58762072 '),(1999,2,'5523225426 '),(2000,1,'58178412 '),(2001,2,'0 '),(2002,1,'0 '),(2003,2,'0 '),(2004,1,'53107339 '),(2005,2,'5527284362 '),(2006,1,'26112971 '),(2007,2,'5528536012 '),(2008,1,'0 '),(2009,2,'5525326499 '),(2010,1,'26112971 '),(2011,2,'6644640703 '),(2012,1,'6646231187 '),(2013,2,'459232385460 '),(2014,1,'19232374769 '),(2015,2,'459232385460 '),(2016,1,'19232374769 '),(2017,2,'445526658925 '),(2018,1,'5556502345 '),(2019,2,'5531300638 '),(2020,1,'22274737 '),(2021,2,'5530180843 '),(2022,1,'(55)50190809'),(2023,2,'04455 1570 0546'),(2024,1,'55 47486291'),(2025,2,'04455 1570 0546'),(2026,1,'55 47486291'),(2027,2,'8117899728 '),(2028,1,'8117899728 '),(2029,2,'5535061321 '),(2030,1,'26204485 '),(2031,2,'0 '),(2032,1,'66508471 '),(2033,2,'2292337750 '),(2034,1,'2291881414 '),(2035,2,'6681092581 '),(2036,1,'6681092581 '),(2037,2,'445551875276 '),(2038,1,'5553977243 '),(2039,2,'445532643300 '),(2040,1,'0 '),(2041,2,'445532643300 '),(2042,1,'0 '),(2043,2,'445532643300 '),(2044,1,'0 '),(2045,2,'445532643300 '),(2046,1,'0 '),(2047,2,'6681431545 '),(2048,1,'6681431545 '),(2049,2,'445533926400 '),(2050,1,'5557402155 '),(2051,2,'5550570751 '),(2052,1,'58276237 '),(2053,2,'5541272806 '),(2054,1,'5591733055 '),(2055,2,'0 '),(2056,1,'(222) 2 68 17 30'),(2057,2,'5538465170 '),(2058,1,'5525989209 '),(2059,2,'7221685616 '),(2060,1,'7222327903 '),(2061,2,'5537249244 '),(2062,1,'17282886535 '),(2063,2,'15538780453 '),(2064,1,'15556497060 '),(2065,2,'445542326545 '),(2066,1,'0 '),(2067,2,'442221567076 '),(2068,1,'12222368845 '),(2069,2,'442223436909 '),(2070,1,'2223436909 '),(2071,2,'442223470631 '),(2072,1,'12228896028 '),(2073,2,'442227130682 '),(2074,1,'2227130682 '),(2075,2,'442223428743 '),(2076,1,'12226192539 '),(2077,2,'12222531499 '),(2078,1,'12222531499 '),(2079,2,'442223678907 '),(2080,1,'12222368845 '),(2081,2,'442226793871 '),(2082,1,'12225715738 '),(2083,2,'442226280370 '),(2084,1,'12222323084 '),(2085,2,'5525417431 '),(2086,1,'54418470 '),(2087,2,'5538932745 '),(2088,1,'5538932745 '),(2089,2,'55 19 58 12'),(2090,1,'58 20 19 66'),(2091,2,'442223778602 '),(2092,1,'12222530036 '),(2093,2,'442226712071 '),(2094,1,'12222530036 '),(2095,2,'442223567890 '),(2096,1,'12222368845 '),(2097,2,'5585607376 '),(2098,1,'56746410 '),(2099,2,'0 '),(2100,1,'7711256834 '),(2101,2,'447471250321 '),(2102,1,'471161246 '),(2103,2,'5513987099 '),(2104,1,'58723324 '),(2105,2,'5521365293 '),(2106,1,'21353574 '),(2107,2,'5531089676 '),(2108,1,'11134732 '),(2109,2,'5533187934 '),(2110,1,'0 '),(2111,2,'447471435219 '),(2112,1,'17474720354 '),(2113,2,'55 42 57 32 28'),(2114,1,'55-63450526'),(2115,2,'0 '),(2116,1,'5513278982 '),(2117,2,'5545521702 '),(2118,1,'5554299177 '),(2119,2,'045 3312181529'),(2120,1,'0 '),(2121,2,'045 3313969186'),(2122,1,'0 '),(2123,2,'045 3334637282'),(2124,1,'0133 31444343'),(2125,2,'045 3312450658'),(2126,1,'0133 36419102'),(2127,2,'725541937 '),(2128,1,'7225541937 '),(2129,2,'5542387352 '),(2130,1,'0 '),(2131,2,'8113011814 '),(2132,1,'8183603982 '),(2133,2,'0 '),(2134,1,'58807946 '),(2135,2,'8117087275 '),(2136,1,'8183610057 '),(2137,2,'8117026566 '),(2138,1,'8110908165 '),(2139,2,'8119057047 '),(2140,1,'0 '),(2141,2,'8119398096 '),(2142,1,'8183885792 '),(2143,2,'0 '),(2144,1,'0 '),(2145,2,'2299530545 '),(2146,1,'0 '),(2147,2,'8119146237 '),(2148,1,'0 '),(2149,2,'8442770266 '),(2150,1,'0 '),(2151,2,'8117447219 '),(2152,1,'8144442916 '),(2153,2,'8115642252 '),(2154,1,'0 '),(2155,2,'-'),(2156,1,'81838386201 '),(2157,2,'8116827096 '),(2158,1,'8183836201 '),(2159,2,'8112556596 '),(2160,1,'-'),(2161,2,'8120783747 '),(2162,1,'-'),(2163,2,'-'),(2164,1,'40403083 '),(2165,2,'445522140154 '),(2166,1,'5522140154 '),(2167,2,'445530112307 '),(2168,1,'55 50169129'),(2169,2,'445511455568 '),(2170,1,'445542705434 '),(2171,2,'5549443874 '),(2172,1,'5559161307 '),(2173,2,'5521004093 '),(2174,1,'26111234 '),(2175,2,'(044)5519128493'),(2176,1,'(01)5558405435'),(2177,2,'445560731474 '),(2178,1,'5556143388 '),(2179,2,'445591450311 '),(2180,1,'5557555098 '),(2181,2,'0 '),(2182,1,'5526452043 '),(2183,2,'5542269947 '),(2184,1,'52775807 '),(2185,2,'5529804450 '),(2186,1,'52775807 '),(2187,2,'5548612168 '),(2188,1,'55790438 '),(2189,2,'5560054306 '),(2190,1,'59714288 '),(2191,2,'5543871098 '),(2192,1,'66521038 '),(2193,2,'5538839501 '),(2194,1,'0 '),(2195,2,'5521160366 '),(2196,1,'5521610445 '),(2197,2,'5530225995 '),(2198,1,'63612563 '),(2199,2,'5534505040 '),(2200,1,'0 '),(2201,2,'5510074663 '),(2202,1,'5557009896 '),(2203,2,'5549585215 '),(2204,1,'0 '),(2205,2,'2226794282 '),(2206,1,'(222)2251386'),(2207,2,'5534362637 '),(2208,1,'0 '),(2209,2,'5548155594 '),(2210,1,'5555818093 '),(2211,2,'476770331 '),(2212,1,'(476) 747 0331'),(2213,2,'0 '),(2214,1,'5563612563 '),(2215,2,'5516809831 '),(2216,1,'0 '),(2217,2,'5549490870 '),(2218,1,'50163110 '),(2219,2,'7225271883 '),(2220,1,'0 '),(2221,2,'5530753025 '),(2222,1,'57321369 '),(2223,2,'5519358093 '),(2224,1,'56491676 '),(2225,2,'5539127276 '),(2226,1,'56955055 '),(2227,2,'5524159921 '),(2228,1,'57561222 '),(2229,2,'5517917176 '),(2230,1,'0 '),(2231,2,'5546402782 '),(2232,1,'0 '),(2233,2,'5530010801 '),(2234,1,'0 '),(2235,2,'(044)5529298588'),(2236,1,'55282925 '),(2237,2,'445534630824 '),(2238,1,'(55)66454293'),(2239,2,'445512293147 '),(2240,1,'5556947624 '),(2241,2,'5540459630 '),(2242,1,'5919185297 '),(2243,2,'445529538431 '),(2244,1,'5557635784 '),(2245,2,'445549019516 '),(2246,1,'5556760485 '),(2247,2,'445516474435 '),(2248,1,'5554469771 '),(2249,2,'5518134719 '),(2250,1,'15455280 '),(2251,2,'5510231640 '),(2252,1,'5515516566 '),(2253,2,'7223342582 '),(2254,1,'7171324020 '),(2255,2,'7731485767 '),(2256,1,'55 1000 1801'),(2257,2,'5523420349 '),(2258,1,'5566489612 '),(2259,2,'7221680113 '),(2260,1,'7221680113 '),(2261,2,'5525372514 '),(2262,1,'5559750220 '),(2263,2,'5534544002 '),(2264,1,'0 '),(2265,2,'445563161675 '),(2266,1,'55 50169129'),(2267,2,'445530217595 '),(2268,1,'27950534 '),(2269,2,'5535973084 '),(2270,1,'63628772 '),(2271,2,'5511397810 '),(2272,1,'85014199 '),(2273,2,'5538985343 '),(2274,1,'045-5538985343'),(2275,2,'5591978565 '),(2276,1,'91129165 '),(2277,2,'442224921771 '),(2278,1,'2222613259 '),(2279,2,'445545823861 '),(2280,1,'5526424287 '),(2281,2,'445525599845 '),(2282,1,'15562800136 '),(2283,2,'445549079920 '),(2284,1,'0 '),(2285,2,'045 3336269532'),(2286,1,'33 36313430'),(2287,2,'045 3311358875'),(2288,1,'33 36367471'),(2289,2,'045 3334643715'),(2290,1,'33 36367298'),(2291,2,'045 3311353197'),(2292,1,'0 '),(2293,2,'045 3141196529'),(2294,1,'0 '),(2295,2,'045 3314571603'),(2296,1,'33 15231356'),(2297,2,'045 3331071944'),(2298,1,'0 '),(2299,2,'2291028810 '),(2300,1,'0 '),(2301,2,'2291283712 '),(2302,1,'229-2839276'),(2303,2,'2299849571 '),(2304,1,'229-9252415'),(2305,2,'5510179729 '),(2306,1,'229-9396490'),(2307,2,'5532742675 '),(2308,1,'15516766003 '),(2309,2,'5518152424 '),(2310,1,'15516766003 '),(2311,2,'7225394592 '),(2312,1,'0 '),(2313,2,'7224174600 '),(2314,1,'(722)1-32-06-01'),(2315,2,'7225051087 '),(2316,1,'0 '),(2317,2,'5525254848 '),(2318,1,'0 '),(2319,2,'5519375199 '),(2320,1,'0 '),(2321,2,'0 '),(2322,1,'58710205 '),(2323,2,'5521166080 '),(2324,1,'0 '),(2325,2,'2223241046 '),(2326,1,'2223241046 '),(2327,2,'5539518171 '),(2328,1,'0 '),(2329,2,'5561042269 '),(2330,1,'0 '),(2331,2,'445564097053 '),(2332,1,'0 '),(2333,2,'5549474438 '),(2334,1,'0 '),(2335,2,'5538560749 '),(2336,1,'0 '),(2337,2,'5514187392 '),(2338,1,'0 '),(2339,2,'5566380792 '),(2340,1,'0 '),(2341,2,'2224941857 '),(2342,1,'2221447465 '),(2343,2,'445544700399 '),(2344,1,'15524515414 '),(2345,2,'2225646607 '),(2346,1,'2221447465 '),(2347,2,'445527748957 '),(2348,1,'44275011 '),(2349,2,'445584993704 '),(2350,1,'15544275011 '),(2351,2,'0 '),(2352,1,'44392857 '),(2353,2,'2221614616 '),(2354,1,'2221614616 '),(2355,2,'2291462764 '),(2356,1,'0 '),(2357,2,'445543812966 '),(2358,1,'5522922124 '),(2359,2,'2223241046 '),(2360,1,'2223241046 '),(2361,2,'2297735566 '),(2362,1,'(229)2618371'),(2363,2,'5515100012 '),(2364,1,'5558719185 '),(2365,2,'2226662237 '),(2366,1,'2226662237 '),(2367,2,'2221647150 '),(2368,1,'2221647150 '),(2369,2,'5531268853 '),(2370,1,'0 '),(2371,2,'445538387333 '),(2372,1,'0 '),(2373,2,'2224708216 '),(2374,1,'2225131080 '),(2375,2,'445534173935 '),(2376,1,'11131892 '),(2377,2,'445534173935 '),(2378,1,'11130440 '),(2379,2,'2292642697 '),(2380,1,'229-2849642'),(2381,2,'5537780901 '),(2382,1,'0 '),(2383,2,'2297786793 '),(2384,1,'229-9322118'),(2385,2,'445517288283 '),(2386,1,'55697285 '),(2387,2,'2291574569 '),(2388,1,'0 '),(2389,2,'5514187392 '),(2390,1,'0 '),(2391,2,'5525254648 '),(2392,1,'0 '),(2393,2,'2293044167 '),(2394,1,'0 '),(2395,2,'551924 '),(2396,1,'0 '),(2397,2,'2297796138 '),(2398,1,'229-1780785'),(2399,2,'5520498278 '),(2400,1,'22290867 '),(2401,2,'2291279374 '),(2402,1,'0 '),(2403,2,'5513150567 '),(2404,1,'22290867 '),(2405,2,'5519340830 '),(2406,1,'0 '),(2407,2,'2299120097 '),(2408,1,'229-1308419'),(2409,2,'2299074511 '),(2410,1,'229-9803432'),(2411,2,'2292506648 '),(2412,1,'0 '),(2413,2,'2291179110 '),(2414,1,'0 '),(2415,2,'2291448787 '),(2416,1,'229-9803432'),(2417,2,'2292652863 '),(2418,1,'229-1308419'),(2419,2,'0 '),(2420,1,'229-9803432'),(2421,2,'2292151079 '),(2422,1,'229-9322118'),(2423,2,'2292500476 '),(2424,1,'229-9246678'),(2425,2,'2299825500 '),(2426,1,'229-9829014'),(2427,2,'2291616432 '),(2428,1,'229-9246678'),(2429,2,'2299825500 '),(2430,1,'229-2600629'),(2431,2,'2291385953 '),(2432,1,'0 '),(2433,2,'2291852687 '),(2434,1,'0 '),(2435,2,'044 5531890508'),(2436,1,'55 53581187'),(2437,2,'445535581591 '),(2438,1,'5526490574 '),(2439,2,'445534935216 '),(2440,1,'5544262930 '),(2441,2,'445549638722 '),(2442,1,'5554213990 '),(2443,2,'0 '),(2444,1,'5563616574 '),(2445,2,'445531473325 '),(2446,1,'0 '),(2447,2,'445516046840 '),(2448,1,'5558273562 '),(2449,2,'445567070880 '),(2450,1,'5553486898 '),(2451,2,'445511186982 '),(2452,1,'5553486898 '),(2453,2,'445538670741 '),(2454,1,'0 '),(2455,2,'0 '),(2456,1,'5544262930 '),(2457,2,'445549455290 '),(2458,1,'5553708402 '),(2459,2,'445547919925 '),(2460,1,'0 '),(2461,2,'445517326631 '),(2462,1,'5521644396 '),(2463,2,'445591873798 '),(2464,1,'5521644396 '),(2465,2,'445529896302 '),(2466,1,'0 '),(2467,2,'445554521028 '),(2468,1,'5553490955 '),(2469,2,'445554018706 '),(2470,1,'5553490955 '),(2471,2,'445550741988 '),(2472,1,'0 '),(2473,2,'445529023440 '),(2474,1,'0 '),(2475,2,'445529023440 '),(2476,1,'0 '),(2477,2,'445537054568 '),(2478,1,'0 '),(2479,2,'445528846091 '),(2480,1,'0 '),(2481,2,'445520857119 '),(2482,1,'0 '),(2483,2,'445521111717 '),(2484,1,'5544262930 '),(2485,2,'0 '),(2486,1,'0 '),(2487,2,'5518534880 '),(2488,1,'5518534880 '),(2489,2,'443310660466 '),(2490,1,'13336631555 '),(2491,2,'5549592421 '),(2492,1,'0 '),(2493,2,'5513982089 '),(2494,1,'0 '),(2495,2,'044 55 50315275'),(2496,1,'55 57402155'),(2497,2,'5535563186 '),(2498,1,'5558691371 '),(2499,2,'445566062711 '),(2500,1,'26429203 '),(2501,2,'445543445019 '),(2502,1,'62783210 '),(2503,2,'7223941506 '),(2504,1,'7226249636 '),(2505,2,'457221087436 '),(2506,1,'0 '),(2507,2,'8112360444 '),(2508,1,'8110991020 '),(2509,2,'8116540644 '),(2510,1,'818101603 '),(2511,2,'8117984482 '),(2512,1,'0 '),(2513,2,'8114658891 '),(2514,1,'0 '),(2515,2,'7226204243 '),(2516,1,'7222105613 '),(2517,2,'045 3311928412'),(2518,1,'0133 15231363'),(2519,2,'8180198733 '),(2520,1,'8183935970 '),(2521,2,'0 '),(2522,1,'0 '),(2523,2,'045 3334047655'),(2524,1,'0133 31447317'),(2525,2,'7223033750 '),(2526,1,'0 '),(2527,2,'7221495703 '),(2528,1,'7191053399 '),(2529,2,'8184634345 '),(2530,1,'8183824625 '),(2531,2,'5539238263 '),(2532,1,'26024542 '),(2533,2,'045 3315193171'),(2534,1,'0133 15231363'),(2535,2,'8119767267 '),(2536,1,'0 '),(2537,2,'8117905840 '),(2538,1,'8183618485 '),(2539,2,'7221154534 '),(2540,1,'0 '),(2541,2,'045 3339000805'),(2542,1,'0133 33333030'),(2543,2,'8112088646 '),(2544,1,'0 '),(2545,2,'0 '),(2546,1,'0 '),(2547,2,'045 3338423121'),(2548,1,'0133 36461601'),(2549,2,'8114140342 '),(2550,1,'8188805711 '),(2551,2,'045 3331178669'),(2552,1,'0133 36461601'),(2553,2,'5527130940 '),(2554,1,'0 '),(2555,2,'5550649770 '),(2556,1,'44303792 '),(2557,2,'8117486410 '),(2558,1,'8183260024 '),(2559,2,'8181200600 '),(2560,1,'8183204569 '),(2561,2,'8116133238 '),(2562,1,'0 '),(2563,2,'045 3331063127'),(2564,1,'0 '),(2565,2,'045 3313074003'),(2566,1,'0133 36461601'),(2567,2,'8186606032 '),(2568,1,'8183768600 '),(2569,2,'045 3334687155'),(2570,1,'0133 36461601'),(2571,2,'5530498665 '),(2572,1,'44303792 '),(2573,2,'8116644042 '),(2574,1,'0 '),(2575,2,'456 108 64 24'),(2576,1,'442 209-29-51'),(2577,2,'-'),(2578,1,'81838229222 '),(2579,2,'2292384442 '),(2580,1,'(229)9396490'),(2581,2,'045 3331055155'),(2582,1,'0133 31889165'),(2583,2,'-'),(2584,1,'8110991020 '),(2585,2,'-'),(2586,1,'8183829222 '),(2587,2,'8180806936 '),(2588,1,'8183825723 '),(2589,2,'0 '),(2590,1,'44303792 '),(2591,2,'5511865978 '),(2592,1,'44303792 '),(2593,2,'5537140472 '),(2594,1,'5556184452 '),(2595,2,'044 456-105-5335'),(2596,1,'0 '),(2597,2,'5566012009 '),(2598,1,'0 '),(2599,2,'5510488344 '),(2600,1,'5556184452 '),(2601,2,'5554354143 '),(2602,1,'5556184452 '),(2603,2,'456 108 64 24'),(2604,1,'442 2091951'),(2605,2,'0 '),(2606,1,'0133 36703724'),(2607,2,'045 3316044791'),(2608,1,'0 '),(2609,2,'0 '),(2610,1,'0 '),(2611,2,'456 108 64 24'),(2612,1,'442 2091951'),(2613,2,'0 '),(2614,1,'0133 36461601'),(2615,2,'5517823913 '),(2616,1,'22290613 '),(2617,2,'045 3315587915'),(2618,1,'0133 31447317'),(2619,2,'0 '),(2620,1,'0133 36863043'),(2621,2,'01 461 135 45 59'),(2622,1,'0 '),(2623,2,'5563675109 '),(2624,1,'0 '),(2625,2,'045 3316995283'),(2626,1,'0133 31253273'),(2627,2,'045 3334909495'),(2628,1,'0133 33301219'),(2629,2,'4423610836 '),(2630,1,'4425270720 '),(2631,2,'0 '),(2632,1,'0133 31445080'),(2633,2,'4444224253008 '),(2634,1,'14422783109 '),(2635,2,'045 3315132920'),(2636,1,'0133 31445080'),(2637,2,'045 3317247422'),(2638,1,'0133 31445080'),(2639,2,'4423867250 '),(2640,1,'14425270720 '),(2641,2,'445546021522 '),(2642,1,'0 '),(2643,2,'045 3317360524'),(2644,1,'0133 31447317'),(2645,2,'4421079698 '),(2646,1,'14422092614 '),(2647,2,'15535205963 '),(2648,1,'15535205963 '),(2649,2,'4423523758 '),(2650,1,'14422092614 '),(2651,2,'5534630824 '),(2652,1,'5566454293 '),(2653,2,'20994990 '),(2654,1,'5550221021 '),(2655,2,'445514590592 '),(2656,1,'0 '),(2657,2,'0 '),(2658,1,'14566432986 '),(2659,2,'5540573897 '),(2660,1,'0 '),(2661,2,'461 155 50 69'),(2662,1,'01461 612 04 20'),(2663,2,'0 '),(2664,1,'01456 643 29 86'),(2665,2,'442 396 25 67'),(2666,1,'01442 298 05 23'),(2667,2,'5540727847 '),(2668,1,'49746474 '),(2669,2,'445530550102 '),(2670,1,'0 '),(2671,2,'5543680569'),(2672,1,'0'),(2673,1,'0000000000'),(2674,1,'1'),(2675,1,'11'),(2676,1,'00'),(2677,2,'0445543680569'),(2678,1,'000'),(2679,1,'123'),(2680,1,'001'),(2681,2,'01555543680569'),(2682,1,'0001'),(2683,2,'015543680569'),(2684,1,'5556265254'),(2685,2,'5551687755'),(2686,1,'7191053399'),(2687,2,'7221371933'),(2688,1,'07191053399'),(2689,2,'07221371933'),(2690,1,'5567973842'),(2691,2,'5535581591'),(2692,1,'5552087718'),(2693,2,'5536723975'),(2694,1,'5526135841'),(2695,2,'5525609950'),(2696,1,'8332169180'),(2697,2,'8332612065'),(2698,1,'5546236651'),(2699,2,'5566170485'),(2700,1,'5556554448'),(2701,2,'5520702875'),(2702,1,'5556322661'),(2703,2,'5517310211'),(2704,1,'0'),(2705,2,'5531573328'),(2706,1,'5532757056'),(2707,1,'5566468691'),(2708,2,'2223943542'),(2709,1,'7222740059'),(2710,2,'7224453753'),(2711,1,'5513132203'),(2712,2,'0'),(2713,1,'56531858'),(2714,2,'5525623146'),(2715,1,'26035054'),(2716,2,'5529156150'),(2717,1,'0'),(2718,2,'8111212222'),(2719,1,'82430413'),(2720,2,'8180226818'),(2721,1,'0'),(2722,2,'8187997582'),(2723,1,'0'),(2724,2,'8181892216'),(2725,1,'0'),(2726,2,'4626534983'),(2727,1,'0'),(2728,2,'8181724288'),(2729,1,'0'),(2730,2,'8116652932'),(2731,1,'0'),(2732,2,'8182552717'),(2733,1,'0'),(2734,2,'7221454672'),(2735,1,'7151321789'),(2736,2,'7151319402'),(2737,1,'0'),(2738,2,'5542928233'),(2739,1,'8183978365'),(2740,2,'8117411840'),(2741,1,'58935442'),(2742,2,'5531159434'),(2743,1,'0'),(2744,2,'8116644047'),(2745,1,'56779890'),(2746,2,'5544570788'),(2747,1,'7151530695'),(2748,2,'7151105918'),(2749,1,'25989209'),(2750,2,'5539817775'),(2751,1,'7192862217'),(2752,2,'7224241844'),(2753,1,'58918983'),(2754,2,'5540531436'),(2755,1,'55697926'),(2756,2,'5554778581'),(2757,1,'5555697926'),(2758,2,'5554778581'),(2759,1,'58733348'),(2760,2,'5540803856'),(2761,1,'22852692'),(2762,2,'8113855661'),(2763,1,'0'),(2764,2,'7223485066'),(2765,1,'0'),(2766,2,'7251360538'),(2767,1,'55494640'),(2768,2,'5547979540'),(2769,1,'3333364784'),(2770,2,'3314359826'),(2771,1,'8110991020'),(2772,2,'8116611099'),(2773,1,'0'),(2774,1,'0'),(2775,1,'0'),(2776,1,'56658954'),(2777,2,'5521483267'),(2778,1,'58406430'),(2779,2,'5511489104'),(2780,1,'53193278'),(2781,2,'5532514858'),(2782,1,'0'),(2783,2,'5529179188'),(2784,1,'7828250943'),(2785,2,'2299074511'),(2786,1,'9212185857'),(2787,2,'9211002916'),(2788,1,'53486898'),(2789,2,'0'),(2790,1,'9212189849'),(2791,2,'9212021341'),(2792,1,'5558587379'),(2793,2,'5567375725'),(2794,1,'7224751299'),(2795,2,'7223638861'),(2796,1,'57312076'),(2797,2,'0'),(2798,1,'7224281872'),(2799,2,'0'),(2800,1,'7224277270'),(2801,2,'0'),(2802,1,'0'),(2803,2,'8115672279'),(2804,1,'5553797235'),(2805,2,'5520818222'),(2806,1,'5565905347'),(2807,2,'5513772318'),(2808,1,'0'),(2809,2,'55271188367'),(2810,1,'5558122131'),(2811,2,'5528970190'),(2812,1,'0'),(2813,1,'5526203100'),(2814,2,'5542215107'),(2815,1,'5556442182'),(2816,2,'5540640261'),(2817,1,'22285614'),(2818,2,'5522022452'),(2819,1,'37971247'),(2820,2,'0000000000'),(2821,1,'00000000'),(2822,2,'0000000000'),(2823,1,'00000000'),(2824,2,'0000000000'),(2825,1,'00000000'),(2826,2,'0000000000'),(2827,1,'00000000'),(2828,2,'0000000000'),(2829,1,'00000000'),(2830,2,'0000000000'),(2831,1,'00000000'),(2832,2,'7226205535'),(2833,1,'58273562'),(2834,2,'0000000000'),(2835,1,'00000000'),(2836,2,'0000000000'),(2837,1,'00000000'),(2838,2,'5545680858'),(2839,1,'00000000'),(2840,2,'5528881888'),(2841,1,'00000000'),(2842,2,'0000000000'),(2843,1,'00000000'),(2844,2,'0000000000'),(2845,2,'0000000000'),(2846,1,'58273562'),(2847,1,'63654375'),(2848,2,'5526979239'),(2849,1,'63654375'),(2850,2,'5521147850'),(2851,1,'00000000'),(2852,2,'0000000000'),(2853,1,' 16656709'),(2854,2,'5534852319 '),(2855,1,'00000000'),(2856,2,'0000000000'),(2857,1,'55862660 '),(2858,2,'5510162322 '),(2859,1,'00000000'),(2860,2,'0000000000'),(2861,1,' 55627642'),(2862,2,'6241552023');
/*!40000 ALTER TABLE `contacts` ENABLE KEYS */;
UNLOCK TABLES;

--
-- Table structure for table `countries`
--

DROP TABLE IF EXISTS `countries`;
/*!40101 SET @saved_cs_client     = @@character_set_client */;
/*!40101 SET character_set_client = utf8 */;
CREATE TABLE `countries` (
  `id_country` char(3) NOT NULL default '',
  `name` char(52) NOT NULL default '',
  `capital` int(11) default NULL,
  `code2` char(2) NOT NULL default '',
  PRIMARY KEY  (`id_country`)
) ENGINE=MyISAM DEFAULT CHARSET=utf8;
/*!40101 SET character_set_client = @saved_cs_client */;

--
-- Dumping data for table `countries`
--

LOCK TABLES `countries` WRITE;
/*!40000 ALTER TABLE `countries` DISABLE KEYS */;
INSERT INTO `countries` VALUES ('ARG','Argentina',69,'AR'),('BOL','Bolivia',194,'BO'),('BRA','Brazil',211,'BR'),('CHL','Chile',554,'CL'),('COL','Colombia',2257,'CO'),('CRI','Costa Rica',584,'CR'),('DOM','Dominican Republic',587,'DO'),('ECU','Ecuador',594,'EC'),('HTI','Haiti',929,'HT'),('JAM','Jamaica',1530,'JM'),('MEX','Mexico',2515,'MX'),('PAN','Panama',2882,'PA'),('PER','Peru',2890,'PE'),('PRY','Paraguay',2885,'PY'),('VEN','Venezuela',3539,'VE');
/*!40000 ALTER TABLE `countries` ENABLE KEYS */;
UNLOCK TABLES;

--
-- Table structure for table `criterias`
--

DROP TABLE IF EXISTS `criterias`;
/*!40101 SET @saved_cs_client     = @@character_set_client */;
/*!40101 SET character_set_client = utf8 */;
CREATE TABLE `criterias` (
  `id_criteria` int(11) NOT NULL auto_increment,
  `name` varchar(45) collate utf8_spanish_ci NOT NULL,
  `description` varchar(150) collate utf8_spanish_ci default NULL,
  `condition` varchar(500) collate utf8_spanish_ci NOT NULL,
  PRIMARY KEY  (`id_criteria`),
  UNIQUE KEY `name_UNIQUE` (`name`)
) ENGINE=InnoDB AUTO_INCREMENT=4 DEFAULT CHARSET=utf8 COLLATE=utf8_spanish_ci;
/*!40101 SET character_set_client = @saved_cs_client */;

--
-- Dumping data for table `criterias`
--

LOCK TABLES `criterias` WRITE;
/*!40000 ALTER TABLE `criterias` DISABLE KEYS */;
INSERT INTO `criterias` VALUES (1,'sexo','Solo los hombres iran a este grupo','genre=\'M\''),(2,'jovenes','Entre los 10 y 20 años','date(born) between \'1994-01-01\' AND \'2014-01-01\''),(3,'veteranos','Mayores de 30','date(born) between \'1914-01-01\' AND \'1984-01-01\'');
/*!40000 ALTER TABLE `criterias` ENABLE KEYS */;
UNLOCK TABLES;

--
-- Table structure for table `group_type_criteria`
--

DROP TABLE IF EXISTS `group_type_criteria`;
/*!40101 SET @saved_cs_client     = @@character_set_client */;
/*!40101 SET character_set_client = utf8 */;
CREATE TABLE `group_type_criteria` (
  `id_group_type` int(11) NOT NULL,
  `id_criteria` int(11) NOT NULL,
  PRIMARY KEY  (`id_group_type`,`id_criteria`),
  KEY `fk_group_criteria_2_idx` (`id_criteria`),
  CONSTRAINT `fk_group_type_criteria_1` FOREIGN KEY (`id_group_type`) REFERENCES `group_types` (`id_group_type`) ON DELETE CASCADE ON UPDATE CASCADE,
  CONSTRAINT `fk_group_type_criteria_2` FOREIGN KEY (`id_criteria`) REFERENCES `criterias` (`id_criteria`) ON DELETE CASCADE ON UPDATE CASCADE
) ENGINE=InnoDB DEFAULT CHARSET=utf8 COLLATE=utf8_spanish_ci;
/*!40101 SET character_set_client = @saved_cs_client */;

--
-- Dumping data for table `group_type_criteria`
--

LOCK TABLES `group_type_criteria` WRITE;
/*!40000 ALTER TABLE `group_type_criteria` DISABLE KEYS */;
INSERT INTO `group_type_criteria` VALUES (2,1),(2,2),(3,3);
/*!40000 ALTER TABLE `group_type_criteria` ENABLE KEYS */;
UNLOCK TABLES;

--
-- Table structure for table `group_types`
--

DROP TABLE IF EXISTS `group_types`;
/*!40101 SET @saved_cs_client     = @@character_set_client */;
/*!40101 SET character_set_client = utf8 */;
CREATE TABLE `group_types` (
  `id_group_type` int(11) NOT NULL auto_increment,
  `name` varchar(45) collate utf8_spanish_ci NOT NULL,
  `description` varchar(150) collate utf8_spanish_ci default NULL,
  PRIMARY KEY  (`id_group_type`),
  UNIQUE KEY `id_group_type_UNIQUE` (`id_group_type`)
) ENGINE=InnoDB AUTO_INCREMENT=4 DEFAULT CHARSET=utf8 COLLATE=utf8_spanish_ci;
/*!40101 SET character_set_client = @saved_cs_client */;

--
-- Dumping data for table `group_types`
--

LOCK TABLES `group_types` WRITE;
/*!40000 ALTER TABLE `group_types` DISABLE KEYS */;
INSERT INTO `group_types` VALUES (1,'Default',NULL),(2,'Adolescentes',NULL),(3,'Veteranos',NULL);
/*!40000 ALTER TABLE `group_types` ENABLE KEYS */;
UNLOCK TABLES;

--
-- Table structure for table `groups`
--

DROP TABLE IF EXISTS `groups`;
/*!40101 SET @saved_cs_client     = @@character_set_client */;
/*!40101 SET character_set_client = utf8 */;
CREATE TABLE `groups` (
  `id_group` int(11) NOT NULL auto_increment,
  `name` varchar(45) default NULL,
  `description` varchar(200) default NULL,
  `group_master` int(11) default NULL,
  `id_group_type` int(11) NOT NULL default '1',
  PRIMARY KEY  (`id_group`),
  KEY `fk_groups_1_idx` (`group_master`),
  KEY `fk_groups_2_idx` (`id_group_type`),
  CONSTRAINT `fk_groups_1` FOREIGN KEY (`group_master`) REFERENCES `users` (`id_user`) ON DELETE SET NULL ON UPDATE CASCADE
) ENGINE=InnoDB AUTO_INCREMENT=4 DEFAULT CHARSET=utf8;
/*!40101 SET character_set_client = @saved_cs_client */;

--
-- Dumping data for table `groups`
--

LOCK TABLES `groups` WRITE;
/*!40000 ALTER TABLE `groups` DISABLE KEYS */;
INSERT INTO `groups` VALUES (1,'default','A default group for users which doesn\'t fit the other groups predefined',NULL,1),(2,'adolescentes','Asistentes entre los 10 y 20 años',NULL,2),(3,'veteranos','Asistentes mayores de 30 años',NULL,3);
/*!40000 ALTER TABLE `groups` ENABLE KEYS */;
UNLOCK TABLES;

--
-- Table structure for table `headquarters`
--

DROP TABLE IF EXISTS `headquarters`;
/*!40101 SET @saved_cs_client     = @@character_set_client */;
/*!40101 SET character_set_client = utf8 */;
CREATE TABLE `headquarters` (
  `id_headquarter` int(11) NOT NULL auto_increment,
  `name` varchar(150) default NULL,
  `description` varchar(200) default NULL,
  `location` varchar(200) default NULL,
  PRIMARY KEY  (`id_headquarter`)
) ENGINE=InnoDB AUTO_INCREMENT=13 DEFAULT CHARSET=utf8;
/*!40101 SET character_set_client = @saved_cs_client */;

--
-- Dumping data for table `headquarters`
--

LOCK TABLES `headquarters` WRITE;
/*!40000 ALTER TABLE `headquarters` DISABLE KEYS */;
INSERT INTO `headquarters` VALUES (1,'IYF Cd. De Mexico',NULL,NULL),(2,'IYF Acayuca',NULL,NULL),(3,'IYF Atizapan de Zaragoza',NULL,NULL),(4,'IYF Coatzacoalcos',NULL,NULL),(5,'IYF Cuautitlan Izcalli',NULL,NULL),(6,'IYF Guadalajara',NULL,NULL),(7,'IYF Monterrey',NULL,NULL),(8,'IYF Puebla',NULL,NULL),(9,'IYF Queretaro',NULL,NULL),(10,'IYF Tijuana',NULL,NULL),(11,'IYF Toluca',NULL,NULL),(12,'IYF Veracruz',NULL,NULL);
/*!40000 ALTER TABLE `headquarters` ENABLE KEYS */;
UNLOCK TABLES;

--
-- Table structure for table `modalities`
--

DROP TABLE IF EXISTS `modalities`;
/*!40101 SET @saved_cs_client     = @@character_set_client */;
/*!40101 SET character_set_client = utf8 */;
CREATE TABLE `modalities` (
  `id_modality` int(11) NOT NULL auto_increment,
  `name` varchar(45) default NULL,
  `description` varchar(200) default NULL,
  `admin_required` varchar(1) default '1',
  PRIMARY KEY  (`id_modality`)
) ENGINE=InnoDB AUTO_INCREMENT=13 DEFAULT CHARSET=utf8;
/*!40101 SET character_set_client = @saved_cs_client */;

--
-- Dumping data for table `modalities`
--

LOCK TABLES `modalities` WRITE;
/*!40000 ALTER TABLE `modalities` DISABLE KEYS */;
INSERT INTO `modalities` VALUES (1,'Nuevo A (Primera Vez en IYF)',NULL,'0'),(2,'Nuevo B (Participo en Eventos de IYF)',NULL,'0'),(3,'Miembro de IYF (Formo parte IYF)',NULL,'0'),(4,'Miembro Activo de IYF',NULL,'0'),(5,'Maestro',NULL,'1'),(6,'Staff Tecnico',NULL,'1'),(7,'Staff Oficina',NULL,'1'),(8,'Staff Cocina',NULL,'1'),(9,'Staff Logistico (transportadores)',NULL,'1'),(10,'Staff VIP',NULL,'1'),(11,'Ministro',NULL,'1'),(12,'Voluntario',NULL,'1');
/*!40000 ALTER TABLE `modalities` ENABLE KEYS */;
UNLOCK TABLES;

--
-- Table structure for table `payment_type`
--

DROP TABLE IF EXISTS `payment_type`;
/*!40101 SET @saved_cs_client     = @@character_set_client */;
/*!40101 SET character_set_client = utf8 */;
CREATE TABLE `payment_type` (
  `id_payment_type` int(11) NOT NULL,
  `name` varchar(45) NOT NULL,
  `description` varchar(150) default NULL,
  PRIMARY KEY  (`id_payment_type`)
) ENGINE=InnoDB DEFAULT CHARSET=utf8;
/*!40101 SET character_set_client = @saved_cs_client */;

--
-- Dumping data for table `payment_type`
--

LOCK TABLES `payment_type` WRITE;
/*!40000 ALTER TABLE `payment_type` DISABLE KEYS */;
INSERT INTO `payment_type` VALUES (1,'Banco',NULL),(2,'Abono',NULL);
/*!40000 ALTER TABLE `payment_type` ENABLE KEYS */;
UNLOCK TABLES;

--
-- Table structure for table `payment_user`
--

DROP TABLE IF EXISTS `payment_user`;
/*!40101 SET @saved_cs_client     = @@character_set_client */;
/*!40101 SET character_set_client = utf8 */;
CREATE TABLE `payment_user` (
  `id_payment` int(11) NOT NULL,
  `id_user` int(11) NOT NULL,
  PRIMARY KEY  (`id_payment`,`id_user`),
  KEY `fk_payment_user_2_idx` (`id_user`),
  CONSTRAINT `fk_payment_user_1` FOREIGN KEY (`id_payment`) REFERENCES `payments` (`id_payment`) ON DELETE CASCADE ON UPDATE CASCADE,
  CONSTRAINT `fk_payment_user_2` FOREIGN KEY (`id_user`) REFERENCES `users` (`id_user`) ON UPDATE CASCADE
) ENGINE=InnoDB DEFAULT CHARSET=utf8;
/*!40101 SET character_set_client = @saved_cs_client */;

--
-- Dumping data for table `payment_user`
--

LOCK TABLES `payment_user` WRITE;
/*!40000 ALTER TABLE `payment_user` DISABLE KEYS */;
INSERT INTO `payment_user` VALUES (649,128002),(701,128005),(486,128007),(561,128008),(279,128009),(281,128009),(487,128010),(488,128010),(541,128013),(651,128015),(515,128016),(490,128018),(540,128019),(383,128025),(320,128027),(530,128030),(247,128033),(299,128034),(300,128034),(489,128042),(314,128046),(301,128047),(384,128048),(317,128051),(331,128055),(712,128056),(248,128058),(385,128062),(555,128068),(670,128068),(304,128072),(483,128074),(302,128076),(316,128077),(272,128079),(581,128080),(683,128082),(527,128084),(630,128084),(381,128086),(315,128087),(628,128089),(386,128090),(553,128093),(653,128094),(387,128097),(768,128097),(688,128098),(303,128099),(584,128100),(573,128103),(502,128106),(388,128109),(389,128111),(454,128114),(390,128116),(707,128118),(462,128122),(265,128124),(468,128126),(311,128127),(469,128128),(245,128129),(291,128130),(270,128137),(259,128138),(271,128140),(239,128143),(375,128145),(376,128146),(664,128146),(542,128154),(633,128154),(519,128161),(296,128162),(548,128163),(552,128165),(563,128167),(564,128170),(559,128171),(560,128172),(286,128174),(666,128174),(249,128176),(482,128177),(246,128178),(538,128179),(631,128179),(473,128180),(539,128181),(632,128181),(504,128182),(240,128183),(474,128194),(650,128198),(382,128199),(694,128200),(477,128201),(528,128202),(629,128202),(392,128203),(460,128204),(693,128205),(478,128207),(255,128210),(672,128210),(479,128211),(459,128214),(550,128215),(767,128217),(463,128218),(480,128219),(467,128220),(312,128224),(393,128226),(275,128227),(276,128227),(458,128228),(277,128229),(278,128229),(585,128230),(722,128232),(702,128235),(729,128236),(506,128237),(282,128244),(510,128248),(522,128249),(394,128251),(516,128253),(521,128254),(297,128255),(298,128255),(455,128256),(586,128257),(457,128258),(395,128262),(751,128264),(709,128265),(557,128266),(273,128269),(558,128270),(507,128275),(293,128276),(697,128280),(244,128285),(396,128286),(732,128287),(710,128288),(721,128289),(475,128291),(715,128292),(397,128294),(698,128296),(723,128297),(398,128298),(491,128299),(587,128301),(471,128303),(711,128304),(660,128310),(551,128312),(669,128312),(472,128313),(546,128314),(725,128315),(549,128318),(668,128318),(501,128319),(545,128320),(588,128322),(253,128323),(627,128326),(689,128326),(476,128328),(329,128329),(323,128331),(324,128333),(556,128334),(562,128336),(634,128337),(325,128340),(752,128342),(399,128351),(544,128357),(261,128358),(280,128359),(690,128359),(283,128360),(284,128360),(285,128360),(268,128362),(676,128362),(400,128365),(243,128366),(589,128367),(306,128369),(294,128371),(591,128374),(380,128377),(652,128384),(508,128385),(692,128388),(274,128393),(571,128395),(520,128396),(402,128397),(696,128399),(292,128400),(529,128402),(532,128404),(403,128406),(592,128409),(593,128410),(404,128411),(717,128412),(252,128415),(671,128415),(720,128416),(730,128417),(699,128418),(308,128420),(716,128421),(726,128422),(547,128423),(264,128425),(674,128425),(267,128427),(309,128429),(289,128430),(290,128430),(525,128432),(526,128432),(313,128435),(567,128436),(310,128438),(574,128440),(695,128443),(269,128444),(524,128446),(687,128449),(260,128450),(570,128452),(287,128455),(288,128455),(503,128457),(379,128458),(665,128458),(500,128460),(543,128461),(667,128461),(499,128463),(535,128465),(533,128469),(406,128474),(481,128475),(509,128479),(739,128480),(408,128486),(594,128487),(409,128490),(596,128491),(598,128495),(599,128497),(600,128501),(602,128502),(411,128505),(661,128511),(415,128519),(347,128525),(700,128527),(745,128528),(691,128530),(604,128531),(605,128532),(606,128533),(607,128534),(608,128535),(610,128537),(412,128541),(401,128543),(417,128544),(418,128545),(423,128554),(424,128558),(425,128565),(343,128566),(659,128566),(426,128567),(342,128568),(658,128568),(428,128569),(430,128570),(536,128571),(355,128572),(356,128573),(354,128574),(353,128575),(647,128576),(646,128577),(431,128578),(511,128579),(512,128579),(513,128579),(514,128579),(341,128580),(644,128580),(703,128584),(724,128585),(432,128587),(422,128592),(433,128593),(344,128594),(645,128594),(657,128594),(345,128595),(656,128595),(434,128596),(346,128597),(655,128597),(435,128599),(771,128599),(436,128600),(437,128602),(419,128603),(438,128604),(416,128605),(439,128606),(636,128607),(770,128608),(405,128609),(440,128610),(414,128611),(441,128612),(413,128613),(442,128614),(443,128615),(769,128615),(407,128619),(420,128622),(410,128624),(635,128626),(421,128629),(332,128631),(361,128632),(370,128635),(374,128637),(371,128638),(307,128639),(554,128664),(444,128665),(743,128667),(445,128673),(446,128674),(447,128676),(448,128677),(449,128678),(728,128680),(450,128682),(704,128687),(517,128688),(719,128690),(713,128691),(451,128693),(452,128694),(638,128695),(352,128699),(295,128701),(335,128702),(340,128703),(708,128709),(518,128710),(766,128711),(357,128712),(744,128713),(453,128715),(727,128716),(348,128719),(349,128721),(648,128721),(350,128722),(565,128722),(351,128724),(305,128730),(534,128731),(377,128733),(742,128740),(714,128753),(731,128754),(601,128757),(603,128758),(456,128762),(461,128763),(464,128764),(337,128765),(523,128766),(705,128768),(706,128769),(466,128771),(748,128775),(334,128777),(531,128778),(333,128781),(336,128786),(391,128788),(718,128790),(364,128791),(368,128794),(427,128795),(362,128796),(363,128798),(372,128800),(373,128801),(366,128802),(369,128803),(339,128804),(365,128806),(338,128809),(736,128810),(734,128811),(747,128812),(321,128813),(616,128814),(322,128815),(319,128817),(617,128820),(327,128821),(328,128822),(537,128823),(737,128824),(378,128831),(663,128831),(318,128836),(619,128838),(251,128841),(326,128843),(754,128844),(637,128845),(753,128847),(618,128848),(330,128852),(505,128855),(493,128857),(470,128858),(494,128859),(257,128860),(673,128860),(465,128861),(495,128863),(242,128865),(250,128866),(496,128869),(258,128872),(497,128873),(241,128876),(256,128877),(498,128878),(254,128882),(262,128885),(263,128888),(266,128893),(675,128893),(746,128896),(735,128898),(358,128900),(762,128902),(484,128906),(620,128909),(621,128913),(485,128914),(622,128917),(738,128918),(623,128921),(642,128931),(569,128932),(568,128934),(685,128937),(686,128939),(760,128970),(755,128972),(566,128975),(492,128977),(757,128979),(360,128984),(359,128988),(575,129008),(576,129009),(572,129012),(577,129013),(578,129016),(579,129018),(758,129021),(580,129027),(677,129029),(582,129034),(761,129045),(429,129055),(641,129055),(583,129059),(590,129067),(367,129070),(639,129075),(595,129077),(597,129078),(640,129081),(662,129096),(615,129172),(609,129174),(611,129175),(750,129176),(749,129178),(612,129182),(613,129183),(614,129184),(624,129186),(625,129188),(626,129189),(643,129190),(680,129191),(681,129192),(654,129193),(756,129198),(733,129199),(741,129200),(740,129201),(679,129202),(678,129205),(682,129209),(764,129210),(684,129225),(765,129227),(763,129257),(759,129262);
/*!40000 ALTER TABLE `payment_user` ENABLE KEYS */;
UNLOCK TABLES;

--
-- Table structure for table `payments`
--

DROP TABLE IF EXISTS `payments`;
/*!40101 SET @saved_cs_client     = @@character_set_client */;
/*!40101 SET character_set_client = utf8 */;
CREATE TABLE `payments` (
  `id_payment` int(11) NOT NULL auto_increment,
  `amount` decimal(5,2) NOT NULL,
  `date` timestamp NULL default NULL,
  `id_payment_type` int(11) default '1',
  `registered_by` int(11) NOT NULL,
  PRIMARY KEY  (`id_payment`),
  KEY `fk_payments_1_idx` (`id_payment_type`),
  KEY `fk_payments_2_idx` (`registered_by`),
  CONSTRAINT `fk_payments_1` FOREIGN KEY (`id_payment_type`) REFERENCES `payment_type` (`id_payment_type`) ON DELETE SET NULL ON UPDATE CASCADE,
  CONSTRAINT `fk_payments_2` FOREIGN KEY (`registered_by`) REFERENCES `users` (`id_user`) ON UPDATE CASCADE
) ENGINE=InnoDB AUTO_INCREMENT=772 DEFAULT CHARSET=utf8;
/*!40101 SET character_set_client = @saved_cs_client */;

--
-- Dumping data for table `payments`
--

LOCK TABLES `payments` WRITE;
/*!40000 ALTER TABLE `payments` DISABLE KEYS */;
INSERT INTO `payments` VALUES (239,700.00,'2014-08-12 16:26:10',2,100001),(240,700.00,'2014-08-12 16:27:18',2,100001),(241,700.00,'2014-08-12 16:27:54',2,100001),(242,700.00,'2014-08-12 16:32:54',2,100001),(243,350.00,'2014-08-12 16:42:31',2,100001),(244,350.00,'2014-08-12 16:43:20',2,100001),(245,300.00,'2014-08-12 16:44:19',2,100001),(246,400.00,'2014-08-12 16:45:29',2,100001),(247,700.00,'2014-08-12 16:48:25',2,100001),(248,700.00,'2014-08-12 16:50:30',2,100001),(249,400.00,'2014-08-12 17:05:21',2,100001),(250,700.00,'2014-08-12 17:10:46',2,100001),(251,700.00,'2014-08-12 17:18:52',2,100001),(252,500.00,'2014-08-12 17:20:44',2,100001),(253,700.00,'2014-08-12 17:26:24',2,100001),(254,350.00,'2014-08-12 17:28:03',2,100001),(255,500.00,'2014-08-12 17:30:39',2,100001),(256,350.00,'2014-08-12 17:33:16',2,100001),(257,350.00,'2014-08-12 17:35:56',2,100001),(258,700.00,'2014-08-12 17:37:44',2,100001),(259,700.00,'2014-08-12 18:03:01',2,100001),(260,350.00,'2014-08-12 18:08:00',2,100001),(261,700.00,'2014-08-12 18:15:29',2,100001),(262,700.00,'2014-08-12 18:17:12',2,100001),(263,700.00,'2014-08-12 18:17:50',2,100001),(264,100.00,'2014-08-12 18:19:25',2,100001),(265,700.00,'2014-08-12 18:20:16',2,100001),(266,100.00,'2014-08-12 18:21:49',2,100001),(267,700.00,'2014-08-12 18:24:30',2,100001),(268,200.00,'2014-08-12 18:28:09',2,100001),(269,350.00,'2014-08-12 18:29:33',2,100001),(270,700.00,'2014-08-12 18:44:27',2,100001),(271,700.00,'2014-08-12 18:47:10',2,100001),(272,700.00,'2014-08-12 18:51:02',2,100001),(273,700.00,'2014-08-12 18:53:44',2,100001),(274,700.00,'2014-08-12 18:54:52',2,100001),(275,500.00,'2014-08-12 19:01:42',2,100001),(276,200.00,'2014-08-12 19:01:59',2,100001),(277,500.00,'2014-08-12 19:03:48',2,100001),(278,200.00,'2014-08-12 19:03:57',2,100001),(279,500.00,'2014-08-12 19:04:55',2,100001),(280,200.00,'2014-08-12 19:06:18',2,100001),(281,200.00,'2014-08-12 19:10:08',2,100001),(282,700.00,'2014-08-12 19:12:04',2,100001),(283,200.00,'2014-08-12 19:12:49',2,100001),(284,400.00,'2014-08-12 19:12:59',2,100001),(285,100.00,'2014-08-12 19:13:05',2,100001),(286,200.00,'2014-08-12 19:15:49',2,100001),(287,200.00,'2014-08-12 19:20:27',2,100001),(288,500.00,'2014-08-12 19:20:39',2,100001),(289,100.00,'2014-08-12 19:23:23',2,100001),(290,600.00,'2014-08-12 19:23:32',2,100001),(291,350.00,'2014-08-12 19:24:08',2,100001),(292,700.00,'2014-08-12 19:25:12',2,100001),(293,700.00,'2014-08-12 19:27:24',2,100001),(294,700.00,'2014-08-12 19:31:15',2,100001),(295,700.00,'2014-08-12 19:51:41',2,100001),(296,700.00,'2014-08-12 19:52:45',2,100001),(297,200.00,'2014-08-12 19:53:57',2,100001),(298,500.00,'2014-08-12 19:54:05',2,100001),(299,500.00,'2014-08-12 19:55:55',2,100001),(300,200.00,'2014-08-12 19:56:02',2,100001),(301,700.00,'2014-08-12 19:58:33',2,100001),(302,700.00,'2014-08-12 19:59:14',2,100001),(303,700.00,'2014-08-12 20:00:49',2,100001),(304,350.00,'2014-08-12 20:01:30',2,100001),(305,700.00,'2014-08-12 20:02:27',2,100001),(306,700.00,'2014-08-12 20:03:27',2,100001),(307,700.00,'2014-08-12 20:05:22',2,100001),(308,700.00,'2014-08-12 20:06:00',2,100001),(309,700.00,'2014-08-12 20:07:24',2,100001),(310,700.00,'2014-08-12 20:08:00',2,100001),(311,500.00,'2014-08-12 20:08:50',2,100001),(312,700.00,'2014-08-12 20:09:53',2,100001),(313,700.00,'2014-08-12 20:23:47',2,100001),(314,350.00,'2014-08-12 20:25:43',2,100001),(315,700.00,'2014-08-13 01:13:13',2,129011),(316,700.00,'2014-08-13 01:19:49',2,129011),(317,700.00,'2014-08-13 01:21:01',2,129011),(318,700.00,'2014-08-13 01:22:23',2,129036),(319,350.00,'2014-08-13 01:23:18',2,129036),(320,700.00,'2014-08-13 01:23:20',2,129011),(321,700.00,'2014-08-13 01:29:14',2,129036),(322,700.00,'2014-08-13 01:29:53',2,129036),(323,700.00,'2014-08-13 01:32:09',1,129036),(324,700.00,'2014-08-13 01:33:25',1,129036),(325,700.00,'2014-08-13 01:34:00',1,129036),(326,700.00,'2014-08-13 01:35:17',2,129036),(327,700.00,'2014-08-13 01:35:41',1,129036),(328,700.00,'2014-08-13 01:36:24',1,129036),(329,700.00,'2014-08-13 01:37:52',2,129036),(330,700.00,'2014-08-13 01:39:50',2,129036),(331,700.00,'2014-08-13 01:41:48',2,129011),(332,700.00,'2014-08-13 01:55:09',2,129011),(333,700.00,'2014-08-13 01:57:28',2,129011),(334,700.00,'2014-08-13 02:00:01',2,129011),(335,700.00,'2014-08-13 02:01:28',2,129039),(336,700.00,'2014-08-13 02:02:11',1,129011),(337,700.00,'2014-08-13 02:11:58',1,129038),(338,700.00,'2014-08-13 02:17:23',2,129011),(339,700.00,'2014-08-13 02:20:32',2,129011),(340,700.00,'2014-08-13 02:21:56',2,129011),(341,300.00,'2014-08-13 04:45:09',2,129037),(342,100.00,'2014-08-13 04:47:14',2,129037),(343,100.00,'2014-08-13 04:49:38',2,129037),(344,350.00,'2014-08-13 04:51:30',2,129037),(345,300.00,'2014-08-13 04:57:32',2,129037),(346,300.00,'2014-08-13 04:58:55',2,129037),(347,500.00,'2014-08-13 05:02:03',2,129037),(348,700.00,'2014-08-13 05:04:01',2,129037),(349,300.00,'2014-08-13 05:06:31',2,129037),(350,200.00,'2014-08-13 05:08:08',2,129037),(351,700.00,'2014-08-13 05:09:35',2,129037),(352,700.00,'2014-08-13 05:11:02',2,129037),(353,700.00,'2014-08-13 05:14:25',2,129037),(354,700.00,'2014-08-13 05:15:50',2,129037),(355,700.00,'2014-08-13 05:17:42',2,129037),(356,700.00,'2014-08-13 05:19:06',2,129037),(357,700.00,'2014-08-13 05:21:32',2,129037),(358,700.00,'2014-08-13 05:23:22',2,129037),(359,700.00,'2014-08-13 05:24:29',2,129037),(360,700.00,'2014-08-13 05:26:49',2,129037),(361,700.00,'2014-08-13 15:37:01',2,129011),(362,700.00,'2014-08-13 15:40:23',1,129011),(363,700.00,'2014-08-13 15:41:31',1,129011),(364,700.00,'2014-08-13 15:49:58',1,129011),(365,700.00,'2014-08-13 15:51:50',2,129011),(366,700.00,'2014-08-13 15:55:33',2,129011),(367,700.00,'2014-08-13 15:59:21',2,129011),(368,700.00,'2014-08-13 16:16:28',1,129011),(369,700.00,'2014-08-13 16:34:45',2,129011),(370,700.00,'2014-08-13 16:40:15',2,129011),(371,700.00,'2014-08-13 16:58:18',2,129011),(372,700.00,'2014-08-13 17:01:27',1,129011),(373,700.00,'2014-08-13 17:02:22',1,129011),(374,700.00,'2014-08-13 17:11:19',2,129011),(375,700.00,'2014-08-14 18:57:44',2,129039),(376,200.00,'2014-08-14 18:59:00',2,129039),(377,700.00,'2014-08-14 19:01:03',2,129039),(378,500.00,'2014-08-14 19:02:02',2,129039),(379,450.00,'2014-08-14 19:03:23',2,129039),(380,700.00,'2014-08-14 19:08:35',2,129007),(381,700.00,'2014-08-14 20:49:26',2,129020),(382,700.00,'2014-08-14 21:33:02',2,129033),(383,700.00,'2014-08-14 23:43:34',2,129033),(384,700.00,'2014-08-14 23:55:21',2,129033),(385,700.00,'2014-08-14 23:58:15',2,129033),(386,700.00,'2014-08-15 00:01:39',2,129033),(387,300.00,'2014-08-15 00:07:04',2,129033),(388,700.00,'2014-08-15 00:12:26',2,129033),(389,350.00,'2014-08-15 00:18:46',2,129033),(390,200.00,'2014-08-15 00:56:32',2,129033),(391,700.00,'2014-08-15 01:22:33',2,129007),(392,700.00,'2014-08-15 01:39:20',2,129033),(393,700.00,'2014-08-15 01:45:13',2,129033),(394,700.00,'2014-08-15 01:47:19',2,129033),(395,700.00,'2014-08-15 01:49:54',2,129033),(396,700.00,'2014-08-15 01:52:57',2,129033),(397,700.00,'2014-08-15 01:55:54',2,129033),(398,700.00,'2014-08-15 01:58:43',2,129033),(399,700.00,'2014-08-15 02:03:25',2,129033),(400,700.00,'2014-08-15 02:05:14',2,129033),(401,700.00,'2014-08-15 02:08:34',2,129007),(402,700.00,'2014-08-15 02:08:50',2,129033),(403,700.00,'2014-08-15 02:10:13',2,129033),(404,700.00,'2014-08-15 02:10:44',2,129033),(405,700.00,'2014-08-15 02:12:08',2,129007),(406,600.00,'2014-08-15 02:12:39',2,129033),(407,700.00,'2014-08-15 02:13:28',2,129007),(408,700.00,'2014-08-15 02:13:50',2,129033),(409,700.00,'2014-08-15 02:15:53',2,129033),(410,700.00,'2014-08-15 02:18:02',2,129007),(411,700.00,'2014-08-15 02:18:13',2,129033),(412,700.00,'2014-08-15 02:20:21',2,129007),(413,700.00,'2014-08-15 02:21:22',2,129007),(414,700.00,'2014-08-15 02:22:17',2,129007),(415,700.00,'2014-08-15 02:22:58',2,129033),(416,500.00,'2014-08-15 02:23:31',2,129007),(417,700.00,'2014-08-15 02:25:09',2,129033),(418,700.00,'2014-08-15 02:26:22',2,129033),(419,700.00,'2014-08-15 02:27:32',2,129007),(420,700.00,'2014-08-15 02:29:14',2,129007),(421,700.00,'2014-08-15 02:31:12',2,129007),(422,700.00,'2014-08-15 02:33:10',2,129007),(423,700.00,'2014-08-15 02:34:41',2,129033),(424,700.00,'2014-08-15 02:35:31',2,129033),(425,700.00,'2014-08-15 02:38:03',2,129033),(426,700.00,'2014-08-15 02:40:56',2,129033),(427,700.00,'2014-08-15 02:41:20',2,129007),(428,700.00,'2014-08-15 02:42:56',2,129033),(429,400.00,'2014-08-15 02:43:58',2,129007),(430,700.00,'2014-08-15 02:44:35',2,129033),(431,700.00,'2014-08-15 02:46:41',2,129033),(432,700.00,'2014-08-15 02:48:50',2,129033),(433,700.00,'2014-08-15 02:51:11',2,129033),(434,700.00,'2014-08-15 02:52:11',2,129033),(435,650.00,'2014-08-15 02:54:17',2,129033),(436,700.00,'2014-08-15 02:55:39',2,129033),(437,350.00,'2014-08-15 02:57:25',2,129033),(438,350.00,'2014-08-15 02:58:47',2,129033),(439,700.00,'2014-08-15 03:02:09',2,129033),(440,700.00,'2014-08-15 03:03:17',2,129033),(441,700.00,'2014-08-15 03:06:14',2,129033),(442,700.00,'2014-08-15 03:11:21',2,129033),(443,500.00,'2014-08-15 03:14:00',2,129033),(444,700.00,'2014-08-15 03:16:30',2,129033),(445,700.00,'2014-08-15 03:21:06',2,129033),(446,700.00,'2014-08-15 03:23:29',2,129033),(447,700.00,'2014-08-15 03:24:35',2,129033),(448,700.00,'2014-08-15 03:26:45',2,129033),(449,350.00,'2014-08-15 03:36:47',2,129033),(450,700.00,'2014-08-15 03:38:58',2,129033),(451,700.00,'2014-08-15 03:40:24',2,129033),(452,700.00,'2014-08-15 03:42:04',2,129033),(453,700.00,'2014-08-15 03:51:34',2,129033),(454,53.00,'2014-08-15 03:56:00',2,129020),(455,50.00,'2014-08-15 03:56:59',2,129020),(456,150.00,'2014-08-15 03:57:52',2,129033),(457,50.00,'2014-08-15 03:58:10',2,129020),(458,100.00,'2014-08-15 03:58:46',2,129020),(459,50.00,'2014-08-15 03:59:32',2,129020),(460,200.00,'2014-08-15 04:00:12',2,129020),(461,150.00,'2014-08-15 04:00:54',2,129033),(462,100.00,'2014-08-15 04:00:57',2,129020),(463,700.00,'2014-08-15 04:01:36',2,129020),(464,700.00,'2014-08-15 04:01:45',2,129033),(465,700.00,'2014-08-15 04:02:34',2,129020),(466,700.00,'2014-08-15 04:03:18',2,129033),(467,700.00,'2014-08-15 04:03:19',2,129020),(468,700.00,'2014-08-15 04:04:06',2,129020),(469,700.00,'2014-08-15 04:04:47',2,129020),(470,700.00,'2014-08-15 04:05:38',2,129020),(471,700.00,'2014-08-15 04:06:18',2,129020),(472,700.00,'2014-08-15 04:06:56',2,129020),(473,700.00,'2014-08-15 04:08:15',2,129020),(474,700.00,'2014-08-15 04:08:52',2,129020),(475,300.00,'2014-08-15 04:11:44',2,129020),(476,700.00,'2014-08-15 04:12:31',2,129036),(477,100.00,'2014-08-15 04:12:40',2,129020),(478,700.00,'2014-08-15 04:13:21',2,129020),(479,700.00,'2014-08-15 04:14:17',2,129020),(480,700.00,'2014-08-15 04:15:07',2,129020),(481,700.00,'2014-08-15 04:16:28',2,129020),(482,700.00,'2014-08-15 04:17:06',2,129020),(483,700.00,'2014-08-15 04:17:49',2,129020),(484,200.00,'2014-08-15 04:18:29',2,129020),(485,200.00,'2014-08-15 04:19:30',2,129020),(486,200.00,'2014-08-15 04:20:04',2,129020),(487,100.00,'2014-08-15 04:20:51',2,129020),(488,100.00,'2014-08-15 04:20:54',2,129020),(489,700.00,'2014-08-15 04:21:21',2,129020),(490,100.00,'2014-08-15 04:22:43',2,129020),(491,700.00,'2014-08-15 04:23:27',2,129020),(492,700.00,'2014-08-15 04:24:07',2,129033),(493,700.00,'2014-08-15 04:24:08',2,129020),(494,350.00,'2014-08-15 04:25:30',2,129020),(495,700.00,'2014-08-15 04:26:31',2,129020),(496,350.00,'2014-08-15 04:27:48',2,129020),(497,700.00,'2014-08-15 04:28:23',2,129020),(498,100.00,'2014-08-15 04:29:16',2,129020),(499,50.00,'2014-08-15 04:30:32',2,129020),(500,50.00,'2014-08-15 04:31:10',2,129020),(501,50.00,'2014-08-15 12:25:31',2,129020),(502,700.00,'2014-08-15 12:26:17',2,129020),(503,60.00,'2014-08-15 12:27:03',2,129020),(504,24.00,'2014-08-15 12:27:45',2,129020),(505,700.00,'2014-08-15 12:28:09',2,129020),(506,700.00,'2014-08-15 12:28:53',2,129020),(507,700.00,'2014-08-15 12:29:20',2,129020),(508,700.00,'2014-08-15 16:12:59',2,100001),(509,350.00,'2014-08-15 16:37:49',2,100001),(510,350.00,'2014-08-15 16:38:28',2,100001),(511,700.00,'2014-08-15 16:39:14',2,100001),(512,700.00,'2014-08-15 16:39:14',2,100001),(513,700.00,'2014-08-15 16:39:14',2,100001),(514,700.00,'2014-08-15 16:39:14',2,100001),(515,700.00,'2014-08-15 16:46:26',2,100001),(516,700.00,'2014-08-15 16:47:21',2,100001),(517,700.00,'2014-08-15 16:48:24',2,100001),(518,700.00,'2014-08-15 16:48:59',2,100001),(519,700.00,'2014-08-15 16:49:34',2,100001),(520,700.00,'2014-08-15 16:50:39',2,100001),(521,700.00,'2014-08-15 16:51:49',2,100001),(522,700.00,'2014-08-15 16:52:47',2,100001),(523,700.00,'2014-08-15 16:53:18',2,100001),(524,700.00,'2014-08-15 16:54:27',2,100001),(525,700.00,'2014-08-15 16:55:07',2,100001),(526,700.00,'2014-08-15 16:55:07',2,100001),(527,200.00,'2014-08-15 16:58:30',2,100001),(528,200.00,'2014-08-15 17:00:33',2,100001),(529,700.00,'2014-08-15 17:01:14',2,100001),(530,700.00,'2014-08-15 17:02:09',2,100001),(531,700.00,'2014-08-15 17:02:56',2,100001),(532,700.00,'2014-08-15 17:05:49',2,100001),(533,700.00,'2014-08-15 17:06:36',2,100001),(534,700.00,'2014-08-15 17:07:21',2,100001),(535,700.00,'2014-08-15 17:08:22',2,100001),(536,700.00,'2014-08-15 17:09:04',2,100001),(537,700.00,'2014-08-15 17:10:19',2,100001),(538,400.00,'2014-08-15 17:11:20',2,100001),(539,400.00,'2014-08-15 17:12:17',2,100001),(540,350.00,'2014-08-15 17:13:16',2,100001),(541,700.00,'2014-08-15 17:14:20',2,100001),(542,400.00,'2014-08-15 17:15:35',2,100001),(543,500.00,'2014-08-15 17:18:46',2,100001),(544,700.00,'2014-08-15 17:19:23',2,100001),(545,350.00,'2014-08-15 17:20:30',2,100001),(546,350.00,'2014-08-15 17:21:24',2,100001),(547,300.00,'2014-08-15 17:22:26',2,100001),(548,350.00,'2014-08-15 17:23:23',2,100001),(549,400.00,'2014-08-15 17:26:16',2,100001),(550,700.00,'2014-08-15 17:56:22',2,100001),(551,200.00,'2014-08-15 17:59:12',2,100001),(552,400.00,'2014-08-15 18:00:03',2,100001),(553,700.00,'2014-08-15 18:02:14',2,100001),(554,700.00,'2014-08-15 18:03:06',2,100001),(555,650.00,'2014-08-15 18:05:23',2,100001),(556,700.00,'2014-08-15 18:06:08',2,100001),(557,350.00,'2014-08-15 18:06:55',2,100001),(558,350.00,'2014-08-15 18:07:35',2,100001),(559,350.00,'2014-08-15 18:09:13',2,100001),(560,700.00,'2014-08-15 18:15:39',2,100001),(561,350.00,'2014-08-15 18:19:16',2,100001),(562,350.00,'2014-08-15 18:21:46',2,100001),(563,700.00,'2014-08-15 18:23:21',2,100001),(564,350.00,'2014-08-15 18:25:16',2,100001),(565,200.00,'2014-08-15 18:41:31',2,129037),(566,700.00,'2014-08-15 18:43:18',2,100001),(567,700.00,'2014-08-15 18:44:20',2,100001),(568,350.00,'2014-08-15 18:52:16',2,100001),(569,350.00,'2014-08-15 19:00:00',2,100001),(570,350.00,'2014-08-15 19:06:34',2,100001),(571,350.00,'2014-08-15 19:20:51',2,100001),(572,700.00,'2014-08-15 19:28:30',2,100001),(573,200.00,'2014-08-15 20:16:59',2,100001),(574,200.00,'2014-08-15 20:18:10',2,100001),(575,700.00,'2014-08-16 00:19:41',2,129033),(576,200.00,'2014-08-16 00:20:33',2,129033),(577,300.00,'2014-08-16 00:22:41',2,129033),(578,700.00,'2014-08-16 00:26:52',2,129033),(579,700.00,'2014-08-16 00:28:26',2,129033),(580,350.00,'2014-08-16 00:31:37',2,129033),(581,700.00,'2014-08-16 00:33:34',2,129030),(582,700.00,'2014-08-16 00:34:49',2,129033),(583,350.00,'2014-08-16 00:39:42',2,129033),(584,700.00,'2014-08-16 00:51:47',2,129030),(585,700.00,'2014-08-16 00:53:17',2,129030),(586,700.00,'2014-08-16 00:55:31',2,129030),(587,700.00,'2014-08-16 01:00:14',2,129030),(588,700.00,'2014-08-16 01:01:28',2,129030),(589,700.00,'2014-08-16 01:02:12',2,129030),(590,350.00,'2014-08-16 01:02:20',2,129033),(591,700.00,'2014-08-16 01:03:02',2,129030),(592,700.00,'2014-08-16 01:04:00',2,129030),(593,700.00,'2014-08-16 01:04:44',2,129030),(594,700.00,'2014-08-16 01:06:07',2,129030),(595,350.00,'2014-08-16 01:06:40',2,129033),(596,700.00,'2014-08-16 01:07:00',2,129030),(597,700.00,'2014-08-16 01:07:34',2,129033),(598,700.00,'2014-08-16 01:07:38',2,129030),(599,700.00,'2014-08-16 01:08:41',2,129030),(600,700.00,'2014-08-16 01:09:53',2,129030),(601,700.00,'2014-08-16 01:10:28',2,129030),(602,700.00,'2014-08-16 01:11:16',2,129030),(603,700.00,'2014-08-16 01:11:51',2,129030),(604,700.00,'2014-08-16 01:12:29',2,129030),(605,700.00,'2014-08-16 01:12:54',2,129030),(606,700.00,'2014-08-16 01:13:24',2,129030),(607,700.00,'2014-08-16 01:13:58',2,129030),(608,700.00,'2014-08-16 01:15:44',2,129030),(609,350.00,'2014-08-16 01:15:47',2,129033),(610,700.00,'2014-08-16 01:16:35',2,129030),(611,700.00,'2014-08-16 01:17:43',2,129033),(612,700.00,'2014-08-16 01:20:10',2,129033),(613,700.00,'2014-08-16 01:22:37',2,129033),(614,700.00,'2014-08-16 01:23:28',2,129033),(615,700.00,'2014-08-16 01:25:33',2,129033),(616,700.00,'2014-08-16 01:27:21',2,129030),(617,700.00,'2014-08-16 01:28:50',2,129030),(618,700.00,'2014-08-16 01:30:07',2,129030),(619,700.00,'2014-08-16 01:30:58',2,129030),(620,700.00,'2014-08-16 01:32:04',2,129030),(621,700.00,'2014-08-16 01:34:49',2,129030),(622,700.00,'2014-08-16 01:36:56',2,129030),(623,700.00,'2014-08-16 01:37:58',2,129030),(624,700.00,'2014-08-16 01:39:13',2,129030),(625,700.00,'2014-08-16 01:41:48',2,129030),(626,700.00,'2014-08-16 01:42:53',2,129030),(627,400.00,'2014-08-16 03:51:07',2,100001),(628,700.00,'2014-08-16 04:25:12',2,100001),(629,500.00,'2014-08-16 04:46:56',2,100001),(630,200.00,'2014-08-16 04:48:01',2,100001),(631,300.00,'2014-08-16 14:07:43',2,100001),(632,300.00,'2014-08-16 14:10:59',2,100001),(633,300.00,'2014-08-16 14:12:51',2,100001),(634,350.00,'2014-08-16 14:43:22',2,100001),(635,700.00,'2014-08-17 05:23:16',2,129007),(636,700.00,'2014-08-17 05:25:01',2,129007),(637,700.00,'2014-08-17 05:25:47',2,129007),(638,700.00,'2014-08-17 05:27:20',2,129007),(639,700.00,'2014-08-17 05:28:14',2,129007),(640,700.00,'2014-08-17 05:29:00',2,129007),(641,300.00,'2014-08-17 05:29:56',2,129007),(642,700.00,'2014-08-17 05:33:57',2,129007),(643,700.00,'2014-08-17 05:36:29',2,129037),(644,100.00,'2014-08-17 05:37:55',2,129037),(645,250.00,'2014-08-17 05:40:12',2,129037),(646,700.00,'2014-08-17 05:44:20',2,129037),(647,700.00,'2014-08-17 05:45:45',2,129037),(648,400.00,'2014-08-17 05:49:17',2,129037),(649,700.00,'2014-08-17 12:45:11',2,129020),(650,700.00,'2014-08-17 12:46:00',2,129020),(651,700.00,'2014-08-17 12:48:26',2,129020),(652,100.00,'2014-08-17 12:52:31',2,129020),(653,700.00,'2014-08-17 12:53:49',2,129020),(654,700.00,'2014-08-17 19:03:08',2,100001),(655,400.00,'2014-08-18 06:39:15',2,129037),(656,400.00,'2014-08-18 06:40:24',2,129037),(657,100.00,'2014-08-18 06:41:20',2,129037),(658,600.00,'2014-08-18 06:44:03',2,129037),(659,200.00,'2014-08-18 06:45:03',2,129037),(660,700.00,'2014-08-18 07:18:23',2,129033),(661,700.00,'2014-08-18 07:28:30',2,129033),(662,700.00,'2014-08-18 08:02:32',2,129033),(663,200.00,'2014-08-18 15:54:45',2,129039),(664,500.00,'2014-08-18 15:55:15',2,129039),(665,250.00,'2014-08-18 15:56:12',2,129039),(666,150.00,'2014-08-18 17:06:45',2,100001),(667,200.00,'2014-08-18 17:27:04',2,100001),(668,300.00,'2014-08-18 17:28:12',2,100001),(669,500.00,'2014-08-18 17:30:17',2,100001),(670,50.00,'2014-08-18 17:32:15',2,100001),(671,200.00,'2014-08-18 18:06:37',2,100001),(672,200.00,'2014-08-18 18:38:09',2,100001),(673,350.00,'2014-08-18 18:42:52',2,100001),(674,250.00,'2014-08-18 18:51:22',2,100001),(675,600.00,'2014-08-18 18:53:14',2,100001),(676,300.00,'2014-08-18 18:55:17',2,100001),(677,700.00,'2014-08-18 19:09:31',2,100001),(678,350.00,'2014-08-18 19:14:23',2,100001),(679,700.00,'2014-08-18 19:16:46',2,100001),(680,700.00,'2014-08-18 19:19:22',2,100001),(681,350.00,'2014-08-18 19:38:37',2,100001),(682,350.00,'2014-08-18 19:43:22',2,100001),(683,700.00,'2014-08-18 19:44:26',2,100001),(684,700.00,'2014-08-18 19:47:13',2,100001),(685,700.00,'2014-08-18 20:01:30',2,100001),(686,700.00,'2014-08-18 20:04:47',2,100001),(687,350.00,'2014-08-18 20:08:51',2,100001),(688,700.00,'2014-08-18 20:09:34',2,100001),(689,300.00,'2014-08-18 20:30:52',2,100001),(690,500.00,'2014-08-18 22:07:53',2,100001),(691,350.00,'2014-08-18 22:20:05',2,100001),(692,700.00,'2014-08-18 22:21:08',2,100001),(693,700.00,'2014-08-18 22:22:14',2,100001),(694,700.00,'2014-08-18 22:23:35',2,100001),(695,700.00,'2014-08-18 22:27:02',2,100001),(696,700.00,'2014-08-18 22:27:38',2,100001),(697,700.00,'2014-08-18 22:28:22',2,100001),(698,700.00,'2014-08-18 22:29:27',2,100001),(699,700.00,'2014-08-18 22:30:02',2,100001),(700,700.00,'2014-08-18 22:39:36',2,100001),(701,700.00,'2014-08-18 22:40:19',2,100001),(702,700.00,'2014-08-18 22:40:54',2,100001),(703,700.00,'2014-08-18 22:41:22',2,100001),(704,700.00,'2014-08-18 22:42:39',2,100001),(705,700.00,'2014-08-18 22:43:15',2,100001),(706,700.00,'2014-08-18 22:43:56',2,100001),(707,700.00,'2014-08-18 22:47:07',2,100001),(708,700.00,'2014-08-18 22:47:56',2,100001),(709,700.00,'2014-08-18 22:48:37',2,100001),(710,700.00,'2014-08-18 22:49:39',2,100001),(711,350.00,'2014-08-18 22:51:18',2,100001),(712,700.00,'2014-08-18 22:51:54',2,100001),(713,700.00,'2014-08-18 22:52:21',2,100001),(714,700.00,'2014-08-18 22:55:25',2,100001),(715,350.00,'2014-08-18 22:56:25',2,100001),(716,350.00,'2014-08-18 22:56:58',2,100001),(717,700.00,'2014-08-18 22:57:46',2,100001),(718,350.00,'2014-08-18 22:58:22',2,100001),(719,700.00,'2014-08-18 22:59:35',2,100001),(720,350.00,'2014-08-18 23:00:26',2,100001),(721,350.00,'2014-08-18 23:01:10',2,100001),(722,350.00,'2014-08-18 23:03:17',2,100001),(723,350.00,'2014-08-18 23:03:48',2,100001),(724,700.00,'2014-08-18 23:04:29',2,100001),(725,700.00,'2014-08-18 23:06:24',2,100001),(726,700.00,'2014-08-18 23:06:53',2,100001),(727,700.00,'2014-08-18 23:07:25',2,100001),(728,700.00,'2014-08-18 23:13:26',2,100001),(729,700.00,'2014-08-18 23:13:51',2,100001),(730,350.00,'2014-08-18 23:15:16',2,100001),(731,700.00,'2014-08-18 23:15:46',2,100001),(732,700.00,'2014-08-18 23:16:18',2,100001),(733,700.00,'2014-08-18 23:17:29',2,100001),(734,350.00,'2014-08-18 23:18:03',2,100001),(735,700.00,'2014-08-18 23:18:44',2,100001),(736,350.00,'2014-08-18 23:24:48',2,100001),(737,700.00,'2014-08-18 23:26:08',2,100001),(738,350.00,'2014-08-18 23:26:44',2,100001),(739,700.00,'2014-08-18 23:27:18',2,100001),(740,700.00,'2014-08-18 23:30:00',2,100001),(741,700.00,'2014-08-18 23:40:54',2,100001),(742,700.00,'2014-08-18 23:41:48',2,100001),(743,700.00,'2014-08-18 23:42:19',2,100001),(744,350.00,'2014-08-18 23:43:21',2,100001),(745,700.00,'2014-08-18 23:44:25',2,100001),(746,700.00,'2014-08-18 23:47:00',2,100001),(747,700.00,'2014-08-18 23:48:04',2,100001),(748,350.00,'2014-08-18 23:50:31',2,100001),(749,700.00,'2014-08-18 23:51:51',2,100001),(750,700.00,'2014-08-18 23:53:07',2,100001),(751,700.00,'2014-08-18 23:57:37',2,100001),(752,350.00,'2014-08-19 00:08:24',2,100001),(753,700.00,'2014-08-19 00:09:35',2,100001),(754,700.00,'2014-08-19 00:10:39',2,100001),(755,700.00,'2014-08-19 00:12:32',2,100001),(756,700.00,'2014-08-19 00:13:41',2,100001),(757,700.00,'2014-08-19 00:15:22',2,100001),(758,700.00,'2014-08-19 00:16:28',2,100001),(759,350.00,'2014-08-19 00:18:13',2,129033),(760,350.00,'2014-08-19 00:19:51',2,129033),(761,700.00,'2014-08-19 00:21:55',2,100001),(762,350.00,'2014-08-19 00:25:56',2,100001),(763,700.00,'2014-08-19 00:34:32',2,129033),(764,350.00,'2014-08-19 00:37:13',2,100001),(765,350.00,'2014-08-19 00:44:23',2,100001),(766,700.00,'2014-08-19 00:46:22',2,100001),(767,700.00,'2014-08-19 00:47:32',2,100001),(768,200.00,'2014-08-19 16:19:11',2,129033),(769,200.00,'2014-08-19 16:25:47',2,129033),(770,450.00,'2014-08-19 16:27:10',2,129033),(771,50.00,'2014-08-19 16:29:38',2,129033);
/*!40000 ALTER TABLE `payments` ENABLE KEYS */;
UNLOCK TABLES;

--
-- Table structure for table `publicities`
--

DROP TABLE IF EXISTS `publicities`;
/*!40101 SET @saved_cs_client     = @@character_set_client */;
/*!40101 SET character_set_client = utf8 */;
CREATE TABLE `publicities` (
  `id_publicity` int(11) NOT NULL auto_increment,
  `name` varchar(75) collate utf8_spanish_ci default NULL,
  `description` varchar(45) collate utf8_spanish_ci default NULL,
  PRIMARY KEY  (`id_publicity`)
) ENGINE=InnoDB AUTO_INCREMENT=11 DEFAULT CHARSET=utf8 COLLATE=utf8_spanish_ci;
/*!40101 SET character_set_client = @saved_cs_client */;

--
-- Dumping data for table `publicities`
--

LOCK TABLES `publicities` WRITE;
/*!40000 ALTER TABLE `publicities` DISABLE KEYS */;
INSERT INTO `publicities` VALUES (1,'Volante',NULL),(2,'Facebook',NULL),(3,'Twitter',NULL),(4,'Videoblog o gestor de video (youtube, vimeo, etc.)',NULL),(5,'Radio',NULL),(6,'Televisión',NULL),(7,'Periódico',NULL),(8,'Invitación ',NULL),(9,'Metro',NULL),(10,'Otros',NULL);
/*!40000 ALTER TABLE `publicities` ENABLE KEYS */;
UNLOCK TABLES;

--
-- Table structure for table `scolarships`
--

DROP TABLE IF EXISTS `scolarships`;
/*!40101 SET @saved_cs_client     = @@character_set_client */;
/*!40101 SET character_set_client = utf8 */;
CREATE TABLE `scolarships` (
  `id_scolarship` int(11) NOT NULL auto_increment,
  `name` varchar(45) default NULL,
  `description` varchar(45) default NULL,
  PRIMARY KEY  (`id_scolarship`)
) ENGINE=InnoDB AUTO_INCREMENT=6 DEFAULT CHARSET=utf8;
/*!40101 SET character_set_client = @saved_cs_client */;

--
-- Dumping data for table `scolarships`
--

LOCK TABLES `scolarships` WRITE;
/*!40000 ALTER TABLE `scolarships` DISABLE KEYS */;
INSERT INTO `scolarships` VALUES (1,'Secundaria',NULL),(2,'Preparatoria',NULL),(3,'Universitario',NULL),(4,'Maestria',NULL),(5,'Doctorado',NULL);
/*!40000 ALTER TABLE `scolarships` ENABLE KEYS */;
UNLOCK TABLES;

--
-- Table structure for table `sysparams`
--

DROP TABLE IF EXISTS `sysparams`;
/*!40101 SET @saved_cs_client     = @@character_set_client */;
/*!40101 SET character_set_client = utf8 */;
CREATE TABLE `sysparams` (
  `key` varchar(45) collate utf8_spanish_ci NOT NULL,
  `value` varchar(150) collate utf8_spanish_ci NOT NULL,
  `deleteable` char(1) collate utf8_spanish_ci NOT NULL default '1',
  PRIMARY KEY  (`key`),
  UNIQUE KEY `key_UNIQUE` (`key`)
) ENGINE=InnoDB DEFAULT CHARSET=utf8 COLLATE=utf8_spanish_ci;
/*!40101 SET character_set_client = @saved_cs_client */;

--
-- Dumping data for table `sysparams`
--

LOCK TABLES `sysparams` WRITE;
/*!40000 ALTER TABLE `sysparams` DISABLE KEYS */;
INSERT INTO `sysparams` VALUES ('tam_grupo','15','0');
/*!40000 ALTER TABLE `sysparams` ENABLE KEYS */;
UNLOCK TABLES;

--
-- Table structure for table `users`
--

DROP TABLE IF EXISTS `users`;
/*!40101 SET @saved_cs_client     = @@character_set_client */;
/*!40101 SET character_set_client = utf8 */;
CREATE TABLE `users` (
  `id_user` int(11) NOT NULL auto_increment,
  `names` varchar(100) NOT NULL,
  `parent_names` varchar(100) default NULL,
  `genre` varchar(1) NOT NULL,
  `born` date default NULL,
  `email` varchar(100) NOT NULL,
  `scolarship` int(11) default NULL,
  `assistance` varchar(1) default 'N',
  `id_group` int(11) default NULL,
  `usrnm` varchar(20) default NULL,
  `id_usertype` int(11) default '5',
  `id_modality` int(11) default NULL,
  `notes` varchar(500) default NULL,
  `registered` timestamp NULL default NULL,
  `id_country` char(3) default 'MEX',
  `psswrd` text,
  `id_headquarters` int(11) NOT NULL,
  `id_city` int(11) default NULL,
  `id_publicity` int(11) default NULL,
  `hosted` varchar(1) default 'Y',
  `pays` int(11) default NULL,
  `maternal_name` varchar(100) default NULL,
  `checked` int(1) NOT NULL default '0',
  PRIMARY KEY  (`id_user`),
  UNIQUE KEY `email_UNIQUE` (`email`),
  UNIQUE KEY `username_UNIQUE` (`usrnm`),
  KEY `fk_users_1_idx` (`scolarship`),
  KEY `fk_users_2_idx` (`id_usertype`),
  KEY `fk_users_3_idx` (`id_modality`),
  KEY `fk_users_4_idx` (`id_group`),
  KEY `fk_users_6_idx` (`id_headquarters`),
  KEY `fk_users_7_idx` (`id_city`),
  KEY `fk_users_8_idx` (`id_publicity`),
  CONSTRAINT `fk_users_1` FOREIGN KEY (`scolarship`) REFERENCES `scolarships` (`id_scolarship`) ON DELETE SET NULL ON UPDATE CASCADE,
  CONSTRAINT `fk_users_2` FOREIGN KEY (`id_usertype`) REFERENCES `usertypes` (`id_usertype`) ON DELETE SET NULL ON UPDATE CASCADE,
  CONSTRAINT `fk_users_3` FOREIGN KEY (`id_modality`) REFERENCES `modalities` (`id_modality`) ON DELETE SET NULL ON UPDATE CASCADE,
  CONSTRAINT `fk_users_4` FOREIGN KEY (`id_group`) REFERENCES `groups` (`id_group`) ON DELETE NO ACTION ON UPDATE NO ACTION,
  CONSTRAINT `fk_users_7` FOREIGN KEY (`id_city`) REFERENCES `cities` (`id_city`) ON DELETE SET NULL ON UPDATE CASCADE,
  CONSTRAINT `fk_users_8` FOREIGN KEY (`id_publicity`) REFERENCES `publicities` (`id_publicity`) ON DELETE SET NULL ON UPDATE CASCADE
) ENGINE=InnoDB AUTO_INCREMENT=129285 DEFAULT CHARSET=utf8;
/*!40101 SET character_set_client = @saved_cs_client */;

--
-- Dumping data for table `users`
--

LOCK TABLES `users` WRITE;
/*!40000 ALTER TABLE `users` DISABLE KEYS */;
INSERT INTO `users` VALUES (100001,'Administrador','del','M','2014-06-03','admin@iyf.com',3,'0',1,'admin',1,NULL,NULL,'2014-07-03 20:18:47','MEX','78411ae77a086e8b8fa2730b7b065e04',1,2551,NULL,'0',25,'sistema',0),(128002,'Gicela Dennise','González','F','1991-10-10','g.dhenniseexp@hotmail.com',3,'1',1,NULL,5,1,NULL,'2014-08-01 19:05:16','MEX',NULL,7,2568,8,'1',700,'Sánchez',0),(128003,'Wendy Yesenia','Martinez','F','1996-04-16','wenses.bcj101@gmail.com',2,'0',1,NULL,5,3,NULL,'2014-08-01 19:16:38','MEX',NULL,1,3583,10,'0',350,'Perez',0),(128005,'Mariel','Serna','F','1995-02-02','serna.mariel1@outlook.com',3,'1',1,NULL,5,2,NULL,'2014-08-01 19:22:32','MEX',NULL,1,2593,8,'1',700,'Teran',0),(128006,'LESLY PALOMA','GUERRERO ','F','1996-09-27','-',2,'0',1,NULL,5,1,NULL,'2014-08-01 19:23:29','MEX',NULL,7,NULL,8,'1',700,'VELEZ',0),(128007,'FERNANDO','GUERRERO','M','1989-09-19','fernandogvelez.89@gmail.com',4,'0',1,NULL,5,1,NULL,'2014-08-01 19:35:05','MEX',NULL,7,2523,8,'1',700,'VÉLEZ',0),(128008,'Javier Armando ','Jimenez','M','1999-02-02','javier_drf@hotmail.com',2,'0',1,NULL,5,1,NULL,'2014-08-01 19:38:52','MEX',NULL,8,2518,9,'1',700,'Ortega',0),(128009,'Viviana','Lopez','F','1993-04-20','ivivana_flor@hotmail.com',3,'1',1,NULL,5,4,NULL,'2014-08-01 19:39:42','MEX',NULL,1,3583,10,'1',700,'Sanchez',0),(128010,'KATIA ','VÁZQUEZ','F','1995-04-05','katia.vazquez@outlook.com',3,'0',1,NULL,5,1,NULL,'2014-08-01 19:39:43','MEX',NULL,7,2568,8,'1',700,'RODRÍGUEZ',0),(128011,'Florencio','Lazo','M','1976-12-27','flazo@iyf.com',1,'0',1,NULL,5,3,NULL,'2014-08-01 19:39:53','MEX',NULL,5,2548,10,'1',700,'Elias',0),(128012,'Gerardo','Cervantes','M','1997-02-02','batcontry.1@hotmail.com',2,'0',1,NULL,5,1,NULL,'2014-08-01 19:44:44','MEX',NULL,8,2518,8,'1',700,'Sanchez',0),(128013,'Pablo Paulino','Hernandez','M','2001-09-24','pablobo@hotmail.ovi',1,'1',1,NULL,5,4,NULL,'2014-08-01 19:45:37','MEX',NULL,1,3588,10,'1',700,'Kanchi',0),(128014,'Yodira Coral','Victoria','F','2000-08-25','coraline2000@hotmail.com',1,'0',1,NULL,5,4,NULL,'2014-08-01 19:47:39','MEX',NULL,11,2534,8,'1',700,'Hernandez',0),(128015,'RUTH IDALIA ','BAUTISTA','F','1966-02-14','ruth-bt@hotmail.com',3,'1',1,NULL,5,1,NULL,'2014-08-01 19:50:52','MEX',NULL,7,2542,8,'1',700,'TREVIÑO',0),(128016,'Ketzalli','Gomez','F','1996-03-26','lizbb_vip@hotmail.com',3,'1',1,NULL,5,4,NULL,'2014-08-01 19:51:45','MEX',NULL,1,3595,10,'1',700,'Reyes',0),(128017,'Anahi','Apango ','F','1992-02-02','anahi_ap@telcel.com',3,'0',1,NULL,5,1,NULL,'2014-08-01 19:52:21','MEX',NULL,8,2518,8,'1',700,'Alvarez',0),(128018,'TAMARA ADRIANA','TAMAYO','F','1995-04-01','tamara.stamayo@gmail.com',3,'0',1,NULL,5,1,NULL,'2014-08-01 19:56:12','MEX',NULL,7,2523,8,'1',700,'SÁNCHEZ',0),(128019,'Arabella','Kanchi','M','1965-05-20','mariaracan@gmail.com',3,'1',1,NULL,5,4,NULL,'2014-08-01 19:57:09','MEX',NULL,1,3588,10,'0',350,'Gonzalez',0),(128020,'Ruth Noemi ','Rocha','F','1983-04-21','mimi_8.22@hotmail.com',2,'0',1,NULL,5,5,NULL,'2014-08-01 19:58:31','MEX',NULL,7,2568,8,'1',700,'Nava',0),(128021,'Jose Manuel','Soriano','M','1991-02-02','yesuck_tik@hotmail.com',3,'0',1,NULL,5,1,NULL,'2014-08-01 19:58:38','MEX',NULL,8,2518,8,'1',700,'Cosme',0),(128022,'Beatriz','Santiago ','F','1972-09-05','bsantiago@iyf.com',1,'0',1,NULL,5,4,NULL,'2014-08-01 19:58:43','MEX',NULL,3,2546,10,'1',700,'Bautista',0),(128023,'Yeongwon','kim','F','1995-05-23','kjbh8742@naver.com',3,'0',1,NULL,5,4,NULL,'2014-08-01 20:02:06','MEX',NULL,1,3583,NULL,'1',700,'',0),(128024,'Luis Arturo','Soto','M','1991-02-02','mocarthur_09@hotmail.com',3,'0',1,NULL,5,2,NULL,'2014-08-01 20:04:14','MEX',NULL,8,2518,8,'1',700,'Castro',0),(128025,'Raul','Vega','M','2000-02-11','raul_iyf_2012@hotmail.com',1,'1',1,NULL,5,4,NULL,'2014-08-01 20:04:45','MEX',NULL,5,2548,10,'1',700,'Villaseñor',0),(128026,'Marcos Yuyoung','Oh','M','1992-04-16','ojy911227@gmail.com',3,'0',1,NULL,5,4,NULL,'2014-08-01 20:06:22','MEX',NULL,1,3583,10,'1',700,'xxx',0),(128027,'Margarita','Diaz','F','1965-09-04','mdiaz@iyf.com',1,'1',1,NULL,5,4,NULL,'2014-08-01 20:09:20','MEX',NULL,3,2572,10,'1',700,'Olivares',0),(128028,'Maria del Rocio','Cano','F','1985-05-05','mcano@iyf.com',2,'0',1,NULL,5,1,NULL,'2014-08-01 20:09:55','MEX',NULL,1,2517,1,'0',350,'Rojas',0),(128029,'Jose Arturo','Soto','M','1973-02-02','impresosluark@hotmail.com',2,'0',1,NULL,5,1,NULL,'2014-08-01 20:10:24','MEX',NULL,8,2518,8,'1',700,'Balderas',0),(128030,'Alan Giovanni','Mendez','M','1993-09-15','alan_mendez93@hotmail.es',2,'1',1,NULL,5,2,NULL,'2014-08-01 20:14:21','MEX',NULL,1,3592,10,'1',700,'Lopez',0),(128031,'Laura Elvia','Jimenez','F','1971-07-04','laujimenez@yahoo.com.mx',3,'0',1,NULL,5,2,NULL,'2014-08-01 20:17:17','MEX',NULL,3,2529,10,'0',350,'Dominguez',0),(128032,'Jose Carlos','Recinos','F','1977-05-25','carlos.iyf@gmail.com',3,'0',1,NULL,5,4,NULL,'2014-08-01 20:17:20','MEX',NULL,11,2534,8,'1',700,'Irene',0),(128033,'Ana Lilia','Mejia','F','1992-07-17','carpe.diem_ergosum@hotmail.com',3,'1',1,NULL,5,2,NULL,'2014-08-01 20:18:42','MEX',NULL,1,3593,10,'1',700,'Yanez',0),(128034,'Ana Nayeli','Castillo','F','2001-02-02','Ana_Nayeli01@hotmail.com',1,'1',1,NULL,5,2,NULL,'2014-08-01 20:19:58','MEX',NULL,1,2548,8,'1',700,'Alacio',0),(128035,'Andrea','Na','F','1994-06-14','ca6597@naver.com',3,'0',1,NULL,5,4,NULL,'2014-08-01 20:22:59','MEX',NULL,1,3583,10,'1',700,'x',0),(128036,'DAMARIS VIANEY','GUERRERO','F','1999-02-22','consedavid@hotmail.com',2,'0',1,NULL,5,1,NULL,'2014-08-01 20:23:03','MEX',NULL,7,2684,8,'1',700,'VÉLEZ',0),(128037,'Alexinder','Rivera','M','2002-09-04','alex_inder22@hotmail.com',1,'0',1,NULL,5,4,NULL,'2014-08-01 20:24:00','MEX',NULL,7,2568,2,'1',700,'Gonzalez',0),(128038,'JOSÉ ','DE LEÓN','F','1998-02-21','diegodeleonpaz98@gmail.com',2,'0',1,NULL,5,1,NULL,'2014-08-01 20:26:04','MEX',NULL,7,2636,8,'1',700,'PAZ',0),(128039,'Cristina','Lee','F','1994-04-16','tnwjd2944@nate.com',3,'0',1,NULL,5,4,NULL,'2014-08-01 20:26:06','MEX',NULL,1,3583,10,'1',700,'',0),(128040,'Delfina','Jimenez','F','1968-06-02','djimenez@hotmail.com',1,'0',1,NULL,5,4,NULL,'2014-08-01 20:28:03','MEX',NULL,3,2546,10,'1',700,'Cruz',0),(128041,'Soomin','Yoo','F','1990-05-01','ysm3262@gmail.com',3,'0',1,NULL,5,4,NULL,'2014-08-01 20:28:08','MEX',NULL,1,3583,10,'1',700,'',0),(128042,'JOSÉ LUIS','SAGREGO','M','1983-06-10','jlveloz@hotmail.com',3,'1',1,NULL,5,1,NULL,'2014-08-01 20:29:39','MEX',NULL,7,2568,8,'1',700,'VELÓZ',0),(128043,'Lilian','Victoria','F','1967-03-25','1.1_090767@hotmail.com',2,'0',1,NULL,5,4,NULL,'2014-08-01 20:30:58','MEX',NULL,11,2534,8,'1',700,'Hernandez',0),(128044,'Roselia','Estrada ','F','1963-07-23','restrada@iyf.com',1,'0',1,NULL,5,4,NULL,'2014-08-01 20:33:42','MEX',NULL,3,2546,10,'1',700,'Marquez',0),(128045,'Karen','Castro','F','1973-02-02','KCastro@iyf.com',2,'0',1,NULL,5,1,NULL,'2014-08-01 20:35:42','MEX',NULL,8,2518,8,'1',700,'Leon',0),(128046,'Silvia','Cruz','F','1989-02-02','biochivita@hotmail.com',3,'1',1,NULL,5,4,NULL,'2014-08-01 20:41:13','MEX',NULL,1,2519,10,'0',350,'Hernandez',0),(128047,'Macrina','Rivera','F','1954-02-02','macrina.rivera@yahoo.com.mx',4,'1',1,NULL,5,1,NULL,'2014-08-01 20:47:32','MEX',NULL,1,2548,8,'1',700,'Villagran',0),(128048,'Luis Eduerde ','Martinez','M','2000-11-28','dward_awake@hotmail.com',1,'1',1,NULL,5,4,NULL,'2014-08-01 20:50:17','MEX',NULL,5,2548,10,'1',700,'Lopez',0),(128049,'Daniel','Kwon','M','1995-08-16','myvj123@naver.com',3,'0',1,NULL,5,4,NULL,'2014-08-01 20:50:28','MEX',NULL,1,3583,10,'1',700,'',0),(128050,'EunSil','Yun','F','1995-04-16','dds01263@nate.com',3,'0',1,NULL,5,4,NULL,'2014-08-01 20:52:26','MEX',NULL,1,3583,10,'1',700,'',0),(128051,'Duviareli','Figueroa','F','1993-08-12','ar_eli_6@hotmail.com',3,'1',1,NULL,5,4,NULL,'2014-08-01 20:52:45','MEX',NULL,3,2546,10,'1',700,'Estrada',0),(128052,'Rosa Maria Laura','Orrego','F','1956-02-02','paris2656@yahoo.com.mx',4,'0',1,NULL,5,1,NULL,'2014-08-01 20:53:28','MEX',NULL,1,3583,1,'1',700,'Sanchez',0),(128053,'Jacob','Jeong','M','1992-04-12','jjs2783@naver.com',3,'0',1,NULL,5,4,NULL,'2014-08-01 20:55:29','MEX',NULL,1,3583,10,'1',700,'x',0),(128054,'Vanesa Yidith','Rivera','F','1995-07-14','zzyudithclackrg@live.com.mx',3,'0',1,NULL,5,3,NULL,'2014-08-01 20:56:41','MEX',NULL,7,2568,8,'1',700,'Gonzalez',0),(128055,'Daniel','Anaya','M','1999-07-23','iyf_dany_boy@hotmail.com',2,'1',1,NULL,5,4,NULL,'2014-08-01 20:57:18','MEX',NULL,3,2546,10,'1',700,'Modesto',0),(128056,'Pedro Jesus ','Garcia ','M','1995-02-02','Jesusgarcia95@outlook.com',3,'1',1,NULL,5,1,NULL,'2014-08-01 20:58:08','MEX',NULL,1,2593,8,'1',700,'Garcia',0),(128057,'Marisol','Jimenez','F','1992-07-24','mary_ame92@hotmail.com',3,'0',1,NULL,5,2,NULL,'2014-08-01 20:58:25','MEX',NULL,1,3588,10,'1',700,'Perez',0),(128058,'Maria Fernanda','Mejia','F','1998-09-29','tamaki_touki@hotmail.com',2,'1',1,NULL,5,2,NULL,'2014-08-01 21:02:18','MEX',NULL,1,3593,10,'1',700,'Yañez',0),(128059,'Ana Gabriela','Garcia','F','1973-07-24','gabrielacomadent@hotmail.com',3,'0',1,NULL,5,1,NULL,'2014-08-01 21:03:28','MEX',NULL,3,2529,10,'1',700,'Robles',0),(128060,'María Isabel','Victoria','M','1993-09-22','yonguani@hotmail.com',2,'0',1,NULL,5,4,NULL,'2014-08-01 21:04:13','MEX',NULL,11,2534,2,'1',700,'Hernandez',0),(128061,'Valeria','Cravioto','F','1993-08-25','valecravitz@gmail.com',3,'0',1,NULL,5,4,NULL,'2014-08-01 21:09:05','MEX',NULL,1,3592,10,'1',700,'Medina',0),(128062,'Claudia Angelica','Martinez','F','1995-09-21','anmariz17@hotmail.com',3,'1',1,NULL,5,3,NULL,'2014-08-01 21:09:34','MEX',NULL,5,2548,10,'1',700,'Lopez',0),(128063,'Raul Eduardo','Segura','M','1967-08-09','raul.comadent@hotmail.com',3,'0',1,NULL,5,5,NULL,'2014-08-01 21:09:52','MEX',NULL,3,2529,10,'1',700,'Gomez',0),(128064,'Monica Estephanie','De Leon','F','1993-02-02','estephanie_deleon_92@hotmail.com',2,'0',1,NULL,5,1,NULL,'2014-08-01 21:09:55','MEX',NULL,1,NULL,2,'1',700,'Hernandez',0),(128065,'Brenda Gabriela','Valencia ','F','1994-02-14','bgvalencia18@gmail.com',3,'0',1,NULL,5,4,NULL,'2014-08-01 21:11:25','MEX',NULL,1,3593,10,'1',700,'Rodriguez',0),(128066,'Fernando','Ramos','M','1980-12-26','framos_4029@hotmail.com',3,'0',1,NULL,5,5,NULL,'2014-08-01 21:13:32','MEX',NULL,7,2542,10,'1',700,'Lara',0),(128067,'Rodrigo','Segura ','M','1994-06-08','rsegura@iyf.com',3,'0',1,NULL,5,1,NULL,'2014-08-01 21:13:52','MEX',NULL,3,2529,8,'1',700,'Gomez',0),(128068,'Cynthia ','Sanchez','F','1997-02-14','sam201109@hotmail.com',2,'1',1,NULL,5,4,NULL,'2014-08-01 21:15:39','MEX',NULL,1,3592,10,'1',700,'Cravioto',0),(128069,'Rocio','Doroteo','F','1981-05-16','rosydoroteo@hotmail.com',3,'0',1,NULL,5,4,NULL,'2014-08-01 21:17:14','MEX',NULL,7,2542,10,'1',700,'Acevedo',0),(128070,'Vania ','Cravioto','F','1997-02-14','vainillalizeth@hotmail.com',2,'0',1,NULL,5,4,NULL,'2014-08-01 21:17:47','MEX',NULL,1,3592,10,'1',700,'Medina',0),(128071,'SeungJoo','Han','M','1995-02-14','brinicle73@hotmail.com',3,'0',1,NULL,5,4,NULL,'2014-08-01 21:20:15','MEX',NULL,1,3583,10,'1',700,'x',0),(128072,'Andrea','Damian','F','1999-02-02','dreakiralover@gmail.com',2,'1',1,NULL,5,1,NULL,'2014-08-01 21:21:30','MEX',NULL,1,3585,9,'0',350,'Moran',0),(128073,'Francisco Javier','Mejía','M','1994-05-29','francisco_me.jia@outlook.com',3,'0',1,NULL,5,1,NULL,'2014-08-01 21:21:41','MEX',NULL,1,NULL,1,'1',700,'Cabrera',0),(128074,'Talia Marlen ','Pinal','F','1991-08-18','talia_0202@hotmail.com',3,'1',1,NULL,5,5,NULL,'2014-08-01 21:22:48','MEX',NULL,7,2523,10,'1',700,'Guzman',0),(128075,'Janna','Rivera','F','2002-04-28','janna_tamar@hotmail.com',1,'0',1,NULL,5,4,NULL,'2014-08-01 21:24:36','MEX',NULL,1,3593,10,'1',700,'Contreras',0),(128076,'Diana Esbeida','Juan','F','1991-02-02','dianaesbeida@gmail.com',3,'1',1,NULL,5,1,NULL,'2014-08-01 21:24:57','MEX',NULL,1,3588,8,'1',700,'Martinez',0),(128077,'Gerardo','Figueroa','M','1996-08-03','geritap_iyf@hotmail.com',2,'1',1,NULL,5,5,NULL,'2014-08-01 21:25:00','MEX',NULL,3,2546,2,'1',700,'Estrada',0),(128078,'Oseas','Cortez','M','1950-05-06','ocortez@iyf.com',3,'0',1,NULL,5,4,NULL,'2014-08-01 21:27:12','MEX',NULL,11,2534,8,'1',700,'Mejia',0),(128079,'Karen Alejandra','Perez','F','2001-12-15','karen_alejandra@live.com.mx',1,'1',1,NULL,5,4,NULL,'2014-08-01 21:27:41','MEX',NULL,1,3583,10,'1',700,'Vazquez',0),(128080,'Emily Josue','Artigas','F','1997-02-02','jcam_669@hotmail.com',2,'1',1,NULL,5,1,NULL,'2014-08-01 21:29:22','MEX',NULL,6,2516,1,'1',700,'Escorcia',0),(128081,'Ticho','Bernal','M','1969-06-24','tichobernal@hotmail.com',1,'0',1,NULL,5,4,NULL,'2014-08-01 21:29:59','MEX',NULL,3,2548,10,'0',350,'Garrido',0),(128082,'Victor Manuel','Cortez ','M','1991-11-12','craco75@gmail.com',3,'1',1,NULL,5,4,NULL,'2014-08-01 21:31:05','MEX',NULL,1,3583,10,'1',700,'Gomez',0),(128083,'Veneranda','Barrueta','F','1977-12-26','Vene_bar@yahoo.com.mx',3,'0',1,NULL,5,3,NULL,'2014-08-01 21:31:53','MEX',NULL,11,2534,2,'1',700,'Roman',0),(128084,'Eduardo ','Rodriguez','M','1992-08-29','lalo_rsk@hotmail.com',3,'0',1,NULL,5,4,NULL,'2014-08-01 21:34:13','MEX',NULL,1,3593,10,'1',700,'Resendiz',0),(128085,'Maria','Bernal','F','2000-04-16','mariaconsueloharris@hotmail.com',1,'0',1,NULL,5,4,NULL,'2014-08-01 21:35:40','MEX',NULL,3,2548,1,'0',350,'Zamora',0),(128086,'Yunany','Cervantes','F','1997-01-06','yunany_cer@me.com',2,'1',1,NULL,5,4,NULL,'2014-08-01 21:37:51','MEX',NULL,7,2542,10,'1',700,'Rodriguez',0),(128087,'Noemi','Tellez','F','1997-06-11','noemi_iyf@hotmail.com',2,'1',1,NULL,5,5,NULL,'2014-08-01 21:40:34','MEX',NULL,3,2572,10,'1',700,'Diaz',0),(128088,'Jonathan Osvaldo','Jacome','M','1982-09-18','jcosv@live.com',2,'0',1,NULL,5,4,NULL,'2014-08-01 21:40:49','MEX',NULL,1,3593,2,'1',700,'Camacho',0),(128089,'Jose Rul','Camacho','M','1989-02-02','JCamacho@iyf.com',3,'1',1,NULL,5,1,NULL,'2014-08-01 21:40:56','MEX',NULL,1,3593,1,'1',700,'Bocanegra',0),(128090,'Uziel Jesus','Lazo','M','1996-02-25','uziellazo@gimail.com',4,'1',1,NULL,5,3,NULL,'2014-08-01 21:43:42','MEX',NULL,5,2548,10,'1',700,'Castillo',0),(128091,'Alan Emanuel','Valdes','M','2001-10-23','emanuelalan@hotmail.com',1,'0',1,NULL,5,4,NULL,'2014-08-01 21:44:26','MEX',NULL,1,3593,10,'1',700,'Rosales',0),(128092,'Maria de la Luz ','Velazquez','F','1995-02-02','Jungsookkim948@gmail.com',2,'0',1,NULL,5,1,NULL,'2014-08-01 21:46:13','MEX',NULL,6,2545,2,'1',700,'Mitzui',0),(128093,'Samantha','Sanchez','F','0000-00-00','ssanchez@iyf.com',3,'1',1,NULL,5,4,NULL,'2014-08-01 21:48:30','MEX',NULL,1,3592,8,'1',700,'Cravioto',0),(128094,'David','Rocha','M','1959-04-11','drocha@iyf.com',1,'1',1,NULL,5,5,NULL,'2014-08-01 21:49:58','MEX',NULL,7,2568,10,'1',700,'Meza',0),(128095,'Angeles','Moreno','F','1966-09-13','amoreno@iyf.com',2,'0',1,NULL,5,4,NULL,'2014-08-01 21:51:30','MEX',NULL,1,3583,10,'1',700,'Perez',0),(128096,'Melannie Alejandra','Gonzalez ','F','1997-02-02','mely_ale_1904@hotmail.com',2,'0',1,NULL,5,1,NULL,'2014-08-01 21:52:39','MEX',NULL,6,2516,8,'1',700,'Martinez',0),(128097,'Luis Daniel','Flores','M','1996-03-30','luis1996daniel@hotmail.com',2,'0',1,NULL,5,4,NULL,'2014-08-01 21:54:02','MEX',NULL,5,2548,10,'1',700,'Gonzalez',0),(128098,'Felipe','Marquez','M','1983-02-14','fmarquez@iyf.com',1,'1',1,NULL,5,4,NULL,'2014-08-01 21:55:11','MEX',NULL,1,2529,10,'1',700,'Gonzalez',0),(128099,'Raul Fernando','Ramirez','M','1994-09-26','Tsukiergo113@hotmail.com',3,'1',1,NULL,5,1,NULL,'2014-08-01 21:56:27','MEX',NULL,1,3593,8,'1',700,'Corona',0),(128100,'Rocio Alejandra','Fregoso ','F','1979-02-02','reiga_orravan@hotmail.com',3,'1',1,NULL,5,1,NULL,'2014-08-01 21:57:57','MEX',NULL,6,2516,2,'1',700,'Navarro',0),(128101,'Xanat Almendra','Grajales','F','1987-04-16','xanat.almendra@hotmail.com',2,'0',1,NULL,5,4,NULL,'2014-08-01 21:57:59','MEX',NULL,1,3593,10,'1',700,'Ramirez',0),(128102,'Daniel Oseas ','Cortez','M','1980-05-05','Dantoy88@gmail.com',4,'0',1,NULL,5,3,NULL,'2014-08-01 21:59:06','MEX',NULL,11,2534,2,'1',700,'Muñoz',0),(128103,'Fernanda','Barrientos','F','1995-04-28','fers_berosas95@hotmail.com',3,'0',1,NULL,5,4,NULL,'2014-08-01 22:00:45','MEX',NULL,1,3588,10,'1',700,'Rosas',0),(128104,'Ana Gabriela','De La Cruz','F','1992-02-02','ana_gabrieladelaac@hotmail.com',3,'0',1,NULL,5,1,NULL,'2014-08-01 22:04:00','MEX',NULL,11,2534,1,'1',700,'Estrada',0),(128105,'Abraham','Ramos','M','1986-12-25','satryani222@hotmail.com',2,'0',1,NULL,5,4,NULL,'2014-08-01 22:04:14','MEX',NULL,1,3593,10,'1',700,'Ortega',0),(128106,'Catarino','Villanueva','M','1962-02-03','catarino02704@gmail.com',2,'1',1,NULL,5,5,NULL,'2014-08-01 22:05:48','MEX',NULL,7,2523,10,'1',700,'Leal',0),(128107,'Luis Ivan ','Recinos','M','1981-02-12','luisrecinosirene@hotmail.com',3,'0',1,NULL,5,4,NULL,'2014-08-01 22:07:32','MEX',NULL,1,3583,10,'1',700,'Irene',0),(128108,'Tadeo Israel','Zepeda','M','1991-09-05','formateur.canine@gmail.com',3,'0',1,NULL,5,1,NULL,'2014-08-01 22:07:47','MEX',NULL,6,2516,2,'1',700,'Montaño',0),(128109,'Cesar Andres','Lazo','M','2000-06-09','xezar_alc12@hotmail.com',1,'1',1,NULL,5,3,NULL,'2014-08-01 22:09:16','MEX',NULL,5,2548,10,'1',700,'Castllo',0),(128110,'Ruben ','Gonzalez ','M','1985-01-12','alksgonmat@hotmail.com',3,'0',1,NULL,5,4,NULL,'2014-08-01 22:11:37','MEX',NULL,1,3593,10,'1',700,'Matienzo',0),(128111,'Rebeca ','Rivas','F','1964-02-02','RRivas@iyf.com',2,'1',1,NULL,5,2,NULL,'2014-08-01 22:11:47','MEX',NULL,5,2682,10,'0',350,'Cuevas',0),(128112,'Maria Jose','Rendon','F','1997-06-25','Mari-coketa@hotmail.com',2,'0',1,NULL,5,2,NULL,'2014-08-01 22:12:28','MEX',NULL,1,3587,2,'1',700,'Rendon',0),(128113,'Sonia','Lopez','F','1976-03-04','sony75nov@hotmail.com',4,'0',1,NULL,5,4,NULL,'2014-08-01 22:13:42','MEX',NULL,11,2534,1,'1',700,'Fernandez',0),(128114,'Valeria ','Pantoja','F','1998-02-02','vspvaleria@outlook.es',2,'0',1,NULL,5,2,NULL,'2014-08-01 22:15:50','MEX',NULL,7,2533,8,'1',700,'Villalba',0),(128115,'Berta Monica','Tena','F','1972-08-09','Boonytena711129@hotmail.com',1,'0',1,NULL,5,3,NULL,'2014-08-01 22:19:55','MEX',NULL,11,2590,10,'1',700,'Cortez',0),(128116,'Ruth Elioenay','Contreras','F','1993-02-02','RContreras@iyf.com',3,'0',1,NULL,5,3,NULL,'2014-08-01 22:20:00','MEX',NULL,5,2548,10,'1',700,'Ramirez',0),(128117,'Eva','Monjes','F','1984-01-12','nesarang-iyf@hotmail.com',2,'0',1,NULL,5,4,NULL,'2014-08-01 22:20:56','MEX',NULL,1,3593,10,'1',700,'Rivera',0),(128118,'Ana Paola','Muñoz','F','1995-09-24','anapaomhdz@hotmail.com',3,'1',1,NULL,5,1,NULL,'2014-08-01 22:21:10','MEX',NULL,1,3585,8,'1',700,'Hernandez',0),(128119,'ERIKA MARINA','BERNAL','F','1994-08-26','soloerika@outlook.com',2,'0',1,NULL,5,1,NULL,'2014-08-01 22:22:34','MEX',NULL,11,2643,1,'1',700,'DE LA COLINA',0),(128120,'Fiorella','Ponce','F','1985-01-12','fiorella-ponce@hotmail.com',3,'0',1,NULL,5,4,NULL,'2014-08-01 22:23:53','MEX',NULL,1,3593,10,'1',700,'Panaifo',0),(128121,'Mario Abraham','Rodriguez','M','1982-09-13','mauricio-iyf@hotmail.com',1,'0',1,NULL,5,4,NULL,'2014-08-01 22:26:14','MEX',NULL,1,3593,10,'1',700,'Resendiz',0),(128122,'Mario ','Rincon','M','1997-02-02','mario.rincon7@hotmail.com',3,'0',1,NULL,5,1,NULL,'2014-08-01 22:26:34','MEX',NULL,7,2533,8,'1',700,'Cavazos',0),(128123,'Maria Imelda','Espinoza','F','1984-06-09','maria_imelda@hotmail.com',2,'0',1,NULL,5,5,NULL,'2014-08-01 22:27:11','MEX',NULL,7,2523,10,'1',700,'Coronado',0),(128124,'Fabiola','Balcazar','F','1988-09-12','f.balcazar@ebc.edu.mx',3,'1',1,NULL,5,4,NULL,'2014-08-01 22:28:36','MEX',NULL,1,3583,10,'1',700,'Moreno',0),(128125,'Elizabeth','Velasco','F','1994-02-25','eli_sobricaro@hotmail.com',2,'0',1,NULL,5,4,NULL,'2014-08-01 22:28:48','MEX',NULL,1,2551,10,'1',700,'Onecimo',0),(128126,'Mario Ivan ','Montalvo','M','1998-02-02','alejandra_gaytan9@hotmail.com',2,'1',1,NULL,5,1,NULL,'2014-08-01 22:29:43','MEX',NULL,7,2542,8,'1',700,'Gaytan',0),(128127,'Michelle','Morales','F','1994-09-18','michelleimp_29@hotmail.com',3,'0',1,NULL,5,4,NULL,'2014-08-01 22:31:18','MEX',NULL,1,3595,10,'1',700,'Pradis',0),(128128,'Humberto','Garza','M','1989-02-02','humberto-em@hotmail.com',3,'1',1,NULL,5,1,NULL,'2014-08-01 22:33:41','MEX',NULL,7,2542,8,'1',700,'Davila',0),(128129,'Rebeca','Rodriguez','F','1996-08-05','reberp@hotmail.com',2,'0',1,NULL,5,2,NULL,'2014-08-01 22:34:50','MEX',NULL,1,2544,1,'1',700,'Paez',0),(128130,'Aaron','Perez De Leon','M','1981-02-13','aaronpdlm@gmail.com',2,'1',1,NULL,5,4,NULL,'2014-08-01 22:35:35','MEX',NULL,1,2519,10,'0',350,'Maldonado',0),(128131,'jesus ivan','rodriguez','M','1997-11-06','grace97_2000@hotmail.com',2,'0',1,NULL,5,1,NULL,'2014-08-01 23:09:26','MEX',NULL,9,2516,8,'1',700,'anguiano',0),(128132,'Stephanie','','F','1994-03-11','vamploverbells@yahoo.com',3,'0',1,NULL,5,1,NULL,'2014-08-01 23:39:58','MEX',NULL,5,2548,8,'1',700,'Bautista',0),(128133,'Grecia','López','F','1994-11-14','space-acid@live.com',2,'0',1,NULL,5,1,NULL,'2014-08-02 01:29:31','MEX',NULL,1,2515,1,'1',700,'Chávez',0),(128134,'Rocio','Contreras','F','1982-04-16','janna_paul@hotmail.com',4,'0',1,NULL,5,4,NULL,'2014-08-02 03:19:28','MEX',NULL,1,3593,10,'1',700,'Ramirez',0),(128135,'Horlando Isaac','Rivera','M','1978-04-29','isaacrivera_iyf@hotmail.com',4,'0',1,NULL,5,4,NULL,'2014-08-02 03:22:19','MEX',NULL,1,3593,10,'1',700,'Ledesma',0),(128136,'Emmanuel','Flores','M','1990-09-19','mhnm0301@hotmail.com',2,'0',1,NULL,5,4,NULL,'2014-08-02 03:29:52','MEX',NULL,1,3583,10,'1',700,'Mercado',0),(128137,'Oscar Leonardo','Perez','M','1975-09-28','oscarpcnissan@gmail.com',4,'1',1,NULL,5,4,NULL,'2014-08-02 03:42:22','MEX',NULL,1,2525,10,'1',700,'Castro',0),(128138,'Juan','Cruz','M','1988-03-19','panque_juanmanuel@hotmail.com',2,'1',1,NULL,5,4,NULL,'2014-08-02 03:45:22','MEX',NULL,1,2529,10,'1',700,'Ortega',0),(128139,'Jiyeon','Kim','F','1982-07-18','Sinbi5458@hanmail.net',3,'0',1,NULL,5,4,NULL,'2014-08-02 03:48:02','MEX',NULL,1,3593,10,'1',700,'x',0),(128140,'Perla Violeta','Vazquez','F','1973-06-16','perla.violeta@live.com.mx',4,'1',1,NULL,5,4,NULL,'2014-08-02 03:52:02','MEX',NULL,1,2525,10,'1',700,'Rivera',0),(128141,'Jose Manuel','Valencia','M','1971-07-17','urimvalencia@hotmail.com',4,'0',1,NULL,5,4,NULL,'2014-08-02 03:55:14','MEX',NULL,1,3593,10,'1',700,'Ortega',0),(128142,'Genaro','Valdes','M','1972-09-11','genaro.valdes@hotmail.com',4,'0',1,NULL,5,4,NULL,'2014-08-02 03:58:32','MEX',NULL,1,3593,10,'1',700,'Doria',0),(128143,'Myriam Mercedes','Garcia','F','1981-04-25','myriam.garcia.pin.@gmail.com',3,'1',1,NULL,5,5,NULL,'2014-08-02 04:02:48','MEX',NULL,1,3586,10,'1',700,'Piñones',0),(128144,'Claudia Melissa','Lugo ','F','1994-09-18','melissa.lugo3@hotmail.com',3,'0',1,NULL,5,1,NULL,'2014-08-02 04:09:23','MEX',NULL,10,2521,2,'1',700,'Vazquez',0),(128145,'Celia','Ordoñez','F','1967-09-18','cordoñez@iyf.com',2,'1',1,NULL,5,4,NULL,'2014-08-02 04:15:45','MEX',NULL,2,NULL,10,'1',700,'Tellez',0),(128146,'Maria Santos','Cortes','F','1972-11-28','maryaie@hotmail.com',1,'1',1,NULL,5,4,NULL,'2014-08-02 04:19:18','MEX',NULL,2,NULL,10,'1',700,'Clemente',0),(128147,'Alejandro','Briseño','M','1995-08-15','alex13211@hotmail.com',2,'0',1,NULL,5,1,NULL,'2014-08-02 04:19:52','MEX',NULL,11,2590,2,'1',700,'Galeana',0),(128148,'Sonia','Anaya','F','1990-04-16','iyf_sonia_90@hotmail.com',2,'0',1,NULL,5,4,NULL,'2014-08-02 04:23:00','MEX',NULL,2,NULL,10,'1',700,'Modesto',0),(128150,'Ana Celia','Camacho','F','1991-09-27','ccamacho.ana@gmail.com',3,'0',1,NULL,5,1,NULL,'2014-08-02 04:31:46','MEX',NULL,9,2556,2,'1',700,'Garcia',0),(128151,'Ricardo','Palacios','M','1983-06-29','palaciosrh@hotmail.com',3,'0',1,NULL,5,1,NULL,'2014-08-02 04:42:12','MEX',NULL,8,2518,2,'1',700,'Hernandez',0),(128152,'Jessica Itzel','Cortes','F','1995-04-16','jcb_c13@hotmail.com',2,'0',1,NULL,5,1,NULL,'2014-08-02 04:45:05','MEX',NULL,1,3594,10,'0',350,'Botello',0),(128153,'Luis Enrique','Bautista','M','1995-09-18','luisenrique_2008@live.com.mx',3,'0',1,NULL,5,1,NULL,'2014-08-02 04:56:39','MEX',NULL,1,3588,8,'1',700,'Hernandez',0),(128154,'Victoria ','Lopez','F','1992-12-01','vianlt.92@gmail.com',3,'1',1,NULL,5,4,NULL,'2014-08-02 06:08:26','MEX',NULL,1,3581,10,'1',700,'Torres',0),(128156,'Alicia ','Meza','F','1989-12-23','alic.meza@gmail.com',3,'0',1,NULL,5,1,NULL,'2014-08-02 06:17:48','MEX',NULL,1,3587,2,'0',350,'Serrano',0),(128157,'Yaritza Abigail','Arauza','F','2000-04-16','yaag_lphm@hotmail.com',1,'0',1,NULL,5,1,NULL,'2014-08-02 06:21:58','MEX',NULL,7,2523,8,'1',700,'Garcia',0),(128158,'Romel ','Sanchez','M','1988-09-23','moradoverdelila@hotmail.com',2,'0',1,NULL,5,1,NULL,'2014-08-02 06:24:31','MEX',NULL,3,2588,8,'1',700,'Ramos',0),(128159,'Alejandro ','Arellano','M','1993-08-17','este_eselcorreodealex@hotmail.com',3,'0',1,NULL,5,1,NULL,'2014-08-02 06:28:24','MEX',NULL,1,3593,8,'1',700,'Payan',0),(128160,'Brisa','Peña','F','1996-09-28','asirbgomez@hotmail.com',3,'0',1,NULL,5,1,NULL,'2014-08-02 06:32:36','MEX',NULL,1,3595,10,'1',700,'Gomez',0),(128161,'Dinorah Lizeth','Contreras','F','1992-12-19','dinohliz@gmail.com',3,'1',1,NULL,5,1,NULL,'2014-08-02 06:35:07','MEX',NULL,1,3594,1,'1',700,'Aragon',0),(128162,'Ana Karen','Pulido','F','1995-12-13','qaren_zetha@hotmail.com',2,'1',1,NULL,5,1,NULL,'2014-08-02 06:38:18','MEX',NULL,1,2519,1,'1',700,'Saenz',0),(128163,'Idalid','De Leon ','F','1987-04-16','idalid_fq16@hotmail.com',3,'0',1,NULL,5,1,NULL,'2014-08-02 06:40:27','MEX',NULL,1,2519,1,'1',700,'Abundiz',0),(128164,'Grisel Patricia','Cortez','F','1997-09-19','grix.moon_blue@hotmail.com',2,'0',1,NULL,5,1,NULL,'2014-08-02 06:42:32','MEX',NULL,1,3581,1,'0',350,'Jimenez',0),(128165,'Oscar ','Bonilla','M','1992-11-12','oscarb1912@gmail.com',3,'0',1,NULL,5,4,NULL,'2014-08-02 06:44:37','MEX',NULL,1,3581,8,'1',700,'Juarez',0),(128166,'Adriana Lisset','Arellano','F','1998-09-18','adrilis_minho@hotmail.com',2,'0',1,NULL,5,1,NULL,'2014-08-02 06:47:18','MEX',NULL,1,2519,10,'1',700,'Rodriguez',0),(128167,'Said','Orozco','M','1988-04-12','item1987@live.com.mx',3,'1',1,NULL,5,4,NULL,'2014-08-02 06:49:22','MEX',NULL,1,2548,10,'1',700,'Acosta',0),(128168,'Raul Orlando','Hernandez','M','1993-03-24','rohk91@hotmail.com',3,'0',1,NULL,5,4,NULL,'2014-08-02 06:51:28','MEX',NULL,1,3588,10,'1',700,'Kanchi',0),(128169,'Lorena ','Rosales','F','1969-03-03','lrosales@iyf.com',2,'0',1,NULL,5,5,NULL,'2014-08-02 06:54:10','MEX',NULL,1,3593,10,'1',700,'Rojas',0),(128170,'Estrella','Zeng','F','1983-02-02','uenzi6618@hotmail.com',3,'1',1,NULL,5,4,NULL,'2014-08-02 06:56:25','MEX',NULL,1,2548,10,'0',350,'x',0),(128171,'Gerardo ','Labrada','M','1992-02-02','ktorro_iyf@hotmail.com',3,'1',1,NULL,5,4,NULL,'2014-08-02 06:58:26','MEX',NULL,1,3583,10,'0',350,'Rojas',0),(128172,'Evelyn Odette','Orozco','F','1992-03-04','ody-eve@hotmail.com',3,'1',1,NULL,5,4,NULL,'2014-08-02 07:00:34','MEX',NULL,1,2548,10,'1',700,'Acosta',0),(128173,'Yessika Ivette ','Hernandez','F','1992-02-08','yezzika_hdz@hotmail.com',3,'0',1,NULL,5,2,NULL,'2014-08-02 18:31:48','MEX',NULL,7,2579,8,'1',700,'Antonio',0),(128174,'Marco Antonio','Rivero','M','1994-09-13','lionheart091@hotmail.com',3,'0',1,NULL,5,1,NULL,'2014-08-02 18:32:11','MEX',NULL,1,3581,8,'1',700,'Tovar',0),(128176,'LeandraBelem','Ortega','M','1954-03-24','belemcamila1@hotmail.com',3,'0',1,NULL,5,4,NULL,'2014-08-02 18:36:22','MEX',NULL,1,3593,10,'1',700,'Alvarez',0),(128177,'Ruben Gerardo','Esqueda','M','1995-08-06','esqueda94g@hotmail.com',3,'1',1,NULL,5,4,NULL,'2014-08-02 18:36:22','MEX',NULL,7,2523,10,'1',700,'Bautista',0),(128178,'Xiadani','Sandoval','F','1997-08-04','xiadani_hsm@hotmail.com',2,'0',1,NULL,5,2,NULL,'2014-08-02 18:39:03','MEX',NULL,1,3585,1,'1',700,'Margalli',0),(128179,'Tiara','Ramos','F','2000-06-17','tiara.princes@hotmail.com',1,'1',1,NULL,5,4,NULL,'2014-08-02 18:39:25','MEX',NULL,1,3593,10,'1',700,'Ortega',0),(128180,'Yadira Elizabeth','Rodarte','F','1998-02-02','yaadiisrodaarte@gmail.com',2,'1',1,NULL,5,1,NULL,'2014-08-02 18:40:24','MEX',NULL,7,2533,8,'1',700,'De Leon',0),(128181,'Tiare','Ramos','F','2000-12-03','tiare.nena@hotmail.com',1,'1',1,NULL,5,4,NULL,'2014-08-02 18:41:39','MEX',NULL,1,3593,10,'1',700,'Ortega',0),(128182,'David Abraham ','Ruiz','M','1997-02-01','davidruizchavez@gmail.com',2,'0',1,NULL,5,4,NULL,'2014-08-02 18:42:11','MEX',NULL,7,2579,8,'1',700,'Chavez',0),(128183,'Francisco Rafael','Contreras','F','1978-08-01','myriam.garcia.pin@gmail.com',3,'1',1,'rcontreras',1,7,NULL,'2014-08-02 18:44:30','MEX','827ccb0eea8a706c4c34a16891f84e7b',1,3586,10,'1',700,'Ramirez',0),(128184,'Haydee','Villatoro','F','1996-12-03','haydeevillatoro@gmail.com',2,'0',1,NULL,5,1,NULL,'2014-08-02 18:45:01','MEX',NULL,1,3585,1,'0',350,'Garcia',0),(128185,'Issac Alfonso','Espinosa','M','1994-09-06','Issacea0618@gmail.com',2,'0',1,NULL,5,4,NULL,'2014-08-02 18:46:39','MEX',NULL,11,2534,8,'1',700,'Anaya',0),(128186,'Blas','Chavez','M','1959-02-02','BChavez@iyf.com',1,'0',1,NULL,5,1,NULL,'2014-08-02 18:48:34','MEX',NULL,12,2547,10,'1',700,'Andrade',0),(128187,'Jeymmi Yoselin','Rivera','F','1991-03-04','jeymmi90@hotmail.com',3,'0',1,NULL,5,1,NULL,'2014-08-02 18:49:13','MEX',NULL,1,2544,9,'1',700,'Arteaga',0),(128188,'Carolina','Flores','F','1985-02-06','carofloresavelino@gmail.com',3,'0',1,NULL,5,1,NULL,'2014-08-02 18:51:03','MEX',NULL,3,2546,2,'0',350,'Avelino',0),(128189,'Karen Viridiana','Rivera','F','1989-02-15','karenvi_2009@hotmail.com',2,'0',1,NULL,5,1,NULL,'2014-08-02 18:51:46','MEX',NULL,1,2544,9,'1',700,'Arteaga',0),(128190,'Karina','Chimal','F','1995-04-23','yeya_71194@hotmail.com',2,'0',1,NULL,5,1,NULL,'2014-08-02 18:55:38','MEX',NULL,1,3588,8,'0',350,'Garcia',0),(128191,'Karen Alejandra ','Canul','F','1999-02-02','KCanul@iyf.com',1,'0',1,NULL,5,4,NULL,'2014-08-02 18:57:16','MEX',NULL,12,2547,10,'1',700,'Godinez',0),(128192,'Pablo','Choi','M','1983-09-05','choissea@gmail.com',3,'0',1,NULL,5,4,NULL,'2014-08-02 18:58:26','MEX',NULL,7,2568,1,'1',700,'',0),(128193,'Pedro','Cazares','F','1991-08-03','kimkyoah@gmail.com',3,'0',1,NULL,5,2,NULL,'2014-08-02 19:01:07','MEX',NULL,5,2548,8,'1',700,'Chaparro',0),(128194,'Itzia Monserrat ','Reyes','F','1998-02-02','itzia_imrg@hotmail.com',2,'1',1,NULL,5,1,NULL,'2014-08-02 19:01:47','MEX',NULL,7,2542,8,'1',700,'Guzman',0),(128195,'Jessica',' Chimal','F','1991-02-03','jessy20moon@hotmail.com',2,'0',1,NULL,5,1,NULL,'2014-08-02 19:02:38','MEX',NULL,1,3588,8,'0',350,'Garcia',0),(128196,'Daniel','Rosales','M','1988-09-03','hellssatan24@gmail.com',2,'0',1,NULL,5,4,NULL,'2014-08-02 19:02:51','MEX',NULL,7,2533,10,'1',700,'De la Rosa',0),(128197,'Paulo',' Rodrigues','M','1989-02-12','paulo-boreta@outlook.com',3,'0',1,NULL,5,4,NULL,'2014-08-02 19:05:47','MEX',NULL,1,3581,10,'0',350,'Moreta',0),(128198,'Hiram Ali','Bautista','M','1979-02-02','hirambautista@outlook.com',3,'1',1,NULL,5,1,NULL,'2014-08-02 19:05:57','MEX',NULL,7,2539,8,'1',700,'De la Cruz',0),(128199,'Gloria','Martinez','F','1986-04-12','yakuzoku_iyf@hotmail.com',2,'1',1,NULL,5,4,NULL,'2014-08-02 19:09:01','MEX',NULL,5,2548,10,'1',700,'Rodriguez',0),(128200,'Diana Paula','Hernandez','F','1997-08-08','fleurs_diana15@hotmail.com',2,'1',1,NULL,5,1,NULL,'2014-08-02 19:09:21','MEX',NULL,1,3588,1,'1',700,'Gonzalez',0),(128201,'Estephanie','Ortega','F','1997-02-02','stephane_ortga@gmail.com',2,'0',1,NULL,5,1,NULL,'2014-08-02 19:10:23','MEX',NULL,7,2533,8,'1',700,'Lopez',0),(128202,'Francisca','x','F','1955-02-22','fresendiz@iyf.com',4,'1',1,NULL,5,4,NULL,'2014-08-02 19:12:14','MEX',NULL,1,3593,10,'1',700,'Resendiz',0),(128203,'Magdalena','Hernandez','F','1957-04-07','mhernandezc@iyf.com',1,'1',1,NULL,5,3,NULL,'2014-08-02 19:12:49','MEX',NULL,5,2548,10,'1',700,'Catarina',0),(128204,'Jessica ','De Luna','F','1998-02-02','jessi.deluna@gmail.com',2,'0',1,NULL,5,1,NULL,'2014-08-02 19:13:32','MEX',NULL,7,2533,8,'1',700,'Navarro',0),(128205,'Kate Pamela','Hernandez','F','1994-07-04','star_kate@hotmail.com',1,'1',1,NULL,5,1,NULL,'2014-08-02 19:13:58','MEX',NULL,1,3588,1,'1',700,'Gonzales',0),(128206,'Brenda Daniela','Fuentes ','F','1996-02-22','yueyasha@hotmail.com',2,'0',1,NULL,5,1,NULL,'2014-08-02 19:15:25','MEX',NULL,1,3587,8,'0',350,'Salazar',0),(128207,'Celsa','Rodriguez','F','1960-02-02','CRodriguez@iyf.com',3,'1',1,NULL,5,1,NULL,'2014-08-02 19:18:08','MEX',NULL,7,2542,8,'1',700,'Mesta',0),(128208,'Angel ','Saldaña','M','1991-03-12','angel1990sv@hotmail.com',3,'0',1,NULL,5,1,NULL,'2014-08-02 19:18:19','MEX',NULL,1,NULL,8,'1',700,'Valdes',0),(128209,'Scarlett','Farfan','F','1994-07-23','scarlett_fabela05@hotmail.com',2,'0',1,NULL,5,2,NULL,'2014-08-02 19:19:15','MEX',NULL,1,3588,8,'0',350,'Fabela',0),(128210,'Atziry','Rodriguez','F','1995-05-25','aziiry_black_otaku@hotmail.com',3,'1',1,NULL,5,1,NULL,'2014-08-02 19:21:37','MEX',NULL,5,2548,2,'1',700,'Cerrillo',0),(128211,'Mabel','Cervantes','F','1988-02-02','MCervantes@iyf.com',3,'1',1,NULL,5,1,NULL,'2014-08-02 19:21:50','MEX',NULL,7,2542,8,'1',700,'Rodriguez',0),(128212,'Elemy','Espinoza','F','1990-07-05','nenaelemy@gmail.com',3,'0',1,NULL,5,1,NULL,'2014-08-02 19:23:34','MEX',NULL,1,3594,2,'1',700,'Ramirez',0),(128213,'Victor Hugo','Cortez','M','1972-02-09','respelmoreno@gmail.com',1,'0',1,NULL,5,4,NULL,'2014-08-02 19:24:20','MEX',NULL,11,2534,8,'1',700,'Mayen',0),(128214,'Adolfo','Esparza','M','1998-02-02','aesparza28@hotmail.com',2,'0',1,NULL,5,1,NULL,'2014-08-02 19:27:12','MEX',NULL,7,2533,8,'1',700,'Pequeño',0),(128215,'Dulce Madai ','Herreros','F','1992-09-26','sasuke-inuyasha07@hotmail.com',3,'1',1,NULL,5,2,NULL,'2014-08-02 19:31:24','MEX',NULL,1,2517,1,'1',700,'Lechuga',0),(128216,'Antonio S.','Vega','M','1952-02-08','avega@iyf.com',2,'0',1,NULL,5,1,NULL,'2014-08-02 19:31:39','MEX',NULL,11,NULL,8,'0',350,'Aranda',0),(128217,'Maria Jose','Sanroman','F','1996-02-22','anwarskins97@hotmail.com',2,'1',1,NULL,5,1,NULL,'2014-08-02 19:33:31','MEX',NULL,1,3595,1,'1',700,'Bojorquez',0),(128218,'Julio Cesar','Saldivar','M','1998-02-02','acunha.cesar@gmail.com',2,'1',1,NULL,5,1,NULL,'2014-08-02 19:34:41','MEX',NULL,7,2533,8,'1',700,'Acuña',0),(128219,'David Aaron','De Leon','M','1994-01-03','david_m_63@hotmail.com',3,'1',1,NULL,5,4,NULL,'2014-08-02 19:36:16','MEX',NULL,7,2542,10,'1',700,'Morales',0),(128220,'David Guillermo','Moreno','M','1998-02-02','david_lincemty@hotmail.com',2,'1',1,NULL,5,1,NULL,'2014-08-02 19:38:16','MEX',NULL,7,2533,1,'1',700,'Sierra',0),(128221,'Koral','Gutierrez','F','1997-09-05','lekkwolf@gmail.com',2,'0',1,NULL,5,1,NULL,'2014-08-02 19:38:28','MEX',NULL,1,2515,8,'0',350,'Perez',0),(128222,'Jod','Louis','M','1990-02-22','jodo_one@hotmail.com',3,'0',1,NULL,5,5,NULL,'2014-08-02 19:39:08','MEX',NULL,11,2534,8,'1',700,'',0),(128223,'Yesenia','Madero','F','1997-02-12','fumik_nikmik@hotmail.com',2,'0',1,NULL,5,4,NULL,'2014-08-02 19:43:01','MEX',NULL,5,NULL,2,'1',700,'Tejeda',0),(128224,'Daniela','Campos','F','1997-02-02','daniela11maonserrat@gmail.com',2,'1',1,NULL,5,1,NULL,'2014-08-02 19:44:05','MEX',NULL,1,3583,8,'1',700,'Gonzalez',0),(128225,'Ahide Monserrat','Baez','F','1993-11-11','ahidesina18@gmail',3,'0',1,NULL,5,1,NULL,'2014-08-02 19:44:33','MEX',NULL,1,2563,2,'1',700,'Hernandez',0),(128226,'Marisol','Rojas','F','1983-11-03','heidy_latina@hotmail.com',2,'1',1,NULL,5,1,NULL,'2014-08-02 19:44:48','MEX',NULL,5,2548,10,'1',700,'Flores',0),(128227,'Giovanna','Vazquez','F','1992-09-23','giovis_140791@hotmail.com',3,'1',1,NULL,5,1,NULL,'2014-08-02 19:46:46','MEX',NULL,1,3587,1,'1',700,'Muciño',0),(128228,'Monica Paola','De la Cruz','F','1999-02-02','paola.cruz@outlook.es',2,'0',1,NULL,5,1,NULL,'2014-08-02 19:47:03','MEX',NULL,7,2533,8,'1',700,'Salinas',0),(128229,'Jonathan','Vazquez','M','1996-05-25','jonhy_skro@hotmail.com',2,'1',1,NULL,5,1,NULL,'2014-08-02 19:49:03','MEX',NULL,1,3587,1,'1',700,'Muciño',0),(128230,'Ana Reina','Aguilar','F','1975-01-03','arag_75@hotmail.com',3,'1',1,NULL,5,5,NULL,'2014-08-02 19:49:10','MEX',NULL,6,2545,10,'1',700,'Gonzalez',0),(128231,'Abigail Neftali','Baez','F','1996-10-05','samiloca256-@hotmail.com',2,'0',1,NULL,5,1,NULL,'2014-08-02 19:50:18','MEX',NULL,1,2563,2,'1',700,'Hernandez',0),(128232,'Daniela Yolotl','Cortes','F','2000-02-02','danihighmore_03@hotmail.com',1,'1',1,NULL,5,1,NULL,'2014-08-02 19:50:40','MEX',NULL,1,3588,8,'0',350,'Fabela',0),(128233,'Ana Paulina','Bernal','F','1991-05-25','bh_262@hotmail.com',3,'0',1,NULL,5,1,NULL,'2014-08-02 19:52:27','MEX',NULL,11,2534,8,'1',700,' Velasco',0),(128234,'Itzel Deyanira','Gamboa','F','1994-02-06','itzel1073093@gmail.com',3,'0',1,NULL,5,5,NULL,'2014-08-02 19:53:04','MEX',NULL,7,2579,10,'1',700,'Silva',0),(128235,'Karen ','Paredes','F','1993-03-24','bkarenp18@hotmail.com',3,'1',1,NULL,5,1,NULL,'2014-08-02 19:54:39','MEX',NULL,3,2546,8,'1',700,'Macias',0),(128236,'Monica Yoalli','Moreno','F','1999-02-02','momomorenozavala@gmail.com',1,'1',1,NULL,5,1,NULL,'2014-08-02 19:54:57','MEX',NULL,1,3586,10,'1',700,'Zavala',0),(128237,'Karen Melissa','Guzman','F','1997-03-07','k.mgm@hotmail.com',3,'1',1,NULL,5,4,NULL,'2014-08-02 19:56:26','MEX',NULL,7,2533,10,'1',700,'Mata',0),(128238,'Maria Cristina ','Cardoza','F','1997-06-08','zoey_cristina1234@hotmail.com',2,'0',1,NULL,5,2,NULL,'2014-08-02 19:57:36','MEX',NULL,1,2544,1,'1',700,'Cardoza',0),(128240,'Concepsion','Hernandez','F','1955-05-03','chernandez@iyf.com',1,'0',1,NULL,5,4,NULL,'2014-08-02 20:01:20','MEX',NULL,11,NULL,8,'1',700,'Gaspar',0),(128241,'Abigail','Grajales','F','1979-04-24','abbichu7@gmail.com',3,'0',1,NULL,5,2,NULL,'2014-08-02 20:02:44','MEX',NULL,8,2518,10,'1',700,'Ramirez',0),(128242,'Lesly Jazmin','Lechuga ','F','1993-03-03','llechuga@iyf.com',2,'0',1,NULL,5,3,NULL,'2014-08-02 20:05:02','MEX',NULL,1,2515,8,'0',350,'Sanchez',0),(128243,'Oliva','Martinez','F','1970-02-02','oli-doxxa@hotmail.com',1,'0',1,NULL,5,4,NULL,'2014-08-02 20:06:59','MEX',NULL,9,NULL,10,'1',700,'Perez',0),(128244,'Sofia','Becerril','F','1997-05-25','chofis_962356@hotmail.com',5,'1',1,NULL,5,1,NULL,'2014-08-02 20:09:09','MEX',NULL,1,3595,8,'1',700,'Jardines',0),(128246,'Paulina Yareth','Patiño','F','1997-02-02','pau.yareth@hotmail.com',2,'0',1,NULL,5,4,NULL,'2014-08-02 20:16:21','MEX',NULL,9,NULL,10,'1',700,'Martinez',0),(128247,'Monica','Serrano','F','1987-02-02','moniks_ups@hotmail.com',3,'0',1,NULL,5,1,NULL,'2014-08-02 20:21:46','MEX',NULL,9,NULL,8,'1',700,'Morales',0),(128248,'Erika ','Reyes','F','1988-02-02','kika_anata@hotmail.com',3,'1',1,NULL,5,1,NULL,'2014-08-02 20:24:39','MEX',NULL,1,3590,8,'0',350,'Osorio',0),(128249,'Cecilia Vanessa','Acosta','F','1992-07-08','starz16@live.com.mx',3,'1',1,NULL,5,1,NULL,'2014-08-02 20:30:48','MEX',NULL,1,3593,2,'1',700,'Sanchez',0),(128250,'Adriana','Serrano','F','1993-02-02','adri_hipe@hotmail.com',3,'0',1,NULL,5,1,NULL,'2014-08-02 20:30:52','MEX',NULL,9,NULL,10,'1',700,'Morales',0),(128251,'Ma. Del Rocio','Ramirez','F','1958-08-06','RocioCelaya0258@hotmail.com',2,'1',1,NULL,5,3,NULL,'2014-08-02 20:33:14','MEX',NULL,5,2548,10,'1',700,'Celaya',0),(128252,'Mirtha Soledad','Garcia ','F','1988-04-23','mirtha.garcia@hotmail.es',3,'0',1,NULL,5,1,NULL,'2014-08-02 20:33:52','MEX',NULL,1,3583,10,'1',700,'Niño',0),(128253,'Erendida Susana','Meneses','F','1998-02-02','angel_susana_@hotmail.com',2,'1',1,NULL,5,4,NULL,'2014-08-02 20:34:13','MEX',NULL,1,3581,8,'1',700,'Ortega',0),(128254,'Lizbeth','Acosta','F','1996-06-30','izbeth_star95@hotmail.com',2,'1',1,NULL,5,2,NULL,'2014-08-02 20:36:40','MEX',NULL,1,3593,2,'1',700,'Sanchez',0),(128255,'Itzel ','Grajales','F','1994-05-15','paulitasykes11@gmail.com',2,'1',1,NULL,5,1,NULL,'2014-08-02 20:37:39','MEX',NULL,1,2519,1,'1',700,'Nicolas',0),(128256,'Gloria','Nolasco','F','1999-02-02','yayis.nolasco@hotmail.com',2,'0',1,NULL,5,1,NULL,'2014-08-02 20:37:45','MEX',NULL,7,2533,8,'1',700,'Hernadez',0),(128257,'Lorena','Benard','F','1965-08-06','lorenabenard@gmail.com',3,'1',1,NULL,5,1,NULL,'2014-08-02 20:38:14','MEX',NULL,6,2516,10,'1',700,'Escobosa',0),(128258,'Zoey Natalia','Pilar','F','1999-02-02','zoey_118@hotmail.com',2,'0',1,NULL,5,1,NULL,'2014-08-02 20:41:00','MEX',NULL,7,2533,8,'1',700,'Losquieanoslinea',0),(128260,'Danelly','Gamboa','F','1996-03-08','danegamboa@hotmail.com',3,'0',1,NULL,5,4,NULL,'2014-08-02 20:41:41','MEX',NULL,7,2579,10,'1',700,'Silva',0),(128262,'Norma Angelica','Gonzalez','F','1973-09-25','ngonzalez@iyf.com',2,'1',1,NULL,5,3,NULL,'2014-08-02 20:46:30','MEX',NULL,5,2548,10,'1',700,'Rubio',0),(128263,'Tania Juana Maria','Garcia','F','1992-02-02','tania501.hallyu_haruhiazuka@hotmail.com',2,'0',1,NULL,5,2,NULL,'2014-08-02 20:47:23','MEX',NULL,5,2548,2,'0',350,'Solis',0),(128264,'Diana Andrea','Medina','F','1993-07-24','shenolyta@hotmail.com',3,'1',1,NULL,5,2,NULL,'2014-08-02 20:47:42','MEX',NULL,1,2563,1,'1',700,'Martinez',0),(128265,'Jose Ashley','Sancen','M','1990-08-18','ashley.sancen@hotmail.com',3,'1',1,NULL,5,2,NULL,'2014-08-02 20:50:20','MEX',NULL,1,2517,10,'1',700,'Mendoza',0),(128266,'Circe','Ramo','F','1990-02-02','nyappy-cafekko@hotmail.com',3,'1',1,NULL,5,2,NULL,'2014-08-02 20:51:04','MEX',NULL,1,3592,8,'0',350,'Solorzano',0),(128267,'Roberto Gonzalo','Viezca','M','1975-12-29','gonzalo_viezca@hotmail.com',3,'0',1,NULL,5,5,NULL,'2014-08-02 20:51:16','MEX',NULL,6,2516,10,'1',700,'Loza',0),(128268,'Ana Paula ','Garcia','F','1997-08-06','paula_elf97@outlook.com',2,'0',1,NULL,5,1,NULL,'2014-08-02 20:52:06','MEX',NULL,1,3582,10,'0',350,'Flores',0),(128269,'Azahed Arturo','Hernandez','M','1993-12-15','pseudo_tanato@hotmail.com',2,'1',1,NULL,5,1,NULL,'2014-08-02 20:52:57','MEX',NULL,1,3582,8,'1',700,'Cuellar',0),(128270,'Aldriel','Velazquez','M','1986-02-02','xaldrielx@gmail.com',3,'1',1,NULL,5,2,NULL,'2014-08-02 20:54:23','MEX',NULL,1,3592,8,'0',350,'Ramo',0),(128271,'Liliana Abigail','Ruiz','F','1995-05-06','lilianaruiz_11@hotmail.com',3,'0',1,NULL,5,4,NULL,'2014-08-02 20:55:07','MEX',NULL,7,2523,8,'1',700,'Aboytes',0),(128272,'Liseth Paola','Perez de Leon','F','1996-10-02','liseth_pao_08@outlook.com',2,'0',1,NULL,5,1,NULL,'2014-08-02 20:57:03','MEX',NULL,1,2519,1,'1',700,'Hernandez',0),(128273,'Abril','Ramirez','F','1998-02-02','abrilconi@hotmail.com',2,'0',1,NULL,5,1,NULL,'2014-08-02 20:57:34','MEX',NULL,1,3590,10,'0',350,'Saucedo',0),(128274,'Mayte','Corona','F','1989-02-22','maytecorona@hotmail.com',3,'0',1,NULL,5,1,NULL,'2014-08-02 20:57:58','MEX',NULL,1,3580,2,'0',350,'Vargas',0),(128275,'Alan Missael','Luna','M','1995-03-09','alan_m_luna@hotmail.com',3,'1',1,NULL,5,3,NULL,'2014-08-02 20:59:58','MEX',NULL,7,2568,8,'1',700,'Aguiar',0),(128276,'Isis Areli','Ayon ','F','1991-09-07','iziadbrody@gmail.com',3,'1',1,NULL,5,1,NULL,'2014-08-02 21:03:42','MEX',NULL,1,2517,2,'1',700,'Delgado',0),(128277,'Denisse','Merlo','F','2000-02-02','airaim2002@hotmail.com',1,'0',1,NULL,5,1,NULL,'2014-08-02 21:03:56','MEX',NULL,1,2515,10,'0',350,'Ortega',0),(128278,'Diana','Barajas','F','1993-08-18','kim-ji-soo_@hotmail.com',3,'0',1,NULL,5,1,NULL,'2014-08-02 21:07:16','MEX',NULL,1,2601,2,'1',700,'Osorio',0),(128279,'Elena ','Saucedo','M','1979-02-02','curelena@hotmail.com',2,'0',1,NULL,5,1,NULL,'2014-08-02 21:08:23','MEX',NULL,1,3590,1,'0',350,'Ortega',0),(128280,'Diana','Santuriano','F','1994-02-02','dianasant-1993@hotmail.com',2,'1',1,NULL,5,1,NULL,'2014-08-02 21:12:31','MEX',NULL,1,3586,1,'1',700,'Flores',0),(128281,'Diana','Manjarrez','F','1991-05-16','artemiz02@hotmail.es',3,'0',1,NULL,5,1,NULL,'2014-08-02 21:12:40','MEX',NULL,11,2590,2,'1',700,'Perez',0),(128282,'Edith','Avila','F','1995-10-08','du.bistalle@hotmail.com',2,'0',1,NULL,5,1,NULL,'2014-08-02 21:14:54','MEX',NULL,1,3595,2,'0',350,'Cabello',0),(128283,'Katia','Chavez','F','1994-02-02','katy.ch.cas@hotmail.com',3,'0',1,NULL,5,1,NULL,'2014-08-02 21:20:39','MEX',NULL,1,3590,1,'0',350,'Catellanos',0),(128284,'Ericka Daniela','Alvarez','F','1993-06-17','erikadany13@hotmail.com',3,'0',1,NULL,5,1,NULL,'2014-08-02 21:21:28','MEX',NULL,1,2548,2,'0',350,'Angeles',0),(128285,'Ariadna ','Garcia ','F','1994-09-05','moka_san@live.com.mx',2,'1',1,NULL,5,1,NULL,'2014-08-02 21:22:21','MEX',NULL,1,3594,8,'0',350,'Hernandez',0),(128286,'Noelia del Rocio','Garcia','F','1974-05-03','asistentesdedireccion_unidos@yahoo.com.mx',3,'1',1,NULL,5,3,NULL,'2014-08-02 21:22:27','MEX',NULL,5,2548,10,'1',700,'Dominguez',0),(128287,'Karla Iranis','Maldonado','F','1991-02-02','karlaimg23@yahoo.com.mx',4,'1',1,NULL,5,1,NULL,'2014-08-02 21:26:27','MEX',NULL,5,2548,2,'1',700,'Garcia',0),(128288,'Aline Yael','Sanchez','F','1994-09-05','neko098@live.com',1,'1',1,NULL,5,1,NULL,'2014-08-02 21:27:32','MEX',NULL,1,3583,8,'1',700,'Ramirez',0),(128289,'Ashanti','Lopez','F','1992-02-02','ashantishalale_13@hotmail.com',3,'1',1,NULL,5,2,NULL,'2014-08-02 21:32:07','MEX',NULL,1,2592,8,'0',350,'Trejo',0),(128290,'Janine ','Colorado','F','1994-07-17','Sheijann@hotmail.com',3,'0',1,NULL,5,1,NULL,'2014-08-02 21:33:24','MEX',NULL,11,2590,2,'1',700,'Arevalo',0),(128291,'Anais Alyli','Breceda','F','1998-02-09','anaisbrecedac@hotmail.com',2,'0',1,NULL,5,2,NULL,'2014-08-02 21:34:34','MEX',NULL,7,2636,8,'1',700,'Cantu',0),(128292,'Jorge Luis','Gonzalez ','M','1993-02-02','otalumi@hotmail.com',3,'1',1,NULL,5,1,NULL,'2014-08-02 21:37:08','MEX',NULL,1,3583,8,'0',350,'Vargas',0),(128293,'Viridiana Angeles ','Vazquez','F','1995-10-09','luna164@live.com.mx',3,'0',1,NULL,5,1,NULL,'2014-08-02 21:37:47','MEX',NULL,1,3588,2,'1',700,'Luna',0),(128294,'Eloanaid','Labrada','F','1987-06-08','eloanaid_iyf@hotmail.com',3,'1',1,NULL,5,5,NULL,'2014-08-02 21:38:57','MEX',NULL,5,2548,10,'1',700,'Rojas',0),(128295,'Angelica Karen','Candia','F','1991-09-11','angel_candia_f@hotmail.com',3,'0',1,NULL,5,1,NULL,'2014-08-02 21:43:54','MEX',NULL,1,2601,2,'0',350,'Franco',0),(128296,'Nicte-ha Aline ','Soto','F','1996-09-05','tuto1704@hotmail.com',2,'1',1,NULL,5,1,NULL,'2014-08-02 21:45:15','MEX',NULL,1,3595,2,'1',700,'Maertinez',0),(128297,'Karen ','Garcia','F','1993-09-09','park.yong.won.kq@gmail.com',3,'1',1,NULL,5,1,NULL,'2014-08-02 21:47:43','MEX',NULL,1,3581,1,'0',350,'Quintero',0),(128298,'Lorena','Garcia','F','1996-09-09','lorenatonix@hotmail.com',2,'1',1,NULL,5,4,NULL,'2014-08-02 21:54:18','MEX',NULL,5,2577,10,'1',700,'Tonix',0),(128299,'Janeth Sarai','Guzman','F','1993-03-08','jnt_009@hotmail.com',3,'1',1,NULL,5,4,NULL,'2014-08-02 21:55:23','MEX',NULL,7,NULL,10,'1',700,'Mata',0),(128301,'Gabriela Guadalupe','Jarquin','F','1994-02-02','GJarquin@iyf.com',2,'1',1,NULL,5,1,NULL,'2014-08-02 21:58:23','MEX',NULL,6,2524,10,'1',700,'Morales',0),(128302,'Diana','Flores','F','1993-09-09','lattin_actitude22@hotmail.com',3,'0',1,NULL,5,1,NULL,'2014-08-02 21:58:30','MEX',NULL,1,2517,8,'1',700,'Perez',0),(128303,'Melina Mayumi','Martinez','F','1995-09-03','yyuummii03@hotmail.com',3,'1',1,NULL,5,2,NULL,'2014-08-02 21:59:17','MEX',NULL,7,2542,8,'1',700,'Ortiz',0),(128304,'Maria Gabriela','Echeverria','F','1991-10-09','gavychy_09@hotmail.com',3,'1',1,NULL,5,1,NULL,'2014-08-02 21:59:34','MEX',NULL,1,3587,8,'0',350,'Guerrero',0),(128305,'Elizabeth','Garcia','F','1997-08-09','ellis_ega@hotmail.com',2,'0',1,NULL,5,1,NULL,'2014-08-02 22:00:53','MEX',NULL,1,NULL,2,'1',700,'Araiza',0),(128306,'Karina','Doroteo','F','1991-09-26','daklti14@hotmail.com',3,'0',1,NULL,5,5,NULL,'2014-08-02 22:03:19','MEX',NULL,7,2542,10,'1',700,'Acevedo',0),(128307,'Angelica ','Mondragon','F','1995-02-02','angelicaasmr@hotmail.com',2,'0',1,NULL,5,1,NULL,'2014-08-02 22:05:13','MEX',NULL,9,NULL,2,'1',700,'Ramirez',0),(128308,'Ollin Monserrat','Flores','F','1992-11-09','mom_flakita.09@hotmail.com',3,'0',1,NULL,5,1,NULL,'2014-08-02 22:05:40','MEX',NULL,1,3582,10,'1',700,'Castillo',0),(128309,'Stefany','Salas','F','1996-09-09','booksde1fan@hotmail.com',2,'0',1,NULL,5,1,NULL,'2014-08-02 22:07:03','MEX',NULL,1,2592,4,'0',350,'Alcaraz',0),(128310,'Jazziel Rafael','Ortiz','M','1996-02-02','Ruflex.TokTok@hotmail.com',2,'1',1,NULL,5,4,NULL,'2014-08-02 22:07:33','MEX',NULL,5,NULL,10,'1',700,'Hernandez',0),(128311,'Juan Manuel','Jaramillo','M','1958-06-22','jjaramillo@iyf.com',1,'0',1,NULL,5,4,NULL,'2014-08-02 22:08:33','MEX',NULL,6,NULL,10,'1',700,'Jaramillo',0),(128312,'Sara Daniela ','Jimenez','F','1993-09-08','daniely_diego_12@hotmail.com',3,'1',1,NULL,5,2,NULL,'2014-08-02 22:10:10','MEX',NULL,1,2529,10,'1',700,'Triana',0),(128313,'Debanny Isabel','Martinez','F','1997-03-07','isssa.martinez@hotmail.com',2,'1',1,NULL,5,2,NULL,'2014-08-02 22:12:02','MEX',NULL,7,2542,2,'1',700,'Ortiz',0),(128314,'Armando','Jimenez','M','1994-02-02','could_205@hotmail.com',2,'1',1,NULL,5,4,NULL,'2014-08-02 22:15:11','MEX',NULL,1,3583,10,'0',350,'Munguia',0),(128315,'Paola Vanessa','Vazquez','F','1997-10-02','jonaspiolin@hotmail.com',2,'1',1,NULL,5,2,NULL,'2014-08-02 22:16:16','MEX',NULL,8,2518,2,'1',700,'Valencia',0),(128316,'Mariana ','Gonzalez','F','1992-09-09','marianagm1592@gmail.com',2,'0',1,NULL,5,1,NULL,'2014-08-02 22:17:20','MEX',NULL,5,3592,8,'1',700,'Macedo',0),(128317,'Laura Maria ','Peralta','F','1981-09-06','ita_peralta@hotmail.com',3,'0',1,NULL,5,4,NULL,'2014-08-02 22:19:44','MEX',NULL,6,2516,10,'1',700,'Cholico',0),(128318,'Karla Rebeca ','Camacho','F','1991-02-06','lor.Karla@gmail.com',2,'1',1,NULL,5,2,NULL,'2014-08-02 22:21:45','MEX',NULL,1,2515,1,'1',700,'Salazar',0),(128319,'Cynthia Karina','Gonzalez','F','1991-06-09','tangolunda_ixchel@hotmail.com',3,'0',1,NULL,5,4,NULL,'2014-08-02 22:23:25','MEX',NULL,7,2542,10,'1',700,'Gonzalez',0),(128320,'Magdalena','Hernandez','F','1996-02-02','maggies.loves@hotmail.com',2,'1',1,NULL,5,2,NULL,'2014-08-02 22:26:16','MEX',NULL,1,2515,10,'0',350,'Sandoval',0),(128321,'Evelyn','Flores','F','1995-09-09','kum1ch2n@hotmail.es',3,'0',1,NULL,5,2,NULL,'2014-08-02 22:28:21','MEX',NULL,1,3584,2,'1',700,'Guzman',0),(128322,'Laura Jaret','Viezca','F','1998-06-26','jaretzin.18@hotmail.com',2,'1',1,NULL,5,4,NULL,'2014-08-02 22:28:39','MEX',NULL,6,2516,10,'1',700,'Peralta',0),(128323,'Sandra Daniela','Galindo','F','1996-10-19','danielastar_iunic@hotmail.com',2,'1',1,NULL,5,1,NULL,'2014-08-03 04:01:47','MEX',NULL,1,3587,2,'1',700,'Granjeno',0),(128324,'Alex Divak','Jimenez','M','1995-10-19','axelereicer@hotmail.com',3,'0',1,NULL,5,1,NULL,'2014-08-03 04:06:10','MEX',NULL,1,3587,2,'1',700,'Toledo',0),(128325,'Tania Jessica','Hernandez','F','1989-09-10','ania21acissej@hotmail.com',3,'0',1,NULL,5,1,NULL,'2014-08-03 04:27:46','MEX',NULL,1,3584,2,'1',700,'Cortes',0),(128326,'Estefania','Lara','F','1993-09-19','hae_ju92@hotmail.com',2,'1',1,NULL,5,1,NULL,'2014-08-03 04:30:37','MEX',NULL,1,2517,8,'1',700,'Valdez',0),(128327,'Oscar Alberto','Aguilar','M','1993-08-18','bigsosc@hotmail.com',3,'0',1,NULL,5,1,NULL,'2014-08-03 04:33:58','MEX',NULL,4,2573,10,'1',700,'Gutierrez',0),(128328,'Lucero','Aguirre','F','1991-01-12','luces_nom@hotmail.com',3,'1',1,NULL,5,2,NULL,'2014-08-03 04:38:48','MEX',NULL,4,NULL,10,'1',700,'Escobar',0),(128329,'Marysofi','Almazo','F','1991-10-03','marysofi@hotmail.com',3,'1',1,NULL,5,2,NULL,'2014-08-03 04:41:32','MEX',NULL,4,2573,10,'1',700,'Dolores',0),(128330,'Maria Fernanda','Aguirre','F','1997-03-03','kimkibum-2309@hotmail.com',2,'0',1,NULL,5,2,NULL,'2014-08-03 04:47:06','MEX',NULL,4,NULL,10,'1',700,'Escobar',0),(128331,'Denysse Daniela','Ordaz|','F','1994-02-03','dnizd_ao09@hotmail.com',3,'1',1,NULL,5,1,NULL,'2014-08-03 04:50:08','MEX',NULL,4,2573,10,'1',700,'Aguirre',0),(128332,'Andrea Guadalupe','Altamirano','F','1985-04-04','agaq84@hotmail.com',3,'0',1,NULL,5,1,NULL,'2014-08-03 04:53:30','MEX',NULL,4,2573,10,'1',700,'Quijano',0),(128333,'Rubi','Cruz','F','1993-09-03','star_fire2582@hotmail.com',3,'1',1,NULL,5,1,NULL,'2014-08-03 05:02:28','MEX',NULL,4,2612,10,'1',700,'Coleaza',0),(128334,'Kenia Arlette','Sanchez','F','1996-02-03','kenia_tokiohotel@hotmail.com',2,'1',1,NULL,5,2,NULL,'2014-08-03 05:05:19','MEX',NULL,1,3580,8,'1',700,'Machuca',0),(128335,'Carlos David','Garcia','M','1983-09-02','gbspaz6@gmail.com',3,'0',1,NULL,5,6,NULL,'2014-08-03 05:08:27','MEX',NULL,1,3593,1,'1',700,'Paz',0),(128336,'Pilar ','Acosta','F','1967-07-08','pacosta@iyf.com',4,'1',1,NULL,5,4,NULL,'2014-08-03 05:23:55','MEX',NULL,1,2548,10,'0',350,'Mirelo',0),(128337,'Armando','Orozco','M','1960-09-09','armando232103@gmail.com',4,'1',1,NULL,5,4,NULL,'2014-08-03 18:39:51','MEX',NULL,1,2548,10,'0',350,'Jimenez',0),(128338,'Jessica','Rangel','F','1995-02-02','JJDDMMGG7@hotmail.com',3,'0',1,NULL,5,1,NULL,'2014-08-04 01:40:59','MEX',NULL,1,2567,8,'1',700,'Aparicio',0),(128339,'Iarasema Sarai','Tierradentro','F','1995-02-02','irasema_elf@hotmail.com',3,'0',1,NULL,5,1,NULL,'2014-08-04 01:47:54','MEX',NULL,1,3587,8,'1',700,'Mendez',0),(128340,'Jesus Ernesto','Aguilar','M','1999-02-02','jesus_eam@hotmail.com',2,'1',1,NULL,5,1,NULL,'2014-08-04 01:52:17','MEX',NULL,12,2573,8,'1',700,'Medina',0),(128341,'Jonatan Hugo','Benavides','M','1994-02-02','JHugo_13@hotmail.com',3,'0',1,NULL,5,1,NULL,'2014-08-04 01:55:44','MEX',NULL,1,3588,1,'1',700,'Fajardo',0),(128342,'Efrain Rodrigo','Zamora','M','1986-02-02','rockefra@hotmail.com',3,'1',1,NULL,5,1,NULL,'2014-08-04 02:00:37','MEX',NULL,1,3580,8,'0',350,'Maceda',0),(128343,'Diego Gerardo','Sesmas','M','1993-02-02','sesmas_kifurce@hotmail.com',3,'0',1,NULL,5,1,NULL,'2014-08-04 02:05:45','MEX',NULL,1,2519,1,'0',350,'Diaz',0),(128344,'Ana Fabiola','Segura','F','1992-02-02','anasegura_cpap@gmail.com',3,'0',1,NULL,5,1,NULL,'2014-08-04 02:35:57','MEX',NULL,1,3584,1,'1',700,'Campos',0),(128345,'Cristopher','James','M','1997-02-02','errockjam@gmail.com',2,'0',1,NULL,5,1,NULL,'2014-08-04 02:43:12','MEX',NULL,1,2519,1,'0',350,'Ballesteros',0),(128346,'Erick Alejandro','Cordero ','M','1994-02-02','chickirruco_corderito17@hotmail.com',3,'0',1,NULL,5,1,NULL,'2014-08-04 04:48:33','MEX',NULL,1,2517,8,'1',700,'Garcia',0),(128347,'Jose Enrique','Garcia ','M','1997-02-02','yeye_15012003@hotmail.com',2,'0',1,NULL,5,1,NULL,'2014-08-04 04:51:36','MEX',NULL,1,2529,1,'1',700,'Jaimes',0),(128348,'Marco ','Carrera ','F','1988-02-02','carranzamarco@hotmail.com',2,'0',1,NULL,5,1,NULL,'2014-08-04 04:54:56','MEX',NULL,1,3585,8,'1',700,'Espinosa',0),(128350,'Lilia','Gonzalez','F','1973-02-02','lili.marzo2013@hotmail.com',2,'0',1,NULL,5,4,NULL,'2014-08-04 05:24:04','MEX',NULL,9,NULL,10,'1',700,'Magaña',0),(128351,'Angel de Jesus','Estrada','M','1993-02-02','angelestrada_321@hotmail.com',2,'1',1,NULL,5,3,NULL,'2014-08-04 05:29:32','MEX',NULL,5,2572,8,'1',700,'Garcia',0),(128352,'Vianet','Melo','F','1987-02-02','VMelo@iyf.com',1,'0',1,NULL,5,5,NULL,'2014-08-04 05:58:49','MEX',NULL,7,2533,10,'1',700,'Vazquez',0),(128353,'Raquel ','Yun ','F','1994-09-09','dbswlgns6110@naver.com',3,'0',1,NULL,5,4,NULL,'2014-08-04 06:18:13','MEX',NULL,1,3583,10,'1',700,'',0),(128354,'Pablo','Kim','M','1994-02-02','kky5104@naver.com',3,'0',1,NULL,5,4,NULL,'2014-08-04 06:20:45','MEX',NULL,1,3583,10,'1',700,'',0),(128355,'Eva ','kim','F','1991-08-02','knh6825@gmail.com',3,'0',1,NULL,5,4,NULL,'2014-08-04 06:22:16','MEX',NULL,1,3583,10,'1',700,'',0),(128356,'Felipe','Marquez','M','1983-09-08','fmarquezv@iyf.com',3,'0',1,NULL,5,4,NULL,'2014-08-04 06:26:07','MEX',NULL,1,3583,10,'1',700,'Vicente',0),(128357,'Diego Antonio','Roa','M','1995-07-07','droa@iyf.com',2,'1',1,NULL,5,4,NULL,'2014-08-04 06:30:24','MEX',NULL,1,3583,10,'1',700,'Moreno',0),(128358,'Evelia','Lopez','F','1971-09-08','elopez@oyf.com',4,'1',1,NULL,5,4,NULL,'2014-08-04 06:32:50','MEX',NULL,1,2546,10,'1',700,'Saucedo',0),(128359,'Maricruz ','Vazquez','F','1996-06-16','vazquez.aguila_vz@gmail.com',3,'1',1,NULL,5,2,NULL,'2014-08-04 06:35:22','MEX',NULL,1,3588,10,'1',700,'Zuñiga',0),(128360,'Sandra ','Perez','F','1970-09-09','m_sandy1509@yahoo.com.mx',4,'1',1,NULL,5,4,NULL,'2014-08-04 06:38:04','MEX',NULL,1,2548,10,'1',700,' Cruz',0),(128361,'Teresa','Leguizamo','F','1988-07-07','teedlit@hotmail.com',3,'0',1,NULL,5,2,NULL,'2014-08-04 15:41:27','MEX',NULL,1,3583,10,'0',350,'Gomez',0),(128362,'Francisca ','Piña','F','1954-03-04','fpiña@iyf.com',4,'0',1,NULL,5,4,NULL,'2014-08-04 15:48:37','MEX',NULL,1,3593,10,'1',700,'De La Cruz',0),(128363,'Ximena','Carrrillo','F','2002-01-09','ximenaciyf@.com',1,'0',1,NULL,5,4,NULL,'2014-08-04 16:00:50','MEX',NULL,7,2568,10,'1',700,'Murillo',0),(128364,'George','Dominguez','M','1994-07-05','george_6dominguez@hotmail.com',3,'0',1,NULL,5,1,NULL,'2014-08-04 16:02:24','MEX',NULL,1,2515,8,'1',700,'Caballero',0),(128365,'Diana Carolina','Labrada','F','1994-06-20','Karolove_iyf@hotmaul.com',3,'1',1,NULL,5,4,NULL,'2014-08-04 16:06:15','MEX',NULL,5,2548,10,'1',700,'Rojas',0),(128366,'Alondra','Garcia','F','1994-09-06','alondragarc@outlook.es',2,'1',1,NULL,5,1,NULL,'2014-08-04 16:08:06','MEX',NULL,1,3594,8,'0',350,'Hernandez',0),(128367,'Miguel Abraham','Peralta','F','1999-09-30','M.abraham_7@hotmail.com',2,'1',1,NULL,5,4,NULL,'2014-08-04 16:10:50','MEX',NULL,6,2516,10,'1',700,'Cortez',0),(128368,'Donaji','Garcia','F','2000-09-07','gaga_love1802@hotmail.com',1,'0',1,NULL,5,1,NULL,'2014-08-04 16:12:40','MEX',NULL,1,3582,2,'1',700,'Flores',0),(128369,'Jazmin','Zuñiga','F','1996-09-06','jazmin_130596@hotmail.com',2,'1',1,NULL,5,1,NULL,'2014-08-04 16:17:09','MEX',NULL,1,3593,10,'1',700,'Perez',0),(128370,'Jose','Carrillo','M','1960-05-22','jose_iyf@hotmail.com',1,'0',1,NULL,5,4,NULL,'2014-08-04 16:17:44','MEX',NULL,7,2568,10,'1',700,'Mendoza',0),(128371,'Aitana','Vega ','F','1997-08-06','aitana_vega@hotmail.com',2,'1',1,NULL,5,1,NULL,'2014-08-04 16:22:51','MEX',NULL,1,3595,2,'1',700,'Caballero',0),(128372,'Johana','Ruiz','F','1997-08-03','johanarc_0507@hotmail.com',2,'0',1,NULL,5,1,NULL,'2014-08-04 16:28:13','MEX',NULL,1,3583,8,'1',700,'Cerda',0),(128373,'Norma','Cabrera','F','1978-11-26','ncabrera@iyf.com',1,'0',1,NULL,5,4,NULL,'2014-08-04 16:28:23','MEX',NULL,9,NULL,10,'1',700,'Villagomez',0),(128374,'Ma. de los Angeles','Vera','F','1955-06-29','damaris.dmv@hotmail.com',3,'1',1,NULL,5,4,NULL,'2014-08-04 16:33:35','MEX',NULL,6,2516,10,'1',700,'Gonzalez',0),(128375,'Patricia','Murillo','F','1966-09-23','paty_murillo@hotmail.es',2,'0',1,NULL,5,4,NULL,'2014-08-04 16:38:13','MEX',NULL,7,2568,10,'1',700,'Chavira',0),(128376,'Patricia Vianey','Rosales','F','1990-03-09','vianey_1518',3,'0',1,NULL,5,1,NULL,'2014-08-04 16:39:08','MEX',NULL,1,3594,8,'0',350,'Escalona',0),(128377,'Clara Ruth','Ferrando','F','1987-11-06','ruth_ferrando@live.com.mx',3,'1',1,NULL,5,5,NULL,'2014-08-04 16:41:43','MEX',NULL,12,2547,10,'1',700,'Garcia',0),(128378,'Leticia','Moreno','F','1961-03-07','lmoreno@iyf.com',1,'0',1,NULL,5,4,NULL,'2014-08-04 16:45:12','MEX',NULL,6,2641,10,'1',700,'Rodriguez',0),(128379,'Tania Monserrat','Medina','F','2000-09-08','tania_kwon@hotmail.com',1,'0',1,NULL,5,1,NULL,'2014-08-04 16:45:42','MEX',NULL,1,2563,1,'1',700,'Martinez',0),(128380,'Mi Ga','Park','F','2000-06-16','mgp1999@hanmail.net',1,'0',1,NULL,5,4,NULL,'2014-08-04 16:48:22','MEX',NULL,7,2533,10,'1',700,'Hyun',0),(128381,'Joselin','Gonzalez','F','1999-08-03','isaesaranghe@gmail.com',2,'0',1,NULL,5,1,NULL,'2014-08-04 16:50:34','MEX',NULL,1,3585,1,'0',350,'Castillo',0),(128382,'Debany Patricia','Carrillo','F','2000-12-28','debany_5666@hotmail.com',1,'0',1,NULL,5,4,NULL,'2014-08-04 16:51:18','MEX',NULL,7,2568,10,'1',700,'Murillo',0),(128383,'Stphanie','Lozada','F','1995-07-02','sarang_kiseop@live.com',2,'0',1,NULL,5,1,NULL,'2014-08-04 16:53:35','MEX',NULL,1,2515,2,'0',350,'Garcia',0),(128384,'Maria Ramona','Nava','F','1959-09-26','mnava@iyf.com',1,'0',1,NULL,5,5,NULL,'2014-08-04 16:56:28','MEX',NULL,7,2568,10,'1',700,'Chaires',0),(128385,'Maria de los Angeles','Vazquez','F','1988-04-08','maya8877@msn.com',3,'1',1,NULL,5,1,NULL,'2014-08-04 16:56:44','MEX',NULL,1,NULL,8,'1',700,'Montes',0),(128386,'Daniela','Diaz','F','1989-05-06','zaidynad@hotmail.com',3,'0',1,NULL,5,1,NULL,'2014-08-04 16:59:45','MEX',NULL,1,2534,2,'1',700,'Diaz',0),(128387,'Carolina','Carolina','F','1969-02-06','hopecarolin@hotmail.com',2,'0',1,NULL,5,3,NULL,'2014-08-04 17:00:44','MEX',NULL,5,2548,10,'1',700,'Avila',0),(128388,'Francisco Javier','Diaz','M','2001-08-08','pancho.diaz.neri@hotmail.com',1,'1',1,NULL,5,1,NULL,'2014-08-04 17:02:37','MEX',NULL,1,2534,10,'1',700,'Neri',0),(128389,'Luis Gerardo','Labrada','M','1966-06-25','gerardolh_65@hotmail.com',2,'0',1,NULL,5,3,NULL,'2014-08-04 17:03:47','MEX',NULL,5,2592,10,'1',700,'Hernandez',0),(128390,'Maria Guadalupe','Herrera','F','1995-08-09','lupe_neriz16@hotmail.com',2,'0',1,NULL,5,1,NULL,'2014-08-04 17:05:10','MEX',NULL,1,3588,2,'0',350,'Garcia',0),(128391,'Jungin','Heo','F','1985-02-15','hji1216@hotmail.com',3,'0',1,NULL,5,4,NULL,'2014-08-04 17:07:01','MEX',NULL,1,3583,10,'1',700,'Ko',0),(128392,'Rodrigo Adrian','Macias','M','1993-09-04','rodro_ramm@hotmail.com',3,'0',1,NULL,5,2,NULL,'2014-08-04 17:08:07','MEX',NULL,1,NULL,8,'0',350,'Maldonado',0),(128393,'Alejandra','Mora','F','0000-00-00','aleestrellita12@hotmail.com',2,'1',1,NULL,5,1,NULL,'2014-08-04 17:10:15','MEX',NULL,1,3583,2,'1',700,'Acosta',0),(128394,'Fabiola','Martinez','F','1981-05-26','fmartinez@iyf.com',1,'0',1,NULL,5,4,NULL,'2014-08-04 17:11:39','MEX',NULL,9,NULL,10,'1',700,'Gonzales',0),(128395,'Rosa Maria ','Granjeno','F','1965-08-05','rosa45chocolat@hotmail.com',4,'0',1,NULL,5,1,NULL,'2014-08-04 17:13:34','MEX',NULL,1,3587,2,'1',700,'Martinez',0),(128396,'Monica ','Sanchez','F','1988-07-09','mosatox_25@hotmail.com',2,'1',1,NULL,5,1,NULL,'2014-08-04 17:16:27','MEX',NULL,1,2567,2,'1',700,'Torres',0),(128397,'Rebeca','Matienzo','F','1962-01-06','rebeca.matienzo@hortmail.com',1,'1',1,NULL,5,3,NULL,'2014-08-04 17:16:35','MEX',NULL,5,2548,10,'1',700,'Fuentes',0),(128398,'Johatzitl','Castañeda','F','1995-08-05','yolo.vid61@gmail.com',2,'0',1,NULL,5,1,NULL,'2014-08-04 17:19:14','MEX',NULL,1,2519,1,'1',700,'Villaseñor',0),(128399,'Hugo Cesar','Garcia ','M','1987-06-04','hugomerol@hotmail.com',3,'1',1,NULL,5,1,NULL,'2014-08-04 17:21:39','MEX',NULL,1,3583,2,'1',700,'Guzman',0),(128400,'Sharim Renee','Alarcaon','F','1995-08-07','sharbom.puma@gmail.com',3,'1',1,NULL,5,1,NULL,'2014-08-04 17:24:42','MEX',NULL,1,2517,2,'1',700,'Lima',0),(128401,'Mira','Kim','F','1968-02-22','mrshinkim@hotmail.com',3,'0',1,NULL,5,4,NULL,'2014-08-04 17:26:48','MEX',NULL,1,3583,10,'1',700,'Kim',0),(128402,'Valeria Mauina','Lezama','F','1996-06-07','valeriamaui54@hotmail.com',3,'1',1,NULL,5,1,NULL,'2014-08-04 17:27:47','MEX',NULL,1,3583,2,'1',700,'Sanchez',0),(128403,'Jaehun','Shin','M','1968-02-06','shin9191@hotmail.com',3,'0',1,NULL,5,4,NULL,'2014-08-04 17:30:30','MEX',NULL,1,3583,10,'1',700,'Shin',0),(128404,'Monserrat','Calzada','F','1992-07-05','montseara93@gmail.com',3,'1',1,NULL,5,2,NULL,'2014-08-04 17:31:42','MEX',NULL,1,3586,2,'1',700,'Arambula',0),(128405,'Leticia ','Perez','F','1992-09-05','tisha21_3000@live.com.mx',3,'0',1,NULL,5,1,NULL,'2014-08-04 17:36:09','MEX',NULL,1,3595,2,'1',700,'Cruz',0),(128406,'Ruben Aleberto','Gonzalez','M','1963-02-06','ruben.gonzalez.c@hotmail.com',2,'1',1,NULL,5,3,NULL,'2014-08-04 17:46:20','MEX',NULL,5,2548,10,'1',700,'Carrillo',0),(128407,'Joseph','Shin','M','1993-05-26','Whtpq1127@naver.com',3,'0',1,NULL,5,4,NULL,'2014-08-04 17:52:44','MEX',NULL,6,2516,10,'1',700,'',0),(128408,'Alan Eduardo','Pichardo','M','1999-06-03','apichardo@iyf.com',2,'0',1,NULL,5,3,NULL,'2014-08-04 17:57:23','MEX',NULL,9,NULL,10,'1',700,'Cabrera',0),(128409,'Felipe De Jesus','Horta','M','1949-02-06','fhorta@iyf.com',1,'1',1,NULL,5,4,NULL,'2014-08-04 18:05:36','MEX',NULL,6,2516,10,'1',700,'Vidrio',0),(128410,'Juan Ramon ','Perezchica','M','1969-01-22','Jramoneguiarte@hotmail.com',2,'1',1,NULL,5,5,NULL,'2014-08-04 18:09:50','MEX',NULL,6,2516,10,'1',700,'Eguiarte',0),(128411,'Francisca','Rodriguez','F','1963-02-06','frodriguez@iyf.com',1,'1',1,NULL,5,2,NULL,'2014-08-04 18:13:45','MEX',NULL,5,2548,10,'1',700,'Santos',0),(128412,'Adriana','Rangel','F','1994-09-06','adrii@live.com.mx',3,'1',1,NULL,5,2,NULL,'2014-08-04 18:52:21','MEX',NULL,1,3588,2,'1',700,'Bernal',0),(128413,'Monica','Francisco','F','1992-04-04','monyk_04_27@hotmail.com',3,'0',1,NULL,5,1,NULL,'2014-08-04 19:04:53','MEX',NULL,1,3588,1,'1',700,'Ortiz',0),(128414,'Hilda','Castelan','F','1991-03-03','hilda_1511@hotmail.com',2,'0',1,NULL,5,1,NULL,'2014-08-04 19:08:13','MEX',NULL,1,NULL,2,'1',700,'Castillo',0),(128415,'Mishell Alejandra','Agilar','F','1996-09-07','alejandrita5569@hotmail.com',3,'1',1,NULL,5,4,NULL,'2014-08-04 21:20:09','MEX',NULL,1,3586,10,'1',700,'Ramiro',0),(128416,'Diana ','Navarro','F','1995-09-18','yukleeangel4@gmail.com',3,'0',1,NULL,5,1,NULL,'2014-08-04 21:24:12','MEX',NULL,1,2669,2,'1',700,'Campa',0),(128417,'Maria Fernanda','Ramirez','F','1998-09-06','frd_rp717@hotmail.com',2,'1',1,NULL,5,1,NULL,'2014-08-04 21:27:00','MEX',NULL,1,NULL,NULL,'0',350,'Peniche',0),(128418,'Melcar Andres','Soto','M','1996-09-05','melander96@hotmail.com',2,'1',1,NULL,5,1,NULL,'2014-08-04 21:29:30','MEX',NULL,1,3595,2,'1',700,'Martinez',0),(128419,'Israel ','Moreno','M','1979-05-08','keisuke_loki@hotmail.com',2,'0',1,NULL,5,1,NULL,'2014-08-04 21:32:57','MEX',NULL,1,3593,2,'1',700,'Patricio',0),(128420,'Anabel ','Rosas','F','1989-09-07','ana.rosas.zu@hotmail.com',3,'1',1,NULL,5,4,NULL,'2014-08-04 21:35:51','MEX',NULL,1,3587,10,'1',700,'Zuñiga',0),(128421,'Pablo Alberto','Avila','M','1994-02-02','avilalbrt@aol.com',2,'1',1,NULL,5,3,NULL,'2014-08-04 22:00:40','MEX',NULL,1,3583,8,'0',350,'Jaimes',0),(128422,'Alexis Fernando','Serrano ','M','1996-02-02','dragon95alex@hotmail.com',3,'1',1,NULL,5,1,NULL,'2014-08-04 22:07:14','MEX',NULL,1,2586,8,'1',700,'Lopez',0),(128423,'Michelle','Calvillo','F','1998-02-02','os_degomita@hotmail.com',2,'0',1,NULL,5,1,NULL,'2014-08-04 22:13:37','MEX',NULL,1,3586,1,'1',700,'Diaz',0),(128424,'Jorge','Gonzalez','M','1994-02-02','johnfrusciante_jei@hotmail.com',3,'0',1,NULL,5,1,NULL,'2014-08-04 22:18:40','MEX',NULL,1,3583,1,'0',350,'Vargas',0),(128425,'Miriam ','Ramiro','F','1979-09-08','miriam1111@hotmail.com.mx',4,'1',1,NULL,5,4,NULL,'2014-08-04 22:33:25','MEX',NULL,1,3586,10,'0',350,'Rojas',0),(128426,'Dilan Axel','Aguilar','M','1996-04-05','axel_dilan13@hotmail.com',2,'0',1,NULL,5,4,NULL,'2014-08-04 22:35:39','MEX',NULL,1,3586,10,'1',700,'Ramiro',0),(128427,'Karen Itzel','Olivera|','F','1992-02-03','karen_queen_kings@hotmail.com',1,'1',1,NULL,5,1,NULL,'2014-08-04 22:38:41','MEX',NULL,1,3585,10,'1',700,'Varela',0),(128428,'Ariadna','Jimenez','F','1995-02-02','ajimenez@iyf.com',3,'0',1,NULL,5,4,NULL,'2014-08-04 22:44:32','MEX',NULL,1,2546,10,'1',700,'Lopez',0),(128429,'Ana Lizzeth','Rivera','F','1997-03-03','anasoldiervip@gmail.com',2,'1',1,NULL,5,1,NULL,'2014-08-04 22:46:40','MEX',NULL,1,2529,8,'1',700,'Rosas',0),(128430,'Maria de los Angeles','Moreno ','F','1967-04-05','mmoreno@iyf.com',4,'1',1,NULL,5,4,NULL,'2014-08-04 22:50:00','MEX',NULL,1,3583,10,'1',700,'Perez',0),(128431,'Karla','Gutierrez','F','1982-04-05','kurtka67@yahoo.com',2,'0',1,NULL,5,4,NULL,'2014-08-04 22:52:16','MEX',NULL,1,3593,8,'1',700,'Zamora',0),(128432,'Miguel ','Pompa ','M','1985-09-04','iyfpane@hotmail.com',4,'1',1,NULL,5,4,NULL,'2014-08-04 22:54:13','MEX',NULL,1,3583,10,'1',700,'Hernandez',0),(128433,'Norma Gabriela','Rodriguez','F','1982-04-05','dfnorma@hotmail.com',4,'0',1,NULL,5,4,NULL,'2014-08-04 22:56:41','MEX',NULL,1,3593,10,'1',700,'Recendiz',0),(128434,'Victoria','Ceran','F','1995-08-08','cherry_princess28@hotmail.com',2,'0',1,NULL,5,1,NULL,'2014-08-04 22:59:04','MEX',NULL,1,2517,2,'1',700,'Martinez',0),(128435,'Jose de Jesus','Simon','M','1970-09-08','jsimon@iyf.com',4,'1',1,NULL,5,4,NULL,'2014-08-04 23:03:22','MEX',NULL,1,2583,10,'1',700,'Ibañez',0),(128436,'Sebastian ','Valdes','M','1998-02-03','genaro.sebastian@hotmail.com',2,'1',1,NULL,5,4,NULL,'2014-08-04 23:06:57','MEX',NULL,1,3593,10,'1',700,'Rosales',0),(128437,'Elisa','Ceran','F','1999-08-08','pitufina83@live.com.mx',2,'0',1,NULL,5,1,NULL,'2014-08-04 23:08:16','MEX',NULL,1,2517,2,'1',700,'Martinez',0),(128438,'Joana Rubi','Velazco ','F','1996-09-09','sakurita_496@hotmail.com',2,'1',1,NULL,5,1,NULL,'2014-08-04 23:10:40','MEX',NULL,1,2529,8,'1',700,'Gomez',0),(128439,'Nayeli Arely','Avila','F','1986-09-06','arc_fraise@hotmail.com',2,'0',1,NULL,5,4,NULL,'2014-08-04 23:12:13','MEX',NULL,2,NULL,10,'1',700,'Avila',0),(128440,'Susana Noemi','Rosas','F','1973-02-03','susa_rose@hotmail.com',4,'0',1,NULL,5,4,NULL,'2014-08-04 23:16:46','MEX',NULL,1,3588,10,'0',350,'Matsumura',0),(128441,'Tania Lorena','Miranda','F','1997-09-07','iarzate@casaskrea.com.mx',2,'0',1,NULL,5,1,NULL,'2014-08-04 23:18:00','MEX',NULL,11,2534,1,'1',700,'Arzate',0),(128443,'Karla Mariela','Marquez','F','1995-09-07','carlywinkyww@gmail.com',2,'1',1,NULL,5,1,NULL,'2014-08-04 23:23:32','MEX',NULL,1,NULL,2,'1',700,'Martinez',0),(128444,'Edgar Said','Olvera','M','1988-09-04','turboblood@gmail.com',3,'1',1,NULL,5,1,NULL,'2014-08-04 23:26:42','MEX',NULL,1,2529,10,'0',350,'Varela',0),(128445,'Daniela','Quintos ','F','1994-08-08','chibi-bishi@hotmail.com',3,'0',1,NULL,5,1,NULL,'2014-08-04 23:28:40','MEX',NULL,1,3581,8,'0',350,'Zuñiga',0),(128446,'Dianayeli','Balcazar','F','1986-02-03','pauaryf@hotmail.com',2,'1',1,NULL,5,4,NULL,'2014-08-04 23:28:42','MEX',NULL,1,2515,10,'1',700,'Moreno',0),(128447,'Maithe Lorena','Perez De Leon','F','1985-02-03','kricri22@hotmail.com',4,'0',1,NULL,5,2,NULL,'2014-08-04 23:31:49','MEX',NULL,1,2519,10,'0',350,'Maldonado',0),(128448,'Marisol','Ortega','F','1973-09-02','mbn.cone@hotmail.com',4,'0',1,NULL,5,4,NULL,'2014-08-04 23:34:35','MEX',NULL,1,2515,10,'0',350,'Elias',0),(128449,'Raymundo Ismael','Martinez','M','1994-09-03','martesp.cel@gmail.com',3,'0',1,NULL,5,1,NULL,'2014-08-04 23:36:39','MEX',NULL,1,2548,8,'1',700,'Espinoza',0),(128450,'Patricia','Maldonado','F','1961-09-02','peperlypaty_6303@hotmail.com',4,'1',1,NULL,5,4,NULL,'2014-08-04 23:38:46','MEX',NULL,1,2519,10,'0',350,'Hernandez',0),(128451,'Gerson','Montiel','M','1999-09-09','macai82@hotmail.com',1,'0',1,NULL,5,1,NULL,'2014-08-04 23:40:01','MEX',NULL,11,2534,8,'1',700,'Martin del campo',0),(128452,'Kristian','Peralta','M','2002-09-08','kritzian@live.com.mx',1,'1',1,NULL,5,2,NULL,'2014-08-04 23:40:38','MEX',NULL,1,2519,10,'0',350,'Perez de Leon',0),(128453,'Enoc','Shin','M','1993-09-08','enoqui.shin@gmail.com',3,'0',1,NULL,5,4,NULL,'2014-08-04 23:42:34','MEX',NULL,1,3593,10,'1',700,'',0),(128454,'Daniel de jesus','Hernandez','M','1997-09-02','danytaker96@hotmail.com',2,'0',1,NULL,5,1,NULL,'2014-08-04 23:43:51','MEX',NULL,1,2583,10,'1',700,'Rojas',0),(128455,'Aida Veronica','Diaz','F','1962-09-02','veronica-aida@hotmail.com',4,'1',1,NULL,5,4,NULL,'2014-08-04 23:44:42','MEX',NULL,1,3583,10,'1',700,'Lanzagorta',0),(128456,'Yuliana Carolina','Ramirez','F','2000-02-02','benjitajessik@hotmail.com',1,'0',1,NULL,5,1,NULL,'2014-08-04 23:46:16','MEX',NULL,9,NULL,8,'1',700,'Pozas',0),(128457,'Martin Misael','Sanchez','M','1986-09-02','misael_st@live.com.mx',3,'0',1,NULL,5,5,NULL,'2014-08-04 23:46:31','MEX',NULL,7,2568,10,'1',700,'Torres',0),(128458,'Carlos Alexis','Cruz','M','1999-05-15','kr2.l.Alexis@outlook.com',2,'1',1,NULL,5,1,NULL,'2014-08-04 23:47:27','MEX',NULL,2,NULL,8,'1',700,'Pedraza',0),(128460,'Asstrid Elizabeth','Gonzalez','F','1993-03-03','asstrid_93@hotmail.com',3,'0',1,NULL,5,4,NULL,'2014-08-04 23:49:44','MEX',NULL,7,2542,10,'1',700,'Carrizales',0),(128461,'Silvia','Juarez','F','1967-09-07','bibyhsm@mail.com',2,'1',1,NULL,5,3,NULL,'2014-08-04 23:50:56','MEX',NULL,1,3588,2,'1',700,'Rosas',0),(128462,'Blanca Margarita','Hinostiosa','F','1969-07-08','blanca.hinostiosa@hotmail.com.mx',2,'0',1,NULL,5,4,NULL,'2014-08-04 23:51:35','MEX',NULL,11,2534,8,'1',700,'Moreno',0),(128463,'Joana Lizeth','Burciaga','F','1987-04-02','jo.burk@gmail.com',3,'0',1,NULL,5,5,NULL,'2014-08-04 23:53:42','MEX',NULL,7,2533,8,'1',700,' Bernal',0),(128464,'Ariadne','Villatoro','F','1998-09-06','ariadnevillatoro@gmail.com',2,'0',1,NULL,5,2,NULL,'2014-08-04 23:54:30','MEX',NULL,1,3585,8,'0',350,'Garcia',0),(128465,'Manuel ','Mata','M','1992-02-02','adrianagok@hotmail.com',2,'1',1,NULL,5,1,NULL,'2014-08-05 00:00:00','MEX',NULL,1,2515,4,'1',700,'Zepeda',0),(128466,'Silvia Samantha','De los santos','F','1998-09-08','inuyasha_osuwari_98@hotmail.com',2,'0',1,NULL,5,2,NULL,'2014-08-05 00:00:51','MEX',NULL,1,3580,10,'1',700,'Medina',0),(128467,'Lizeth Sarait','Peralta','F','1989-09-03','tyte44@gmail.com',2,'0',1,NULL,5,4,NULL,'2014-08-05 00:02:03','MEX',NULL,11,2590,8,'1',700,'Tena',0),(128468,'Cynthia Nallely ','Lopez','F','1997-09-02','cyn_depp231@hotmail.com',2,'0',1,NULL,5,1,NULL,'2014-08-05 00:04:03','MEX',NULL,7,NULL,2,'1',700,'Gonzalez',0),(128469,'Alondra Anaid','De los Santos','F','1994-11-12','anaid_escorpion_27@hotmail.com',2,'1',1,NULL,5,2,NULL,'2014-08-05 00:06:53','MEX',NULL,2,3588,8,'1',700,'Rodriguez',0),(128470,'Rosa Melba','Rodriguez','F','1977-08-09','melba.rodriguez@hotmail.com',1,'0',1,NULL,5,4,NULL,'2014-08-05 00:07:24','MEX',NULL,11,2534,2,'1',700,'Resendiz',0),(128471,'Paula Valeria','Vega','F','1990-09-02','estel_havok@hotmail.com',3,'0',1,NULL,5,5,NULL,'2014-08-05 00:09:12','MEX',NULL,11,2534,10,'1',700,'Pacheco',0),(128472,'Lizeth Selene','Rios','F','1988-09-02','liz.rios.24@hotmail.com',2,'0',1,NULL,5,3,NULL,'2014-08-05 00:10:53','MEX',NULL,7,2542,10,'1',700,'Ramirez',0),(128473,'Susana Yolybeth','Ayala','F','1993-09-08','yoliza99@gmail.com',3,'0',1,NULL,5,5,NULL,'2014-08-05 00:12:41','MEX',NULL,11,2671,8,'1',700,'Zamora',0),(128474,'Noemi ','Castillo','F','1979-09-08','noemii_cj78@homail.es',1,'0',1,NULL,5,5,NULL,'2014-08-05 00:14:45','MEX',NULL,5,2548,10,'1',700,'Juarez',0),(128475,'Gaudencio','Rosales','M','1950-09-08','grosales@iyf.com',1,'1',1,NULL,5,4,NULL,'2014-08-05 00:16:56','MEX',NULL,7,2533,10,'1',700,'Neri',0),(128476,'Magdalena','Hernandez','F','1967-02-03','magdalenahernandez@iyf.com',1,'0',1,NULL,5,4,NULL,'2014-08-05 00:19:32','MEX',NULL,11,NULL,10,'1',700,'Mendoza',0),(128479,'Bernardo','Gomez','M','1993-09-08','ojomoradogrifin@hotmail.com',3,'1',1,NULL,5,3,NULL,'2014-08-05 00:33:57','MEX',NULL,1,3581,8,'0',350,'Tino',0),(128480,'Karla Araceli','Santillan','F','1994-09-07','sask_5@hotmail.com',3,'1',1,NULL,5,1,NULL,'2014-08-05 00:38:37','MEX',NULL,1,2669,2,'1',700,'Suarez',0),(128482,'Oscar','Santillan','M','1997-09-07','chicocabrera_6@hotmail.com',2,'0',1,NULL,5,1,NULL,'2014-08-05 01:50:39','MEX',NULL,1,2669,2,'1',700,'Suarez',0),(128483,'Salvador','Pichardo','M','1973-02-03','spichardo@iyf.com',1,'0',1,NULL,5,4,NULL,'2014-08-05 01:52:44','MEX',NULL,9,NULL,10,'1',700,'Trigeros',0),(128484,'Rafael ','Ramirez','M','1996-09-08','rafax.darkrai@gmail.com',2,'0',1,NULL,5,1,NULL,'2014-08-05 01:56:43','MEX',NULL,1,2519,8,'1',700,'Nazario',0),(128485,'Rebeca Michell','Cortez','F','1999-07-16','naruto.rebe@hotmail.com',2,'0',1,NULL,5,1,NULL,'2014-08-05 02:00:14','MEX',NULL,1,2515,10,'1',700,'Venegas',0),(128486,'Estefany','Barron','F','1999-09-09','fanixnna1@hotmail.com',2,'1',1,NULL,5,3,NULL,'2014-08-05 02:00:41','MEX',NULL,5,2548,10,'1',700,'Hernandez',0),(128487,'Benjamin','Bautista','M','1981-00-00','Benjamin.rodriguez@gmail.com',1,'1',1,NULL,5,5,NULL,'2014-08-05 02:02:43','MEX',NULL,6,2516,10,'1',700,'Rodriguez',0),(128488,'Andrea Guadalupe','Mendez','F','2000-02-21','agmm14@gmail.com',1,'0',1,NULL,5,1,NULL,'2014-08-05 02:04:50','MEX',NULL,6,2641,10,'1',700,'Moreno',0),(128489,'Maria Dolores','Ramirez','F','1960-09-02','mdramirez@iyf.com',1,'0',1,NULL,5,4,NULL,'2014-08-05 02:07:27','MEX',NULL,9,2556,10,'1',700,'Ramirez',0),(128490,'Uriel','Diaz Ceballos','M','1998-12-22','uriel_2798@hotmail',2,'1',1,NULL,5,4,NULL,'2014-08-05 02:10:25','MEX',NULL,5,2548,10,'1',700,'Rangel',0),(128491,'Andrea Damaris','Mendez','F','1995-12-03','andrea.dmv@hotmail.com',3,'1',1,NULL,5,4,NULL,'2014-08-05 02:19:08','MEX',NULL,6,2516,10,'1',700,'Vera',0),(128492,'Maria','Panuco','F','1984-07-03','mpanuco@iyf.com',2,'0',1,NULL,5,4,NULL,'2014-08-05 02:21:40','MEX',NULL,6,2524,10,'1',700,'Ramirez',0),(128493,'Monica Yoali','Moreno','F','1999-08-07','faby_frambuesa@hotmail.com',2,'0',1,NULL,5,1,NULL,'2014-08-05 02:23:26','MEX',NULL,1,NULL,10,'1',700,'Zavala',0),(128494,'Seon Mee','Kim','F','1994-03-04','vkehtjsal@naver.com',3,'0',1,NULL,5,4,NULL,'2014-08-05 02:26:13','MEX',NULL,5,2548,10,'1',700,'',0),(128495,'Ana','Renteria','F','1996-12-27','arenteria@iyf.com',2,'1',1,NULL,5,4,NULL,'2014-08-05 02:40:59','MEX',NULL,6,2516,10,'1',700,'Rodriguez',0),(128496,'Ernestina','Magaña','F','1949-09-02','emagaña@iyf.com',1,'0',1,NULL,5,4,NULL,'2014-08-05 02:43:12','MEX',NULL,9,NULL,10,'1',700,'Garcia',0),(128497,'Angel Axel','Peralta','M','2002-04-03','aperalta@iyf.com',1,'1',1,NULL,5,4,NULL,'2014-08-05 02:55:34','MEX',NULL,6,2516,10,'1',700,'Cortes',0),(128499,'Viviana Hayde','Saldierna','F','1983-11-23','viviana_iyf@hotmail.com',2,'0',1,NULL,5,4,NULL,'2014-08-05 03:12:19','MEX',NULL,9,NULL,10,'1',700,'Balderas',0),(128500,'Xuan Cielo','Hu','F','1987-02-03','68080166@99.com',3,'0',1,NULL,5,4,NULL,'2014-08-05 03:14:56','MEX',NULL,5,2548,10,'1',700,'',0),(128501,'Martha Cecilia','Cortes','F','1971-11-14','ceci_1120@hotmail.com',3,'1',1,NULL,5,4,NULL,'2014-08-05 03:29:35','MEX',NULL,6,2516,10,'1',700,'Gonzalez',0),(128502,'Miguel Angel ','Peralta','M','1953-01-16','mangel-1970@hotmail.com',3,'1',1,NULL,5,5,NULL,'2014-08-05 03:32:27','MEX',NULL,6,2516,10,'1',700,'Meza',0),(128503,'Dora Alicia','Jimenez','F','1974-09-02','jicda02@hotmail.com',2,'0',1,NULL,5,5,NULL,'2014-08-05 07:01:07','MEX',NULL,12,2547,10,'1',700,'Campos',0),(128504,'Ana Victoria','Zamorano','F','1999-02-03','anavictoria.zago99@hotmail.com',2,'0',1,NULL,5,4,NULL,'2014-08-05 07:04:00','MEX',NULL,9,NULL,10,'1',700,'Gonzalez',0),(128505,'Giselle Aylin','Reyes','F','2001-01-16','cucho82@msn.com',1,'1',1,NULL,5,1,NULL,'2014-08-05 07:06:18','MEX',NULL,5,2548,8,'1',700,'Simoneem',0),(128507,'Ana Guadalupe','Olvera','F','1986-02-03','anabantha_1986@yohoo.com.mx',3,'0',1,NULL,5,1,NULL,'2014-08-05 15:54:50','MEX',NULL,9,NULL,10,'1',700,'Luna',0),(128508,'Maria Gabriela','Villaseñor','F','1972-09-04','gabyvb@outlook.com',2,'0',1,NULL,5,4,NULL,'2014-08-05 15:58:00','MEX',NULL,5,2548,10,'1',700,'Bautista',0),(128509,'Lorena','Olvera','F','1984-12-16','libertad_luna777@yahoo.com.mx',3,'0',1,NULL,5,1,NULL,'2014-08-05 16:01:37','MEX',NULL,9,NULL,10,'1',700,'Luna',0),(128510,'Ivan Gabriel','Vega','M','2002-09-03','Ivega@iyf.com',1,'0',1,NULL,5,2,NULL,'2014-08-05 16:37:36','MEX',NULL,5,2548,10,'1',700,'Villaseñor',0),(128511,'Maria Del Rocio','Rangel','F','1978-09-02','rangel.chio.78@hotmail.com',1,'1',1,NULL,5,3,NULL,'2014-08-05 16:43:19','MEX',NULL,5,2548,10,'1',700,'Sanchez',0),(128512,'Miriam Esther','Vargas','F','2000-09-05','miriam-vargas99@hotmail.com',1,'0',1,NULL,5,4,NULL,'2014-08-05 16:49:55','MEX',NULL,9,2628,10,'1',700,'Raya',0),(128513,'Alma Rosa','Rangel ','F','1986-02-03','arangel@iyf.com',1,'0',1,NULL,5,4,NULL,'2014-08-05 16:53:03','MEX',NULL,5,2548,10,'1',700,'Suarez',0),(128514,'Victor','Hernandez','M','1951-11-28','vhernandez@iyf.com',2,'0',1,NULL,5,4,NULL,'2014-08-05 16:55:27','MEX',NULL,9,2556,10,'1',700,'Martinez',0),(128515,'Guillermina','Raya ','F','1973-03-03','guille-raya73@hotmail.com',1,'0',1,NULL,5,4,NULL,'2014-08-05 17:00:22','MEX',NULL,9,NULL,10,'1',700,'Chavez',0),(128516,'Patricia Jael','Matiezco','F','1970-02-03','jaelmbn@hotmail.com',1,'0',1,NULL,5,3,NULL,'2014-08-05 17:03:30','MEX',NULL,5,2548,10,'1',700,'Fuentes',0),(128517,'Sandra','Chavez','F','1982-09-12','sandra 2287@live.com',1,'0',1,NULL,5,4,NULL,'2014-08-05 17:07:53','MEX',NULL,9,2536,10,'1',700,'Santana',0),(128518,'Alejandro','Gamboa','M','1963-09-02','ale100@hotmail.com',2,'0',1,NULL,5,1,NULL,'2014-08-05 17:12:03','MEX',NULL,5,2548,10,'1',700,'Escamilla',0),(128519,'Juan Arturo','Martinez','M','1987-09-02','Bracichiphop@hotmail.com',2,'1',1,NULL,5,2,NULL,'2014-08-05 17:18:46','MEX',NULL,5,2548,8,'1',700,'Ramirez',0),(128520,'Sol','Moon','M','1995-09-04','smoon@iyf.com',3,'0',1,NULL,5,4,NULL,'2014-08-05 17:20:47','MEX',NULL,9,2536,10,'1',700,'',0),(128521,'Sandra Jazmin','Cruz','F','2001-09-03','sjcruz@iyf.com',1,'0',1,NULL,5,1,NULL,'2014-08-05 17:23:42','MEX',NULL,5,2548,10,'1',700,'Rodriguez',0),(128522,'Hee Kyu','Kim','F','1994-04-16','hkkim@iyf.com',3,'0',1,NULL,5,4,NULL,'2014-08-05 17:25:30','MEX',NULL,9,2536,10,'1',700,'',0),(128523,'Noemi','Bautista','F','1983-02-09','nohemi.gracia@mail.com',2,'0',1,NULL,5,4,NULL,'2014-08-05 17:28:29','MEX',NULL,9,2536,10,'1',700,'Rodriguez',0),(128524,'Ma. Guadalupe','Perez','F','1966-09-02','mgperez@iyf.com',1,'0',1,NULL,5,4,NULL,'2014-08-05 17:33:49','MEX',NULL,5,2551,10,'1',700,'Garnica',0),(128525,'Karina','Carrera','F','1989-02-03','atalaya_princess@hotmail.com',3,'0',1,NULL,5,5,NULL,'2014-08-05 17:35:34','MEX',NULL,8,2518,10,'1',700,'Mendoza',0),(128526,'Paola ','Luna','F','1985-09-07','ambersaori@',2,'0',1,NULL,5,1,NULL,'2014-08-05 21:24:29','MEX',NULL,1,3590,1,'0',350,'Juarez',0),(128527,'Alondra Guadalupe','Ramirez','F','1998-09-04','cross_yuky@hotmail.com',2,'1',1,NULL,5,1,NULL,'2014-08-05 21:31:57','MEX',NULL,1,2567,8,'1',700,'Alvarez',0),(128528,'Claudia Valeria','Vazquez','F','1987-07-05','valeryvr@gmail.com',4,'1',1,NULL,5,2,NULL,'2014-08-05 21:36:02','MEX',NULL,1,3580,2,'1',700,'Rodriguez',0),(128530,'Diana','Torres','F','1992-05-07','dai_419@hotmail.com',3,'1',1,NULL,5,1,NULL,'2014-08-05 21:47:23','MEX',NULL,1,3590,8,'0',350,'Caballero',0),(128531,'Rebeca','Hernandez','F','1993-06-03','rebecaubf@hotmail.com',3,'1',1,NULL,5,1,NULL,'2014-08-05 22:16:07','MEX',NULL,6,2516,8,'1',700,'Fuentes',0),(128532,'Yolanda Jatzabel','Hernandez','F','1997-05-14','yoli_1110@hotmail.com',2,'1',1,NULL,5,2,NULL,'2014-08-05 22:19:47','MEX',NULL,6,2545,8,'1',700,'Aguilera',0),(128533,'Juana Matilde','Moreno','F','1973-08-23','natyj.moren@yahoo.com.mx',2,'1',1,NULL,5,1,NULL,'2014-08-05 22:24:56','MEX',NULL,1,2524,8,'1',700,'Zacarias',0),(128534,'Dinora','Huidor','F','1982-09-13','dinoriris@hotmail.com',2,'1',1,NULL,5,1,NULL,'2014-08-05 22:29:39','MEX',NULL,6,2524,8,'1',700,'Aguayo',0),(128535,'Nestor Zuriel ','Palomar','M','1993-09-15','nzpalomar@hotmail.com',3,'1',1,NULL,5,2,NULL,'2014-08-05 22:34:05','MEX',NULL,6,2545,8,'1',700,'Alcantar',0),(128536,'Jonathan Missael','Palomar','M','1998-08-15','chino_chivasmanda@hotmail.com',2,'0',1,NULL,5,1,NULL,'2014-08-05 22:39:31','MEX',NULL,6,2545,8,'1',700,'Alcantar',0),(128537,'Ariadna Thalia','Herrera','F','1994-08-17','thalia294@hotmail.com',3,'1',1,NULL,5,2,NULL,'2014-08-05 22:53:28','MEX',NULL,6,2516,8,'1',700,'Lopez',0),(128538,'Elsie','Guzman','F','1997-07-17','elsiegr@hotmail.com',2,'0',1,NULL,5,1,NULL,'2014-08-05 23:20:36','MEX',NULL,6,2516,8,'1',700,'Rodriguez',0),(128539,'Monica Ali','Carmona','F','1997-08-16','monish@hotmail.com',2,'0',1,NULL,5,1,NULL,'2014-08-05 23:23:59','MEX',NULL,12,2547,8,'1',700,'Serrano',0),(128540,'Horacio ','Grajales','M','1979-09-17','hory@live.com.mx',2,'0',1,NULL,5,3,NULL,'2014-08-05 23:28:22','MEX',NULL,12,2547,8,'1',700,'Ramirez',0),(128541,'Alfonso ','Lechuga','M','1954-09-16','lechugaa@hotmail.com',4,'1',1,NULL,5,4,NULL,'2014-08-05 23:34:54','MEX',NULL,12,2547,10,'1',700,'Perez',0),(128543,'Derian Eduardo ','Trejo','M','1995-09-17','changoakc@hotmail.es',2,'1',1,NULL,5,4,NULL,'2014-08-05 23:38:16','MEX',NULL,12,2547,10,'1',700,'Garcia',0),(128544,'Angelica','Hernandez','F','1992-09-17','khisten_o@hotmail.com',2,'1',1,NULL,5,3,NULL,'2014-08-05 23:43:54','MEX',NULL,5,2548,8,'1',700,'Christen',0),(128545,'Erwin Daniel','Villegas','M','1986-09-13','edvlpax@hotmail.com',2,'1',1,NULL,5,5,NULL,'2014-08-05 23:49:15','MEX',NULL,5,2548,8,'1',700,'Lezama',0),(128546,'Francisco Javier','Diaz','M','2001-09-16','francisco_javierdiazneri@hotmail.com',1,'0',1,NULL,5,1,NULL,'2014-08-05 23:59:00','MEX',NULL,11,2534,1,'1',700,'Neri',0),(128547,'Ivan','Nuñez','M','1999-04-16','oivan1961@hotmail.com',2,'0',1,NULL,5,4,NULL,'2014-08-06 00:02:49','MEX',NULL,11,2534,8,'1',700,'Besarez',0),(128548,'Monserrat','Ramirez','F','1999-03-17','montse_iyf@hotmail.com',2,'0',1,NULL,5,2,NULL,'2014-08-06 00:06:15','MEX',NULL,11,2534,8,'1',700,'Velasco',0),(128549,'Amhin Halil','Bustos','F','1981-09-03','amhin_halil@hotmail.com',3,'0',1,NULL,5,5,NULL,'2014-08-06 01:17:45','MEX',NULL,5,2548,8,'0',350,'Aguilera',0),(128550,'Ma. Irma del Carmen','Mendiola ','F','1959-09-18','mmendiola@iyf.com',3,'0',1,NULL,5,4,NULL,'2014-08-06 01:18:42','MEX',NULL,11,2534,8,'1',700,'Valdes',0),(128551,'Ana Maria','Ramirez','F','1985-09-09','marmeztliunam@gmail.com',3,'0',1,NULL,5,4,NULL,'2014-08-06 01:21:03','MEX',NULL,5,2548,10,'0',350,'Martinez',0),(128552,'Liais Fabiola','Nuñez','F','2000-08-12','infinite_liais@hotmail.com',1,'0',1,NULL,5,2,NULL,'2014-08-06 01:23:19','MEX',NULL,11,2534,8,'1',700,'Besarez',0),(128553,'Teresa','Ruiz','F','1959-09-09','truiz@iyf.com',1,'0',1,NULL,5,2,NULL,'2014-08-06 01:24:23','MEX',NULL,5,2548,10,'1',700,'Garcia',0),(128554,'Cristina Angelica','Piñon','F','1991-02-03','cpiñon@iyf.com',2,'1',1,NULL,5,3,NULL,'2014-08-06 01:27:10','MEX',NULL,5,2548,10,'1',700,'Garcia',0),(128555,'Jose de Jesus ','Cruz','M','2000-02-18','jcruz@iyf.com',1,'0',1,NULL,5,2,NULL,'2014-08-06 01:27:39','MEX',NULL,11,2534,8,'1',700,'Salgado',0),(128556,'Roquey','Rivera','M','1976-09-08','roke@hotmail.com',1,'0',1,NULL,5,3,NULL,'2014-08-06 01:29:23','MEX',NULL,8,2518,10,'1',700,'Bonilla',0),(128557,'Daniela','Velazquez','F','1997-07-23','loovnerds@hotmail.com',2,'0',1,NULL,5,1,NULL,'2014-08-06 01:30:19','MEX',NULL,11,2534,8,'1',700,'Martinez',0),(128558,'Graciela','Ramirez','F','1959-07-27','gramirez@iyf.com',1,'1',1,NULL,5,2,NULL,'2014-08-06 01:31:58','MEX',NULL,5,2548,8,'1',700,'Tapia',0),(128559,'Sharon Yuridia','Thompson','F','1993-09-09','sharonthompson@hotmail.com',2,'0',1,NULL,5,3,NULL,'2014-08-06 01:55:28','MEX',NULL,8,2518,10,'1',700,'Valencia',0),(128560,'Jesus Roberto ','Terron ','M','1992-09-16','dj.zone_street@hotmail.com',3,'0',1,NULL,5,1,NULL,'2014-08-06 01:58:12','MEX',NULL,11,2534,8,'1',700,'Hernandez',0),(128561,'Reyna Isabel','Gonzalez','F','1986-03-04','rgonzalez@iyf.com',1,'0',1,NULL,5,1,NULL,'2014-08-06 02:04:01','MEX',NULL,5,2548,10,'1',700,'Lozano',0),(128562,'Edher','Castro','M','1995-09-08','supra.tk@hotmail.com',1,'0',1,NULL,5,2,NULL,'2014-08-06 02:06:19','MEX',NULL,8,2518,10,'1',700,'Rivera',0),(128563,'Raul Mario','Vega','M','1972-03-03','rvega@iyf.com',2,'0',1,NULL,5,4,NULL,'2014-08-06 02:09:31','MEX',NULL,5,2548,10,'1',700,'Garcia',0),(128564,'Vanessa Arlette','Cruz','F','1998-09-17','arlettecrxp@hotmail.com',2,'0',1,NULL,5,1,NULL,'2014-08-06 02:12:27','MEX',NULL,5,2548,8,'1',700,'Ruiz',0),(128565,'Rebeca Araceli','Perez','F','2000-08-19','beky291099@hotmail.com',2,'1',1,NULL,5,2,NULL,'2014-08-06 02:15:45','MEX',NULL,5,2548,8,'1',700,'Perez',0),(128566,'Marco Antonio ','Rivera','M','1986-09-09','jesus_leondejuda@hotmail.com',2,'0',1,NULL,5,4,NULL,'2014-08-06 02:16:11','MEX',NULL,8,2518,10,'1',700,'Bonilla',0),(128567,'Angelica','Castillo','F','1991-09-06','angle.matienzo@gmail.com',3,'1',1,NULL,5,4,NULL,'2014-08-06 02:19:05','MEX',NULL,5,2548,10,'1',700,'Matienzo',0),(128568,'Lilia Teresita','Garcia','F','1987-09-02','yiyi_nena09@hotmail.com',2,'1',1,NULL,5,5,NULL,'2014-08-06 02:22:02','MEX',NULL,8,2518,10,'1',700,'Hernandez',0),(128569,'Georgina','Matienzo','F','1947-09-02','geo.mat.fue@hotmail.com',1,'1',1,NULL,5,4,NULL,'2014-08-06 02:25:09','MEX',NULL,5,2548,10,'1',700,'Fuentes',0),(128570,'Laura Georgina','Castillo','F','1993-09-09','laurita_iyf@hotmail.com',3,'1',1,NULL,5,4,NULL,'2014-08-06 02:27:39','MEX',NULL,5,2548,10,'1',700,'Fuentes',0),(128571,'Adriana','Perez','F','1979-02-02','aperez@iyf.com',3,'1',1,NULL,5,1,NULL,'2014-08-06 02:49:00','MEX',NULL,1,2515,8,'1',700,'Zepeda',0),(128572,'Joselyn','Camela','F','2000-02-02','angel_bumica_13@hotmail.com',2,'1',1,NULL,5,1,NULL,'2014-08-06 02:53:34','MEX',NULL,8,2518,8,'1',700,'Mendez',0),(128573,'Mayra Lizzette','Mendez','F','1993-02-02','mmendez@iyf.com',2,'1',1,NULL,5,1,NULL,'2014-08-06 02:58:16','MEX',NULL,8,2518,8,'1',700,'Espinoza',0),(128574,'Jorge Salomon','Alonso','M','1993-02-02','alonso_corp13@hotmail.com',2,'1',1,NULL,5,1,NULL,'2014-08-06 03:01:46','MEX',NULL,8,2518,8,'1',700,'Perez',0),(128575,'Annette','Camelia','F','1991-02-02','annettecamela@hotmail.com',3,'1',1,NULL,5,1,NULL,'2014-08-06 03:04:31','MEX',NULL,8,2518,8,'1',700,'Mendez',0),(128576,'Arturo','Camela','M','1951-02-02','acamela@iyf.com',2,'1',1,NULL,5,1,NULL,'2014-08-06 03:13:31','MEX',NULL,8,2518,8,'1',700,'Bardesi',0),(128577,'Elba Cecilia','Mendez','F','1963-02-02','emendez@iyf.com',3,'1',1,NULL,5,1,NULL,'2014-08-06 03:17:15','MEX',NULL,8,2518,8,'1',700,'Lopez',0),(128578,'Jose Ricardo','Diaz Ceballo','M','1968-09-03','diazCeballos_iyf@hotmail.com',1,'1',1,NULL,5,3,NULL,'2014-08-06 03:19:14','MEX',NULL,5,2548,10,'1',700,'Juarez',0),(128579,'Libna Saret','García ','F','1990-02-02','candy_libna@hotmail.com',3,'1',1,NULL,5,1,NULL,'2014-08-06 03:22:15','MEX',NULL,1,3588,8,'1',700,'Castro',0),(128580,'Mario Alberto','Rodriguez','M','1976-09-09','kiag32009@hotmail.com',2,'0',1,NULL,5,5,NULL,'2014-08-06 03:25:23','MEX',NULL,8,2518,10,'1',700,'Perez',0),(128582,'Pedro','Calvillo','M','1979-04-05','pcalvillo@iyf.com',2,'0',1,NULL,5,1,NULL,'2014-08-06 03:27:42','MEX',NULL,5,2548,8,'0',350,'Alvarez',0),(128583,'Ariana Ebenezer','Perez','F','1988-02-02','abiluzcruz@gmail.com',3,'0',1,NULL,5,4,NULL,'2014-08-06 03:37:45','MEX',NULL,5,2548,10,'0',350,'Juarez',0),(128584,'Linnet Karen','Amador','F','1997-02-02','linnette2910@live.com.mx',2,'1',1,NULL,5,1,NULL,'2014-08-06 03:43:11','MEX',NULL,1,3587,2,'1',700,'Solis',0),(128585,'Francisco Jesus','Alvarado ','M','1993-02-02','breck_monuhr@hotmail.com',2,'1',1,NULL,5,1,NULL,'2014-08-06 03:47:40','MEX',NULL,1,3589,8,'1',700,'Soto',0),(128586,'Carlos Humberto','Sanchez','M','1961-09-09','carlossanchez1536@outlook.mx',2,'0',1,NULL,5,4,NULL,'2014-08-06 04:00:52','MEX',NULL,12,2547,10,'1',700,'Naredo',0),(128587,'Claudia','Gonzalez','F','0000-00-00','claudiaglez:cruz@hotmail.com',3,'1',1,NULL,5,5,NULL,'2014-08-06 04:03:15','MEX',NULL,5,2548,10,'1',700,'Cruz',0),(128589,'Javier','Rivera','M','1980-09-09','xavi_09@live.com.mx',1,'0',1,NULL,5,5,NULL,'2014-08-06 04:04:59','MEX',NULL,8,2518,10,'1',700,'Bonilla',0),(128591,'Mario Alberto','Rodriguez','M','1953-09-09','mario_may@hotmail.com',1,'0',1,NULL,5,3,NULL,'2014-08-06 04:09:43','MEX',NULL,8,2518,10,'1',700,'Soto',0),(128592,'Karla Elizabeth','Ramos','F','1995-05-05','karla_e_yazmin10@hotmail.com',3,'1',1,NULL,5,4,NULL,'2014-08-06 04:13:07','MEX',NULL,12,2547,10,'1',700,'Cobos',0),(128593,'Juan','Beltran ','M','1966-05-05','juavelt@hotmail.com',4,'1',1,NULL,5,5,NULL,'2014-08-06 04:19:20','MEX',NULL,5,2548,10,'1',700,'Lozano',0),(128594,'Maria Josefina','Perez','F','1958-09-09','jose_perezcano@hotmail.com',1,'1',1,NULL,5,3,NULL,'2014-08-06 06:03:54','MEX',NULL,8,2518,10,'1',700,'Cano',0),(128595,'Maria de Jesus','Monroy','F','1985-12-03','j.aflores@hotmail.com',2,'1',1,NULL,5,1,NULL,'2014-08-06 06:06:01','MEX',NULL,8,2518,10,'1',700,'Cruz',0),(128596,'Lucia Magdalena','Olguin','F','0000-00-00','pelusinsin@yahoo.com.mx',3,'1',1,NULL,5,2,NULL,'2014-08-06 06:07:43','MEX',NULL,5,2548,10,'1',700,'Ruiz',0),(128597,'Edson Maximino','Mendez','M','1981-02-02','max_mendez_music@hotmail.com',2,'1',1,NULL,5,2,NULL,'2014-08-06 06:09:25','MEX',NULL,8,2518,10,'1',700,'Mendez',0),(128598,'Jose','Cartagena ','M','2001-09-09','olopoi@hotmail.com',1,'0',1,NULL,5,4,NULL,'2014-08-06 06:10:59','MEX',NULL,12,2547,10,'1',700,'Rodriguez',0),(128599,'Omar Yesith','Ruiz','M','1984-09-09','oruiz@iyf.com',2,'1',1,NULL,5,3,NULL,'2014-08-06 06:12:52','MEX',NULL,5,2548,10,'1',700,'Perez',0),(128600,'Itzel Anel','Mujica','F','1994-04-04','imujica@iyf.com',1,'1',1,NULL,5,1,NULL,'2014-08-06 06:14:40','MEX',NULL,5,2548,10,'1',700,'Juarez',0),(128601,'Ana Elvia','Mercado','F','1989-09-09','aeml_girl@hotmail.com',3,'0',1,NULL,5,4,NULL,'2014-08-06 06:16:25','MEX',NULL,12,2547,10,'1',700,'Lara',0),(128602,'Rocio','Espinoza','F','1963-09-09','respinoza@iyf.com',2,'1',1,NULL,5,3,NULL,'2014-08-06 06:20:24','MEX',NULL,5,2551,10,'0',350,'Villareal',0),(128603,'Ninive','Osorio','F','2000-09-09','ninive2709@hotmail.com',1,'1',1,NULL,5,4,NULL,'2014-08-06 06:23:11','MEX',NULL,12,2547,10,'1',700,'Dominguez',0),(128604,'Diana','Espinoza','F','1969-09-09','despinoza@iyf.com',3,'1',1,NULL,5,3,NULL,'2014-08-06 06:25:03','MEX',NULL,5,2551,10,'0',350,'Villareal',0),(128605,'Juan Carlos','Moreno','M','1961-02-02','jcmoreno@iyf.com',1,'0',1,NULL,5,4,NULL,'2014-08-06 06:26:50','MEX',NULL,12,2547,10,'1',700,'Santiago',0),(128606,'Bibiana ','Rodriguez','F','1980-09-09','bibi775@hotmail.com',2,'1',1,NULL,5,5,NULL,'2014-08-06 06:28:39','MEX',NULL,5,2548,10,'1',700,'Torres',0),(128607,'Jorge ','Ososrio','M','1972-02-02','josorio@iyf.com',2,'1',1,NULL,5,4,NULL,'2014-08-06 14:31:32','MEX',NULL,12,2547,10,'1',700,'Ramirez',0),(128608,'Blanca Estela','Garcia','F','1984-09-02','blankiss_goodnews@outlook.com',1,'0',1,NULL,5,5,NULL,'2014-08-06 14:34:38','MEX',NULL,5,2548,10,'1',700,'Martinez',0),(128609,'Felipe','Vazquez','M','1950-02-02','fvazquez@iyf.com',1,'1',1,NULL,5,4,NULL,'2014-08-06 14:36:35','MEX',NULL,12,2547,10,'1',700,'Gil',0),(128610,'Dulce Maria','Juarez','F','1960-09-02','dmjuarez@iyf.com',1,'1',1,NULL,5,4,NULL,'2014-08-06 14:38:42','MEX',NULL,5,NULL,10,'1',700,'Gonzalez',0),(128611,'Sara Eugenia','Flores','F','1966-09-04','sara_eugenia.65@hotmail.com',3,'1',1,NULL,5,4,NULL,'2014-08-06 14:40:44','MEX',NULL,12,2547,10,'1',700,'Guzman',0),(128612,'Kevyn Elias','Moedano','M','1994-04-04','isonnyb@gmail.com',1,'1',1,NULL,5,2,NULL,'2014-08-06 14:42:34','MEX',NULL,5,2548,10,'1',700,'Hernandez',0),(128613,'Nathaly','Morales','F','1997-08-09','melisa_flores@outlook.com-mx',2,'1',1,NULL,5,4,NULL,'2014-08-06 14:51:04','MEX',NULL,12,2547,10,'1',700,'Flores',0),(128614,'Mariano Ezequiel','Moedano','M','1998-09-02','memoedano@iyf.com',2,'1',1,NULL,5,1,NULL,'2014-08-06 14:53:57','MEX',NULL,5,2548,8,'1',700,'Hernandez',0),(128615,'Ana Maria','Gleason','F','1949-09-09','amgleason@iyf,com',3,'1',1,NULL,5,3,NULL,'2014-08-06 14:55:55','MEX',NULL,5,2548,10,'1',700,'Santana',0),(128616,'Fernando ','Villegas','M','1957-12-02','fervillegas21@gmail.com',3,'0',1,NULL,5,4,NULL,'2014-08-06 14:57:58','MEX',NULL,12,2547,10,'1',700,'Salas',0),(128617,'Adriana ','Rodriguez','F','1974-09-02','adriana-pspg@live.com.mx',1,'0',1,NULL,5,4,NULL,'2014-08-06 15:00:23','MEX',NULL,12,2547,10,'1',700,'Resendiz',0),(128618,'Rossana ','Castro','F','1971-09-02','castr_rossana@hotmail.com',3,'0',1,NULL,5,4,NULL,'2014-08-06 15:01:58','MEX',NULL,12,2547,10,'1',700,'Lagunes',0),(128619,'Aldo ','Valenzuela','M','1998-02-04','chokoiyf@gmail.com',2,'1',1,NULL,5,3,NULL,'2014-08-06 15:03:56','MEX',NULL,12,2547,10,'1',700,'Barbosa',0),(128620,'Erik Adrian','Cartagena','M','1996-02-03','erikcr1996@hotmail.com',3,'0',1,NULL,5,4,NULL,'2014-08-06 15:05:40','MEX',NULL,12,2547,10,'1',700,'Rodriguez',0),(128621,'Silvia','Maldonado','F','1958-09-03','silvia maldonado hez@hotmail.com',4,'0',1,NULL,5,4,NULL,'2014-08-06 15:08:20','MEX',NULL,12,2547,10,'1',700,'Hernandez',0),(128622,'Balam Ulises','Trujano','M','1991-02-02','trujano_iyf@outlook.es',3,'1',1,NULL,5,5,NULL,'2014-08-06 15:10:40','MEX',NULL,12,2547,10,'1',700,'De La Cruz',0),(128623,'Onesimo','Cartagena','M','2000-02-02','rodriguezonec@hotmail.com',1,'0',1,NULL,5,4,NULL,'2014-08-06 15:15:48','MEX',NULL,12,2547,10,'1',700,'Rodriguez',0),(128624,'Gloria','Dominguez','F','1980-09-02','nijor2721@hotmail.com',3,'1',1,NULL,5,4,NULL,'2014-08-06 15:17:42','MEX',NULL,12,2547,10,'1',700,'Rossell',0),(128625,'Karen','Nochebuena','F','1998-02-02','knj_nochebuena@hotmail.com',2,'0',1,NULL,5,4,NULL,'2014-08-06 15:19:17','MEX',NULL,12,2547,10,'1',700,'Jimenez',0),(128626,'Marla','Marrun','F','1979-02-02','marlamarrun@hotmail.com',2,'1',1,NULL,5,4,NULL,'2014-08-06 15:20:52','MEX',NULL,12,2547,10,'1',700,'Maldonado',0),(128627,'Carlos','Prior','M','1984-09-02','priorinc@hotmail.com',3,'0',1,NULL,5,4,NULL,'2014-08-06 15:22:51','MEX',NULL,12,2547,10,'1',700,'Hernandez',0),(128628,'Angel','Nochebuena','M','1967-02-02','nochenoca@hotmail.com',3,'0',1,NULL,5,5,NULL,'2014-08-06 15:26:08','MEX',NULL,12,2547,10,'1',700,'Cruz',0),(128629,'Alejandro','Muñoz','M','1998-02-02','alejandrithomunozz@gmail.com',2,'1',1,NULL,5,4,NULL,'2014-08-06 15:27:35','MEX',NULL,12,2547,10,'1',700,'Ortiz',0),(128630,'Brenda Denise','Garcia','F','1995-09-03','follybren95@gmail.com',2,'0',1,NULL,5,1,NULL,'2014-08-06 15:29:18','MEX',NULL,1,3590,4,'0',350,'Marquez',0),(128631,'Leonardo','Saul','M','2000-11-02','xxpanervxx360@hotmail.com',1,'1',1,NULL,5,4,NULL,'2014-08-06 15:32:58','MEX',NULL,3,2546,8,'1',700,'Alonso',0),(128632,'Isai','Tellez','M','1998-02-02','isai_chivas15@hotmail.com',2,'1',1,NULL,5,4,NULL,'2014-08-06 15:34:33','MEX',NULL,3,2546,10,'1',700,'Diaz',0),(128633,'Edith Sarai','Marquez','F','1997-02-02','edith9705@hotmail.com',2,'0',1,NULL,5,1,NULL,'2014-08-06 15:36:08','MEX',NULL,1,3583,2,'1',700,'Vargas',0),(128634,'Monica','Perez','F','1977-02-02','mperez@iyf.com',1,'0',1,NULL,5,3,NULL,'2014-08-06 15:38:04','MEX',NULL,3,2529,10,'1',700,'Rodriguez',0),(128635,'Brenda Ivette','Rosales','F','1992-04-04','europa_ivette@hotmail.com',3,'1',1,NULL,5,5,NULL,'2014-08-06 15:39:32','MEX',NULL,3,2546,10,'1',700,'Santiago',0),(128636,'Marisela','Alonso','F','1977-02-02','isha_0405@hotmail.com',2,'0',1,NULL,5,5,NULL,'2014-08-06 15:41:49','MEX',NULL,3,2546,10,'1',700,'Flores',0),(128637,'Guadalupe Itzayana','Zacapala','F','1995-09-09','gzacapala@iyf.com',2,'1',1,NULL,5,3,NULL,'2014-08-06 15:49:10','MEX',NULL,3,2525,10,'1',700,'Gonzales',0),(128638,'Sara ','Zacapala','F','1996-02-02','szacapala@iyf.com',2,'1',1,NULL,5,3,NULL,'2014-08-06 15:51:13','MEX',NULL,3,2525,10,'1',700,'Gonzales',0),(128639,'Marycruz','Jimenez','F','1992-02-02','mjimenez@iyf.com',3,'1',1,NULL,5,2,NULL,'2014-08-08 20:12:45','MEX',NULL,1,3588,10,'1',700,'Perez',0),(128646,'Diego Alonso','Hernandez','M','1996-02-02','DiegoAlonsohdz.k@hotmail.com',2,'0',1,NULL,5,4,NULL,'2014-08-08 21:09:45','MEX',NULL,1,3588,10,'1',700,'Kanchi',0),(128653,'Antonio','Martinez','M','1966-02-02','amartinez@iyf.com',1,'0',1,NULL,5,4,NULL,'2014-08-08 21:54:28','MEX',NULL,3,NULL,10,'1',700,'Garcia',0),(128654,'Alma Delfina','Martinez','F','1998-02-02','almis_delfincito@hotmail.com',2,'0',1,NULL,5,4,NULL,'2014-08-08 21:59:39','MEX',NULL,3,NULL,10,'1',700,'Jimenez',0),(128655,'Isaias','Yong','M','1995-02-02','ceo_yse@naver.com',3,'0',1,NULL,5,4,NULL,'2014-08-08 22:07:47','MEX',NULL,3,2546,8,'1',700,'X',0),(128656,'Miriam Mahame ','Capon','F','1996-02-02','miryamcapon@hotmail.com',2,'0',1,NULL,5,3,NULL,'2014-08-08 22:14:22','MEX',NULL,1,3585,10,'0',350,'Gutierrez',0),(128657,'Angela Alejandra','Miravete','F','1996-02-02','alejandromiravete@hotmail.com',3,'0',1,NULL,5,2,NULL,'2014-08-08 22:19:37','MEX',NULL,1,NULL,2,'1',700,'Delate',0),(128658,'Daniela ','Olvera','F','1999-02-02','dov_isabel@hotmail.com',1,'0',1,NULL,5,2,NULL,'2014-08-08 22:23:45','MEX',NULL,1,3587,2,'0',350,'Vazquez',0),(128664,'Jessica Berenice','Cardoza','F','1995-02-02','jessiprinces1234@hotmail.com',2,'1',1,NULL,5,1,NULL,'2014-08-08 22:57:08','MEX',NULL,1,2544,1,'1',700,'Cardoza',0),(128665,'Veronica Aline ','Gomez','F','1992-02-02','vero.pk@hotmail.com',3,'1',1,NULL,5,1,NULL,'2014-08-08 23:00:18','MEX',NULL,5,2548,1,'1',700,'Dominguez',0),(128667,'Fabiola','Porquillo','F','1994-09-02','fabiiola.pr@gmail.com',3,'1',1,NULL,5,1,NULL,'2014-08-09 16:23:21','MEX',NULL,8,2670,1,'1',700,'Ramos',0),(128668,'Hyodong','Im','M','1991-02-03','feichangle@naver.com',3,'0',1,NULL,5,4,NULL,'2014-08-09 16:31:14','MEX',NULL,11,2534,8,'1',700,'',0),(128669,'Javier Armando','Torres','M','1982-09-03','jatorres@iyf.com',1,'0',1,NULL,5,3,NULL,'2014-08-09 16:35:50','MEX',NULL,5,2548,10,'1',700,'Ornelas',0),(128670,'Nanci','Bautista','F','1967-09-02','nancy_bautista10@hotmail.com',4,'0',1,NULL,5,1,NULL,'2014-08-09 16:38:08','MEX',NULL,5,2548,8,'0',350,'Hernandez',0),(128671,'Martha','Villaverde','F','1949-09-05','mvillaverde',3,'0',1,NULL,5,1,NULL,'2014-08-09 16:42:26','MEX',NULL,5,2548,1,'1',700,'Dominguez',0),(128672,'Leonardo','Ochoa','M','1996-09-02','lochoa@iyf.com',2,'0',1,NULL,5,1,NULL,'2014-08-09 16:49:40','MEX',NULL,5,2548,8,'1',700,'Ochoa',0),(128673,'Rebeca','RuizVelasco','F','1992-03-04','rbk_rvt-hola@hotmail.com',3,'1',1,NULL,5,1,NULL,'2014-08-09 16:57:12','MEX',NULL,5,2548,1,'1',700,'Trujillo',0),(128674,'Levi Emmanuel','Perez','M','2001-09-08','leperez@iyf.com',1,'1',1,NULL,5,2,NULL,'2014-08-09 17:03:17','MEX',NULL,5,NULL,8,'1',700,'Perez',0),(128675,'Alejandra','Nochebuena','F','1996-09-02','alexnochep@hotmail.com',2,'0',1,NULL,5,1,NULL,'2014-08-09 17:06:02','MEX',NULL,5,2548,1,'1',700,'Ponce',0),(128676,'Isai Francisco','Perez','M','1995-02-03','ifperez@iyf.com',2,'1',1,NULL,5,3,NULL,'2014-08-09 17:08:01','MEX',NULL,5,2548,1,'1',700,'Juarez',0),(128677,'Maria Fernanda','Piñon','F','1998-02-03','fer_300797@live.com.mx',2,'1',1,NULL,5,1,NULL,'2014-08-09 17:09:59','MEX',NULL,5,2529,8,'1',700,'Garcia',0),(128678,'Carlos','Lopez','M','1950-04-03','clopez@iyf.com',1,'1',1,NULL,5,3,NULL,'2014-08-09 17:12:06','MEX',NULL,5,2548,10,'0',350,'Lugo',0),(128679,'Ma.del Rosario','Garcia','F','1962-09-03','rosariotonix@prodigy.net.mx',4,'0',1,NULL,5,2,NULL,'2014-08-09 17:15:17','MEX',NULL,5,2551,8,'1',700,'Tonix',0),(128680,'Jakeline','Trejo','F','1992-03-04','jarukitaa@gmail.com',3,'1',1,NULL,5,1,NULL,'2014-08-09 17:22:10','MEX',NULL,10,NULL,7,'1',700,'',0),(128681,'Sandra Luz','Espinosa','F','1974-09-03','sespinosa@iyf.com',1,'0',1,NULL,5,1,NULL,'2014-08-09 17:25:19','MEX',NULL,5,2548,10,'1',700,'Mejia',0),(128682,'Noel Isaac','Lopez','M','1985-04-04','isak_lopez@hotmail.com',3,'1',1,NULL,5,4,NULL,'2014-08-09 17:28:05','MEX',NULL,5,2548,10,'1',700,'Vera',0),(128684,'Maria Teresa','Rangel','F','1986-09-09','tshalom_7@hotmail.com',2,'0',1,NULL,5,4,NULL,'2014-08-09 17:35:44','MEX',NULL,10,2521,10,'1',700,'Guerrero',0),(128685,'Albino ','Aguirre','F','1963-03-04','profralb@hotmail.com',2,'0',1,NULL,5,1,NULL,'2014-08-09 17:38:06','MEX',NULL,4,NULL,8,'1',700,'Torres',0),(128686,'Maria Clara','Escobar','F','1969-02-03','clarenero@hotmail.com',1,'0',1,NULL,5,1,NULL,'2014-08-09 17:41:14','MEX',NULL,4,NULL,8,'1',700,'Antonio',0),(128687,'Marisol','Campos','F','1991-09-02','sopa_sun4@hotmail.com',3,'1',1,NULL,5,1,NULL,'2014-08-09 17:43:03','MEX',NULL,1,3587,2,'1',700,'Garcia',0),(128688,'Leticia','Iniesta','F','1995-09-03','lety_hsmlove@hotmail.com',3,'1',1,NULL,5,3,NULL,'2014-08-09 17:45:13','MEX',NULL,1,3586,8,'1',700,'Silva',0),(128689,'David ','Zuñiga','M','1996-09-02','malabarizate@gmail.com',2,'0',1,NULL,5,1,NULL,'2014-08-09 17:48:58','MEX',NULL,3,2529,2,'0',350,'Ibarra',0),(128690,'Natzari Anahi','Ramos','F','1999-09-03','natzarimariposa@hotmail.com',1,'1',1,NULL,5,1,NULL,'2014-08-09 17:56:55','MEX',NULL,1,2517,10,'1',700,'Badillo',0),(128691,'Yareni Susana ','Ramos','F','2001-09-02','susyabejita@hotmail.com',1,'1',1,NULL,5,1,NULL,'2014-08-09 18:02:44','MEX',NULL,1,2517,10,'1',700,'Badillo',0),(128692,'Jessica','Pool','F','1991-06-27','jessica_poolm@hotmail.com',3,'0',1,NULL,5,1,NULL,'2014-08-09 18:07:18','MEX',NULL,7,2523,2,'1',700,'Marquez',0),(128693,'Sandra','Garcia','F','1985-09-03','mora_1145@hormail.com',2,'1',1,NULL,5,4,NULL,'2014-08-09 18:10:59','MEX',NULL,5,2548,10,'1',700,'Jimenez',0),(128694,'Veronica','Perez','F','1975-09-02','basti714@yahoo.com',1,'1',1,NULL,5,4,NULL,'2014-08-09 18:17:51','MEX',NULL,5,2548,10,'1',700,'Cruz',0),(128695,'Victor Manuel','Piña','M','1999-09-02','juggertito@hotmail.com',2,'1',1,NULL,5,2,NULL,'2014-08-09 18:35:08','MEX',NULL,12,2622,8,'1',700,'Asuncion',0),(128696,'Asalia','Arellanes','F','1992-05-14','azalia.arellanesarmenta',3,'0',1,NULL,5,1,NULL,'2014-08-09 18:38:56','MEX',NULL,1,2559,5,'1',700,'Armenta',0),(128697,'Sandra Abigail','Sanroman','F','1994-09-03','marback_23@hotmail.com',3,'0',1,NULL,5,1,NULL,'2014-08-09 18:38:56','MEX',NULL,8,2518,8,'1',700,'Saucedo',0),(128698,'Ruth','Sanroman','F','1998-02-03','rsanroman@iyf.com',1,'0',1,NULL,5,1,NULL,'2014-08-09 18:45:59','MEX',NULL,8,2518,8,'1',700,'Saucedo',0),(128699,'Blanca Valeria','Monrroy','F','1996-09-03','blareria_monroycullen@hotmail.com',2,'1',1,NULL,5,1,NULL,'2014-08-09 18:48:13','MEX',NULL,8,2518,8,'1',700,'Cruz',0),(128700,'Liliana Veronica','Vega ','F','1990-02-07','lilyvega.21@hotmail.com',3,'0',1,NULL,5,1,NULL,'2014-08-09 18:48:17','MEX',NULL,1,2559,5,'1',700,'Salmeron',0),(128701,'Maria Fernanda','Vera','F','1992-09-02','limpbizkit_92@hotmail.com',3,'1',1,NULL,5,1,NULL,'2014-08-09 18:50:15','MEX',NULL,1,3582,8,'1',700,'Mergruen',0),(128702,'Cesar','Perez','M','1993-09-03','raganarock616@gmail.com',3,'1',1,NULL,5,2,NULL,'2014-08-09 18:52:17','MEX',NULL,2,2578,8,'1',700,'Ordoñes',0),(128703,'Lisandra','Mc Pherson','F','1992-07-27','imagina_lulu@hotmail.com',3,'1',1,NULL,5,3,NULL,'2014-08-09 18:52:43','MEX',NULL,1,2546,8,'1',700,'Campos',0),(128704,'Imelda','Madero','F','1968-12-23','Sin email',2,'0',1,NULL,5,3,NULL,'2014-08-09 18:57:55','MEX',NULL,3,2546,10,'1',700,'Tejeda',0),(128705,'Reynol','Rosales','M','1967-06-22','rrosales',1,'0',1,NULL,5,3,NULL,'2014-08-09 19:03:11','MEX',NULL,3,2546,10,'1',700,'San Agustin',0),(128706,'Imelda','Rosales','F','1996-05-03','irosales@iyf.com',2,'0',1,NULL,5,3,NULL,'2014-08-09 19:08:46','MEX',NULL,3,2546,10,'1',700,'Madero',0),(128707,'Remis','Rosales','M','1990-01-26','rrosales@iyf.com',3,'0',1,NULL,5,3,NULL,'2014-08-09 19:12:30','MEX',NULL,3,2546,10,'1',700,'Madero',0),(128708,'Paulina','Alvarez','F','1988-04-12','tuli_pau@hotmail.com',3,'0',1,NULL,5,1,NULL,'2014-08-09 19:17:14','MEX',NULL,1,2559,8,'1',700,'Corrales',0),(128709,'Pamela','Muñoz','F','1988-07-02','pamela24115@hotmail.com',3,'1',1,NULL,5,1,NULL,'2014-08-09 19:29:06','MEX',NULL,1,3585,10,'1',700,'Hernandez',0),(128710,'Yarely','Dominguez','F','1996-04-23','yare_DIOS.tkmnlo@hotmail.com',2,'1',1,NULL,5,4,NULL,'2014-08-09 19:34:40','MEX',NULL,1,2546,2,'1',700,'Juncal',0),(128711,'Daniel Alberto','Ramirez ','M','1990-09-03','danielalbertoramirez2013@gmail.com',3,'1',1,NULL,5,1,NULL,'2014-08-09 19:38:35','MEX',NULL,1,3586,8,'1',700,'Perez',0),(128712,'Jenny Laura','Diaz ','F','1990-03-15','j.laura_dc@hotmail.com',3,'1',1,NULL,5,1,NULL,'2014-08-09 19:46:09','MEX',NULL,8,2518,1,'1',700,'Castellanos',0),(128713,'Zoar Elizabeth','Guerrero','F','1990-11-03','zege.psico@gmail.com',3,'1',1,NULL,5,2,NULL,'2014-08-09 19:52:45','MEX',NULL,1,3594,2,'0',350,'Estrada',0),(128714,'Martha Maria','Figueroa ','F','1990-08-04','martha.fibar@gmail.com',3,'0',1,NULL,5,2,NULL,'2014-08-09 19:58:08','MEX',NULL,11,2590,2,'1',700,'Barajas',0),(128715,'Jorge Antonio','De la Cruz','M','1982-09-29','sonidoritmoyson@gmail.com',2,'1',1,NULL,5,1,NULL,'2014-08-09 20:03:21','MEX',NULL,5,2671,2,'1',700,'Ferrer',0),(128716,'Joselyn','Nuñez','F','1992-05-06','Joss1406@hotmail.com',3,'1',1,NULL,5,1,NULL,'2014-08-09 20:06:55','MEX',NULL,1,3587,2,'1',700,'Lopez',0),(128717,'Luis Alberto','Hernandez','M','1995-02-07','lubehermo@hotmail.com',2,'0',1,NULL,5,1,NULL,'2014-08-09 20:09:40','MEX',NULL,1,2519,1,'1',700,'Morales',0),(128718,'Marcela','Hernandez','F','1990-05-08','cerezalore-bou21@hotmail.com',2,'0',1,NULL,5,1,NULL,'2014-08-09 20:13:13','MEX',NULL,8,2518,8,'1',700,'Cabrera',0),(128719,'Ana Laura','Leon','F','1995-11-07','k-irsa@hotmail.com',2,'1',1,NULL,5,1,NULL,'2014-08-09 20:17:06','MEX',NULL,8,2518,8,'1',700,'Sotero',0),(128720,'Vasthi','Garcia ','F','1990-08-24','reve_16@hotmail.com',3,'0',1,NULL,5,2,NULL,'2014-08-09 20:21:25','MEX',NULL,8,2518,8,'1',700,'Quezada',0),(128721,'Paola','Galan','F','1995-08-03','paocristal_14@hotmail.com',3,'1',1,NULL,5,1,NULL,'2014-08-09 20:28:47','MEX',NULL,8,2518,8,'1',700,'Lopez',0),(128722,'Jorge ','Zavaleta','M','1996-04-23','mikey_@hotmail.com',1,'0',1,NULL,5,1,NULL,'2014-08-09 20:31:58','MEX',NULL,8,2518,1,'1',700,'Jimenez',0),(128723,'Josue','Villalba','M','1986-01-07','jmslvillalba@hotmail.com',3,'0',1,NULL,5,1,NULL,'2014-08-09 20:35:14','MEX',NULL,8,2518,8,'1',700,'Villalba',0),(128724,'Omar','Mendez','M','1991-05-06','seokcdd@hotmail.com',1,'1',1,NULL,5,1,NULL,'2014-08-09 20:38:18','MEX',NULL,8,2518,8,'1',700,'Ceron',0),(128725,'Josue','Olarte','M','2001-09-20','saupi-239@hotmail.com',1,'0',1,NULL,5,1,NULL,'2014-08-09 20:41:06','MEX',NULL,8,2518,1,'1',700,'Figueroa',0),(128726,'Jose Ivan','Mendez ','M','1991-03-29','nocecuales182@hotmail.com',1,'0',1,NULL,5,1,NULL,'2014-08-09 20:45:46','MEX',NULL,8,2518,8,'1',700,'Pedroza',0),(128727,'Abril Arely','Ramos','F','1993-06-30','pluky-abril@hotmail.com',3,'0',1,NULL,5,1,NULL,'2014-08-09 20:50:47','MEX',NULL,8,2518,8,'1',700,'Perez',0),(128728,'Luis Amado','Tablas','M','1991-02-16','guicho_320@hotmail.com',2,'0',1,NULL,5,1,NULL,'2014-08-09 20:54:44','MEX',NULL,8,2518,8,'1',700,'De Jesus',0),(128729,'Erika','Castillo','F','1994-10-04','erikacastilloriverae@gmail.com',2,'0',1,NULL,5,3,NULL,'2014-08-09 20:58:25','MEX',NULL,8,2518,8,'1',700,'Rivera',0),(128730,'Monserrat','Vega','F','1997-02-17','rock_starstuck@hotmail.com',2,'1',1,NULL,5,1,NULL,'2014-08-09 21:02:05','MEX',NULL,1,3588,8,'1',700,'Garcia',0),(128731,'Sandra ','Paz','F','1995-08-16','miyuki_sam@hotmail.com',2,'1',1,NULL,5,1,NULL,'2014-08-09 21:05:17','MEX',NULL,1,3588,10,'1',700,'Martinez',0),(128732,'Josue','Torres','M','2000-09-27','josutorrespazarin@yahoo.com',1,'0',1,NULL,5,1,NULL,'2014-08-09 21:09:18','MEX',NULL,3,2546,1,'1',700,'Pazarin',0),(128733,'Roberto Andres','Lopez','M','1994-05-07','blackligth_29@hotmail.com',3,'1',1,NULL,5,1,NULL,'2014-08-09 21:15:04','MEX',NULL,2,NULL,8,'1',700,'Samudio',0),(128734,'Ana Karen','Silva','F','1998-02-21','ztrow1010@hotmail.com',2,'0',1,NULL,5,1,NULL,'2014-08-09 21:18:04','MEX',NULL,1,3580,1,'1',700,'Machuca',0),(128735,'Jose','Patiño ','M','1968-01-30','jose_doxxa@hotmail.com',1,'0',1,NULL,5,4,NULL,'2014-08-09 21:22:09','MEX',NULL,9,NULL,10,'1',700,'Mandujano',0),(128740,'Jose Manuel','Huitron','M','2000-12-11','yo991996@hotmail.com',2,'1',1,NULL,5,1,NULL,'2014-08-09 21:46:34','MEX',NULL,1,3586,2,'1',700,'Rodriguez',0),(128741,'March','Ramirez','F','1998-10-18','mramirez1@iyf.com',2,'0',1,NULL,5,1,NULL,'2014-08-09 21:51:45','MEX',NULL,1,3590,10,'0',350,'Saucedo',0),(128742,'Aimee Aketzalli','Mervo ','F','2002-06-15','AMervo@iyf.com',1,'0',1,NULL,5,1,NULL,'2014-08-09 21:55:57','MEX',NULL,1,NULL,10,'0',350,'Ortega',0),(128743,'Johan Alexis','Zaldivar ','M','2000-04-21','adnilkrys@yahoo.com.mx',1,'0',1,NULL,5,1,NULL,'2014-08-09 21:59:39','MEX',NULL,1,3590,10,'0',350,'Perez',0),(128745,'Rodrigo','Ortiz ','M','1997-02-03','ederman@live.com',2,'0',1,NULL,5,1,NULL,'2014-08-09 22:06:34','MEX',NULL,1,2601,1,'0',350,'Sanchez',0),(128748,'Jessica Viviana','Ramirez','F','1994-03-06','benjanitajessik@hotmail.com',3,'0',1,NULL,5,1,NULL,'2014-08-09 22:18:51','MEX',NULL,9,NULL,8,'1',700,'Pozas',0),(128749,'Jorge ','Medina','M','1995-08-28','cf.real94@hotmail.com',3,'0',1,NULL,5,1,NULL,'2014-08-09 22:21:10','MEX',NULL,9,NULL,8,'1',700,'Teniente',0),(128750,'Brenda','Lopez','F','1991-02-05','zoreliita@gmail.com',2,'0',1,NULL,5,1,NULL,'2014-08-09 22:25:35','MEX',NULL,1,2517,2,'1',700,'Paulin',0),(128751,'Isaac','Ortega','M','1994-06-04','juanandort13579@gmai.com',4,'0',1,NULL,5,1,NULL,'2014-08-09 22:28:06','MEX',NULL,1,3583,10,'1',700,'Martinez',0),(128752,'Krystal','Lopez','F','0000-00-00','klopez@iyf.com',2,'0',1,NULL,5,1,NULL,'2014-08-09 22:31:27','MEX',NULL,1,2517,2,'1',700,'Paulin',0),(128753,'Mario','Orozco','M','1993-10-23','biohazard_crack@hotmail.com',3,'1',1,NULL,5,1,NULL,'2014-08-09 22:34:40','MEX',NULL,1,2546,8,'1',700,'Gutierrez',0),(128754,'Sergio Alberto','Fernandez','M','1993-11-01','listyery_fp@hotmail.com',2,'1',1,NULL,5,1,NULL,'2014-08-09 22:38:20','MEX',NULL,1,3590,2,'1',700,'Perez',0),(128755,'Lourdes María','Ponce de Leon','F','2000-04-14','vesurez@yahoo.com',1,'0',1,NULL,5,1,NULL,'2014-08-09 22:42:11','MEX',NULL,1,3582,10,'0',350,'Barrios',0),(128756,'Aketzalli','Montiel','F','1993-01-08','aket_107rod@hotmail.com',3,'0',1,NULL,5,1,NULL,'2014-08-09 22:45:58','MEX',NULL,1,3586,8,'1',700,'Quevedo',0),(128757,'Aracely ','Ramos ','F','1992-12-04','somar_odaicerp@hotmail.com',3,'1',1,NULL,5,2,NULL,'2014-08-09 22:50:19','MEX',NULL,6,2516,8,'1',700,'Preciado',0),(128758,'Luis Javier','Lozano','M','1988-11-25','wuissiyf@gmail.com',3,'1',1,NULL,5,4,NULL,'2014-08-09 22:53:52','MEX',NULL,6,2516,10,'1',700,'Cruz',0),(128759,'Amparo','Ramirez ','F','1992-03-05','ztharpalil_pinq@hotmail.com',3,'0',1,NULL,5,1,NULL,'2014-08-09 22:59:32','MEX',NULL,3,2546,10,'1',700,'Durand',0),(128760,'Noemi Celina','Perez','F','1992-02-07','noemi.celina@outlook.com',3,'0',1,NULL,5,1,NULL,'2014-08-09 23:02:58','MEX',NULL,3,2546,10,'1',700,'Verastegui',0),(128761,'Susana','Rojas','F','0000-00-00','zuzana_rr4993@hotmail.com',3,'0',1,NULL,5,1,NULL,'2014-08-09 23:21:28','MEX',NULL,1,2525,10,'1',700,'Ramirez',0),(128762,'Araceli Rocio','Arroyo','F','1976-05-03','aarroyo@iyf.com',1,'0',1,NULL,5,1,NULL,'2014-08-09 23:24:42','MEX',NULL,5,2548,10,'1',700,'Marquez',0),(128763,'Mauricio ','Del Villar','M','1997-05-08','mdelvillar@iyf.com',2,'0',1,NULL,5,1,NULL,'2014-08-09 23:27:52','MEX',NULL,5,2548,10,'1',700,'Arroyo',0),(128764,'Lucero','Hernandez','F','1999-02-09','luzeritolucero@outlook.es',1,'1',1,NULL,5,1,NULL,'2014-08-09 23:31:31','MEX',NULL,5,NULL,10,'1',700,'Christen',0),(128765,'Elizabeth','Serrato','F','1993-02-18','eliz_sp7@hotmail.com',3,'1',1,NULL,5,1,NULL,'2014-08-09 23:37:35','MEX',NULL,10,2538,10,'1',700,'Palencia',0),(128766,'Gina Itzel','Garcia ','F','1994-11-30','ginai_gpinello123@hotmail.com',3,'1',1,NULL,5,1,NULL,'2014-08-09 23:51:13','MEX',NULL,1,3594,10,'1',700,'Pinello',0),(128767,'Abigail','Moreles','F','1996-09-25','quijanoabi@hotmail.com',2,'0',1,NULL,5,1,NULL,'2014-08-09 23:54:06','MEX',NULL,1,3588,1,'1',700,'Quijano',0),(128768,'Monica ','Peralta','F','1995-08-30','moni30951891@hotmail.com',2,'1',1,NULL,5,1,NULL,'2014-08-09 23:59:39','MEX',NULL,1,3582,2,'1',700,'Torres',0),(128769,'Miriam Monserrat','Cruz','F','1999-03-06','yose270@hotmail.com',2,'1',1,NULL,5,1,NULL,'2014-08-11 22:16:17','MEX',NULL,1,3585,8,'1',700,'Palomera',0),(128770,'Oscar','Gonzalez','M','1989-06-23','oscargonzalezmuñoz@gmail.com',3,'0',1,NULL,5,1,NULL,'2014-08-11 22:30:16','MEX',NULL,1,3581,10,'0',350,'Muñoz',0),(128771,'Nancy Patricia','Soriano','F','1981-11-06','smnp81@hotmail.com',3,'1',1,NULL,5,1,NULL,'2014-08-11 22:39:30','MEX',NULL,5,NULL,2,'1',700,'Mancilla',0),(128772,'Atenas Fernanda Dhearlleane','Lara','F','1993-06-16','fer1308_priincezZ-hp@hotmail.com',3,'0',1,NULL,5,1,NULL,'2014-08-11 22:52:40','MEX',NULL,11,2534,2,'1',700,'Barrios',0),(128773,'Montserrat Carolina','Perez','F','1998-11-12','children95@hotmail.com',2,'0',1,NULL,5,1,NULL,'2014-08-11 23:34:08','MEX',NULL,1,3586,1,'1',700,'Torralba',0),(128774,'Ana María','Muñoz','F','1995-07-08','annieamoon7@gmail.com',2,'0',1,NULL,5,1,NULL,'2014-08-11 23:43:40','MEX',NULL,1,3592,8,'0',350,'Veloza',0),(128775,'Juan','Francisco','M','1990-12-11','fco.amb@gmail.com',3,'1',1,NULL,5,1,NULL,'2014-08-11 23:55:04','MEX',NULL,1,3583,2,'0',350,'Ambrosio',0),(128776,'Dalis','Reyes','F','1995-03-10','sopiepussicat@live.com.mx',3,'0',1,NULL,5,2,NULL,'2014-08-11 23:58:42','MEX',NULL,11,2534,2,'1',700,'Palma',0),(128777,'Margarita','Rivera','M','0000-00-00','x',1,'1',1,NULL,5,4,NULL,'2014-08-12 00:00:15','MEX',NULL,3,2546,10,'1',700,'Ortiz',0),(128778,'Joane Astarte','Sibran','M','0000-00-00','asibran@gmail.com',3,'1',1,NULL,5,1,NULL,'2014-08-12 00:05:56','MEX',NULL,1,3595,8,'1',700,'Perez Gomez',0),(128779,'Alejandra Jazeth','Deralta','F','1997-04-09','alex_mzzl@hotmail.com',2,'0',1,NULL,5,1,NULL,'2014-08-12 00:10:17','MEX',NULL,11,2590,8,'1',700,'Tena',0),(128780,'Sandra','Fernandez','F','0000-00-00','sandy.estrella@hotmail.com',2,'0',1,NULL,5,4,NULL,'2014-08-12 00:10:50','MEX',NULL,3,2546,10,'1',700,'Rivera',0),(128781,'Abigail','Fernandez','F','2002-12-20','abideflow2014@hotmail.com',1,'1',1,NULL,5,4,NULL,'2014-08-12 00:16:43','MEX',NULL,3,2546,10,'1',700,'Rivera',0),(128782,'JUAN JOSE','Dominguez','M','1999-05-29','john1505.jj.@hotmail.com',2,'0',1,NULL,5,1,NULL,'2014-08-12 00:22:59','MEX',NULL,12,NULL,8,'1',700,'Hernandez',0),(128783,'Marista','Hernandez','F','1979-06-09','mamimexican@hotmail.com',2,'0',1,NULL,5,1,NULL,'2014-08-12 00:30:39','MEX',NULL,12,NULL,8,'1',700,'Vazquez',0),(128784,'Oscar','Rodriguez','M','1992-08-16','oscar_r_diaz@hotmail.com',3,'0',1,NULL,5,1,NULL,'2014-08-12 00:35:38','MEX',NULL,11,NULL,8,'1',700,'Diaz',0),(128785,'Daniela','Fernandez ','F','1999-01-17','dfernandez@iyf.com',1,'0',1,NULL,5,4,NULL,'2014-08-12 00:37:44','MEX',NULL,3,2546,9,'1',700,'Rivera',0),(128786,'Jose Luis','Paniagua','M','1991-06-22','jpaniagua@iyf.com',3,'1',1,NULL,5,1,NULL,'2014-08-12 00:44:11','MEX',NULL,3,2537,8,'1',700,'Alcaraz',0),(128787,'Azucena','Gutierrez','F','1985-05-15','outofthedark775@hotmail.com',2,'0',1,NULL,5,1,NULL,'2014-08-12 00:49:04','MEX',NULL,11,NULL,1,'1',700,'Solis',0),(128788,'Veronica','Vieyra','F','1991-02-08','vero-vive@hotmail.com',3,'1',1,NULL,5,4,NULL,'2014-08-12 00:50:50','MEX',NULL,12,2547,10,'1',700,'Velazquez',0),(128789,'David','Ortega','M','2000-03-07','DavidSalcedo560@gamil.com',1,'0',1,NULL,5,3,NULL,'2014-08-12 00:59:17','MEX',NULL,11,2534,8,'1',700,'Salcedo',0),(128790,'Marco Antonio','Aristeo','M','1989-09-09','sk1py@hotmail.com',3,'1',1,NULL,5,1,NULL,'2014-08-12 01:01:45','MEX',NULL,1,3591,8,'0',350,'Gomez',0),(128791,'Pedro','Paniagua','M','1992-07-09','ppaniagua@iyf.com',1,'1',1,NULL,5,1,NULL,'2014-08-12 01:08:20','MEX',NULL,3,2537,8,'1',700,'Alcaraz',0),(128792,'Gricelda','Salcedo','F','1981-07-15','vaqueero8019@live.com.mx',2,'0',1,NULL,5,1,NULL,'2014-08-12 01:12:27','MEX',NULL,11,NULL,2,'1',700,'Vaquero',0),(128793,'Abigail Yaffa','Figueroa','F','1996-07-13','abifi784@gmail.com',2,'0',1,NULL,5,1,NULL,'2014-08-12 01:26:21','MEX',NULL,11,2590,8,'1',700,'Barajas',0),(128794,'Fabiola','Paniagua','F','1994-12-24','fpaniagua@iyf.com',3,'1',1,NULL,5,1,NULL,'2014-08-12 01:26:57','MEX',NULL,3,2537,8,'1',700,'Alcaraz',0),(128795,'Jonathan Javier','Ponce','M','1984-03-28','jonas_pn@hotmail.com',4,'1',1,NULL,5,4,NULL,'2014-08-12 01:32:48','MEX',NULL,12,2547,10,'1',700,'Navarro',0),(128796,'Andrea','Paniagua','F','1996-01-30','apaniagua@iyf.com',3,'1',1,NULL,5,1,NULL,'2014-08-12 01:37:11','MEX',NULL,3,2537,8,'1',700,'Alcaraz',0),(128797,'Eduardo','Rodriguez','M','1995-11-16','duar77@hotmail.com',3,'0',1,NULL,5,3,NULL,'2014-08-12 01:42:08','MEX',NULL,11,2534,8,'1',700,'Sosa',0),(128798,'Veronica','Paniagua','F','1998-09-13','vpaniagua@iyf.com',2,'1',1,NULL,5,1,NULL,'2014-08-12 01:56:17','MEX',NULL,3,2537,8,'1',700,'Alcaraz',0),(128799,'Jennifer','Mancilla','F','1992-11-02','kenny-jenny05@hotmail.com',2,'0',1,NULL,5,1,NULL,'2014-08-12 01:58:45','MEX',NULL,11,2590,2,'1',700,'Trevino',0),(128800,'Karla Jazmín','Paniagua','F','1999-12-11','Kpaniagua@iyf.com',1,'1',1,NULL,5,1,NULL,'2014-08-12 01:59:43','MEX',NULL,3,2537,8,'1',700,'Alcaraz',0),(128801,'Veronica','Alcaraz','F','1973-02-28','valcaraz@iyf.com',3,'1',1,NULL,5,1,NULL,'2014-08-12 02:12:38','MEX',NULL,3,2537,8,'1',700,'Perez',0),(128802,'Cesar','Hernandez','M','1983-05-10','cesarhernandez@hotmail.com',2,'1',1,NULL,5,1,NULL,'2014-08-12 02:18:32','MEX',NULL,3,2546,1,'1',700,'García',0),(128803,'Catalina','Acosta','F','1959-11-30','cacosta@iyf.com',1,'1',1,NULL,5,4,NULL,'2014-08-12 02:23:14','MEX',NULL,3,2529,10,'1',700,'Mireles',0),(128804,'Alejandra','Anaya','F','1995-09-28','aanaya@iyf.com',3,'1',1,NULL,5,4,NULL,'2014-08-12 02:28:15','MEX',NULL,3,2546,10,'1',700,'Modesto',0),(128805,'Ceila Sarai','Jimenez','F','1988-06-18','izumyaoi@hotmail.com',2,'0',1,NULL,5,2,NULL,'2014-08-12 02:28:35','MEX',NULL,11,2534,2,'1',700,'Jaimes',0),(128806,'Leonor','Modesto','F','1970-10-05','lmodesto@iyf.com',1,'1',1,NULL,5,4,NULL,'2014-08-12 02:32:46','MEX',NULL,3,2546,10,'1',700,'Cantorio',0),(128807,'Yolath karina','Hernandez','F','1995-10-05','kari_undeywrol@hotmail.com',2,'0',1,NULL,5,1,NULL,'2014-08-12 02:40:53','MEX',NULL,11,2654,NULL,'1',700,'Alvarez',0),(128808,'Lizbeth','Albarran','F','1994-05-12','lizi.29_94@hotmail.com',3,'0',1,NULL,5,1,NULL,'2014-08-12 02:41:00','MEX',NULL,3,2546,10,'1',700,'Vasquez',0),(128809,'Jorge Eduardo','Guzman','M','1993-09-21','guzman_je@outlook.com',3,'1',1,NULL,5,1,NULL,'2014-08-12 02:46:42','MEX',NULL,3,2546,10,'1',700,'Alonso',0),(128810,'Lidia Liliana','De La Cruz','F','1995-04-24','lindi_lily@hotmail.com',3,'0',1,NULL,5,1,NULL,'2014-08-12 02:47:17','MEX',NULL,1,3585,1,'1',700,'Solis',0),(128811,'Lisset','Perez ','F','1996-11-24','acuarious9@gmail.com',2,'0',1,NULL,5,1,NULL,'2014-08-12 02:53:39','MEX',NULL,1,3586,8,'1',700,'Medina',0),(128812,'Cynthia','Aguilar','F','1990-03-17','kimcynthia19@hotmail.com',3,'1',1,NULL,5,1,NULL,'2014-08-12 03:00:23','MEX',NULL,1,3587,NULL,'1',700,'Chalico',0),(128813,'Karla Vianey Isabel','Alvares ','F','1984-12-09','karlachong@gmail.com',4,'1',1,NULL,5,1,NULL,'2014-08-12 03:06:17','MEX',NULL,4,2573,8,'1',700,'Chong',0),(128814,'Norma Elizabeth','Ramírez','F','0000-00-00','nramírez@iyf.com',3,'1',1,NULL,5,4,NULL,'2014-08-12 03:12:41','MEX',NULL,6,2516,8,'1',700,'Blanco',0),(128815,'José Francisco','Vázquez','M','1949-12-09','richard_gnc@hotmail.com',3,'1',1,NULL,5,4,NULL,'2014-08-12 03:17:44','MEX',NULL,4,2573,10,'1',700,'Domínguez',0),(128816,'Graciela Josefina Gloria','Treviño','F','1963-06-14','belagato_62@hotmail.com',4,'0',1,NULL,5,1,NULL,'2014-08-12 03:17:50','MEX',NULL,11,2590,1,'1',700,'De Lara',0),(128817,'Alejandro','Herrera','M','1996-08-31','alex_hz96@hotmail.com',2,'0',1,NULL,5,1,NULL,'2014-08-12 03:22:39','MEX',NULL,4,2573,8,'0',350,'Zamora',0),(128818,'Ioonmee','Irigoy','F','1982-12-24','yirigoy@hotmail.com',3,'0',1,NULL,5,4,NULL,'2014-08-12 03:52:48','MEX',NULL,4,2573,10,'1',700,'lee',0),(128819,'Diana','Galindo','F','1994-07-13','dianagalinbar@hotmail.com',3,'0',1,NULL,5,1,NULL,'2014-08-12 04:00:11','MEX',NULL,9,NULL,10,'1',700,'Barajas',0),(128820,'Dora','Alonso','F','1959-09-09','alonsodora@hotmail.com',3,'1',1,NULL,5,1,NULL,'2014-08-12 04:05:39','MEX',NULL,6,2516,8,'1',700,'Gonzáles',0),(128821,'Damara','Cruz','F','1992-06-09','neko11.boo@hotmail.es',3,'1',1,NULL,5,1,NULL,'2014-08-12 04:09:19','MEX',NULL,4,2612,1,'1',700,'Boo',0),(128822,'Valeria ','Montaño ','F','2001-05-28','valeboo2011@hotmail.com',1,'1',1,NULL,5,1,NULL,'2014-08-12 04:14:03','MEX',NULL,4,2612,1,'1',700,'Boo',0),(128823,'Jessica Fernanda ','Escalante','F','1996-09-06','jessi_tous@hotmail.com',2,'1',1,NULL,5,1,NULL,'2014-08-12 04:18:42','MEX',NULL,1,3585,1,'1',700,'Cortez',0),(128824,'Juan Rodolfo','Garza','M','1989-04-20','rodolfogzahdz@gmail.com',3,'1',1,NULL,5,1,NULL,'2014-08-12 04:22:25','MEX',NULL,7,2552,NULL,'1',700,'Hernández',0),(128825,'Ayde','Aguilar','F','0000-00-00','lisasimpson_22@hotmail.com',2,'0',1,NULL,5,1,NULL,'2014-08-12 04:24:35','MEX',NULL,8,2518,2,'1',700,'Abriz',0),(128826,'Pablo','Reyes','M','1989-08-11','pablin_it@hotmail.com',2,'0',1,NULL,5,2,NULL,'2014-08-12 04:30:01','MEX',NULL,11,NULL,8,'1',700,'Bauitista',0),(128827,'Andrea Berenice','Pereda ','F','1995-03-12','bere_deathnote@live.com',2,'0',1,NULL,5,1,NULL,'2014-08-12 04:38:55','MEX',NULL,9,NULL,8,'1',700,'Guzmán',0),(128828,'Rodrigo Ulises','Cervantes','M','1997-05-17','rodriulises@hotmail.com',2,'0',1,NULL,5,1,NULL,'2014-08-12 04:39:06','MEX',NULL,9,2536,NULL,'1',700,'Uribe',0),(128829,'Francisco Javier','Garcia','M','1976-03-12','reivajfgogmez@icloud.com.mx',2,'0',1,NULL,5,1,NULL,'2014-08-12 04:45:48','MEX',NULL,2,NULL,8,'1',700,'Gomes',0),(128830,'Ariadna Neftalhy','Barragan','F','1998-07-01','mirandjoss@hotmail.com',2,'0',1,NULL,5,1,NULL,'2014-08-12 04:48:21','MEX',NULL,11,2534,8,'1',700,'Rodriguez',0),(128831,'Maria Eugenia','Gomez','F','1957-07-17','mgomez@iyf.com',1,'1',1,NULL,5,1,NULL,'2014-08-12 04:54:20','MEX',NULL,2,NULL,8,'1',700,'Alvarez',0),(128832,'Jesus Ernesto','Morales','M','1974-09-15','balamjemm101@hotmail.com',3,'0',1,NULL,5,1,NULL,'2014-08-12 04:56:01','MEX',NULL,12,2547,NULL,'1',700,'Molina',0),(128833,'Alejandra','Fregoso','F','1980-12-31','afregoso1122@yahoo.com.mx',3,'0',1,NULL,5,1,NULL,'2014-08-12 04:58:39','MEX',NULL,1,3593,2,'1',700,'Fregoso',0),(128834,'Alejandro','Ramirez','M','1988-04-15','alexnew1@live.com.mx',3,'0',1,NULL,5,NULL,NULL,'2014-08-12 05:02:20','MEX',NULL,1,2588,10,'1',700,'Nuñez',0),(128835,'Patricia','Mendoza','F','1996-12-07','yumiami',2,'0',1,NULL,5,4,NULL,'2014-08-12 05:03:50','MEX',NULL,1,3585,10,'1',700,'Solis',0),(128836,'Lesly Diana','Morales','F','1995-08-13','leszzly@hotmail.com',3,'1',1,NULL,5,1,NULL,'2014-08-12 05:07:24','MEX',NULL,4,2573,8,'1',700,'Salazar',0),(128837,'Mildred Yaressi','Gómez','F','1988-07-04','haru8_8@hotmail.com',1,'0',1,NULL,5,1,NULL,'2014-08-12 05:07:46','MEX',NULL,9,NULL,2,'1',700,'Piña',0),(128838,'Sagrario Isabel','Miranda','F','1991-09-23','izzie_ichbinglucklich@hotmail.com',3,'1',1,NULL,5,2,NULL,'2014-08-12 05:13:36','MEX',NULL,6,2524,2,'1',700,'Baéz',0),(128839,'Ruben','Mancilla','M','2000-12-03','phosquitolag@gmail.com',1,'0',1,NULL,5,1,NULL,'2014-08-12 05:16:44','MEX',NULL,5,2548,1,'1',700,'Guadarrama',0),(128840,'Cecilia','Garduño','F','1991-08-12','secreto-911@hotmail.com',3,'0',1,NULL,5,1,NULL,'2014-08-12 05:24:06','MEX',NULL,11,NULL,2,'1',700,'Rocha',0),(128841,' Laura Ixchel','Juarez ','F','1995-05-16','alaixch@hotmail.com',2,'1',1,NULL,5,1,NULL,'2014-08-12 05:25:43','MEX',NULL,1,3589,8,'1',700,'Cortez',0),(128842,'Julio Cesar ','Retana','M','1995-04-12','pormisfans@gmail.com',3,'0',1,NULL,5,1,NULL,'2014-08-12 05:29:13','MEX',NULL,1,3591,2,'1',700,'García',0),(128843,'Ingrid Janeth ','Carrera ','F','1994-07-17','ingrid.118@hotmail.com',3,'1',1,NULL,5,1,NULL,'2014-08-12 05:32:47','MEX',NULL,4,2573,8,'1',700,'Herrera',0),(128844,'Cesia Elisa','Puentes ','F','1993-04-06','ces.noyola@gmail.com',3,'1',1,NULL,5,1,NULL,'2014-08-12 05:34:02','MEX',NULL,11,NULL,2,'1',700,'Noyola',0),(128845,'Jose Javier','Salazar','M','2001-03-16','guerito1903@gmail.com',1,'1',1,NULL,5,1,NULL,'2014-08-12 14:03:44','MEX',NULL,12,2547,NULL,'1',700,'Lara',0),(128846,'Josefina ','Camacho','F','1959-06-28','jose_cecy@hotmail.com',3,'0',1,NULL,5,1,NULL,'2014-08-12 14:05:00','MEX',NULL,9,2556,8,'1',700,'García',0),(128847,'Diana Laura','Puetes','F','1994-11-27','pins_enamorada@hotmail.com',3,'1',1,NULL,5,1,NULL,'2014-08-12 14:12:43','MEX',NULL,1,NULL,2,'1',700,'Noyola',0),(128848,'Brenda Helen','Hernández','F','1996-05-13','Brenda_morena11@hotmail.com',3,'1',1,NULL,5,1,NULL,'2014-08-12 14:33:36','MEX',NULL,6,2527,2,'1',700,'López',0),(128849,'Sara Yeshika','Galván','F','1994-09-12','barbie_de_plastico@hotmail.com',3,'0',1,NULL,5,1,NULL,'2014-08-12 14:33:38','MEX',NULL,5,2551,1,'1',700,'Herrera',0),(128850,'Luis Alberto','Vargas','M','1990-06-24','mateoedenred@hotmail.com',3,'0',1,NULL,5,1,NULL,'2014-08-12 14:41:20','MEX',NULL,1,3580,1,'0',350,'Cruz',0),(128851,'Daniela','lópez','F','1993-02-09','dani_marin@live.com.mx',3,'0',1,NULL,5,1,NULL,'2014-08-12 14:46:34','MEX',NULL,6,2522,4,'1',700,'Juárez',0),(128852,'Tessa Giselle','Sarmiento','F','1996-11-02','tessa_jonas@hotmail.com',2,'1',1,NULL,5,3,NULL,'2014-08-12 14:50:19','MEX',NULL,4,2573,8,'1',700,'Vázquez',0),(128853,'Gilberto Julian','De la Orta','M','1986-09-18','adlemi_dan@hotmail.com',3,'0',1,NULL,5,4,NULL,'2014-08-12 14:53:02','MEX',NULL,7,2542,10,'1',700,'Hernandez',0),(128854,'Sofia','Gómez','F','1956-07-08','sgomez@iyf.com',3,'0',1,NULL,5,4,NULL,'2014-08-12 14:54:07','MEX',NULL,1,3588,1,'0',350,'Masariegoz',0),(128855,'Olga Libia','Rubio ','M','1990-09-09','olga_rubio43@hotmail.com',3,'1',1,NULL,5,4,NULL,'2014-08-12 14:59:02','MEX',NULL,7,2533,10,'1',700,'Camacho',0),(128856,'Natlia de Jesús','Cordova','F','1994-09-15','naty_19_2994@hotmail.com',3,'0',1,NULL,5,1,NULL,'2014-08-12 15:00:21','MEX',NULL,4,2573,8,'1',700,'Aniceto',0),(128857,'Leidy Cecilia','Reyes','F','1993-07-11','lei_1693@hotmail.com',3,'1',1,NULL,5,2,NULL,'2014-08-12 15:07:50','MEX',NULL,7,2568,8,'1',700,'Garcia',0),(128858,'Guillermo David','Cruz','M','1997-07-01','david_9702@hotmail.com',2,'1',1,NULL,5,1,NULL,'2014-08-12 15:10:20','MEX',NULL,7,2533,1,'1',700,'Hoyuela',0),(128859,'Edgar Moises','Avilez','M','1991-07-09','moy_138@hotmail.com',3,'1',1,NULL,5,3,NULL,'2014-08-12 15:11:56','MEX',NULL,7,2523,8,'0',350,'Bueno',0),(128860,'Vania Haruko','García de la Cadena','F','1995-08-24','chibichibi_ichigo_kraehe@hotmail.com',3,'1',1,NULL,5,3,NULL,'2014-08-12 15:13:51','MEX',NULL,1,3593,10,'1',700,'Granados',0),(128861,'Brenda Lizeth','Alvarez','F','1994-09-06','brenn0693@hotmail.com',2,'1',1,NULL,5,3,NULL,'2014-08-12 15:17:09','MEX',NULL,7,2579,8,'1',700,'Camacho',0),(128862,'Irvin Arturo','Orea','M','1996-03-02','irvinorea1@mail.com',3,'0',1,NULL,5,1,NULL,'2014-08-12 15:21:26','MEX',NULL,8,2518,8,'1',700,'Sanchez',0),(128863,'Alejandra ','Villarreal','F','1988-07-04','alejandra.villarreal90@hotmail.com',2,'1',1,NULL,5,2,NULL,'2014-08-12 15:21:40','MEX',NULL,7,2533,8,'1',700,'Rodriguez',0),(128864,'Martin Eduardo','Mateos','M','1995-02-03','martin.mateos.05@gmail.com',3,'0',1,NULL,5,1,NULL,'2014-08-12 15:26:04','MEX',NULL,8,2518,8,'1',700,'Tapia',0),(128865,'Constanza Abigail','Almeida','F','1992-12-09','abbigail_12@hotmail.com',2,'1',1,NULL,5,1,NULL,'2014-08-12 15:27:11','MEX',NULL,1,3588,1,'1',700,'Alcántara',0),(128866,'Jazmin Itzel','Valdes','F','1993-04-16','sebas_m_martinez@hotmail.com',2,'1',1,NULL,5,4,NULL,'2014-08-12 15:27:13','MEX',NULL,1,3583,8,'1',700,'Lopez',0),(128867,'Raul','Medina','M','1998-09-23','patito_medina@hotmail.com',2,'0',1,NULL,5,1,NULL,'2014-08-12 15:30:33','MEX',NULL,5,2551,10,'0',350,'Perez',0),(128868,'Lucia Esmeralda','Perez','F','1994-05-07','lucecita_laza@hotmail.com',3,'0',1,NULL,5,2,NULL,'2014-08-12 15:30:59','MEX',NULL,8,2518,8,'1',700,'Tellez',0),(128869,'Elidia Estefania','Barrientos','F','1990-10-30','elywelling_1734@hotmail.com',3,'0',1,NULL,5,3,NULL,'2014-08-12 15:34:47','MEX',NULL,7,2542,8,'0',350,'Mendoza',0),(128870,'José Eduardo','Castillero','M','1998-09-30','ozukakun@hotmail.com',3,'0',1,NULL,5,1,NULL,'2014-08-12 15:38:44','MEX',NULL,1,3580,8,'0',350,'Sánchez',0),(128871,'Junhyun','Park','M','1971-01-15','jpark@iyf.com',3,'0',1,NULL,5,4,NULL,'2014-08-12 15:43:46','COL',NULL,10,2257,10,'1',780,'',0),(128872,'Carolina','Pérez','F','1995-06-13','nilicoco@hotmail.com',3,'1',1,NULL,5,3,NULL,'2014-08-12 15:46:02','MEX',NULL,1,3588,10,'1',700,'Niño',0),(128873,'Emma Fernanda','Govea','F','1995-07-11','ale_jsa@hotmail.com',3,'1',1,NULL,5,1,NULL,'2014-08-12 15:49:53','MEX',NULL,7,2533,1,'1',700,'Delgado',0),(128874,'John','Sancor','M','1996-12-11','kon_jonathan@hotmail.com',2,'0',1,NULL,5,1,NULL,'2014-08-12 15:52:39','MEX',NULL,1,NULL,8,'0',350,'Contreras',0),(128875,'Yeni','Perez','F','1992-08-14','yen_kp_92@hotmail.com',3,'0',1,NULL,5,1,NULL,'2014-08-12 15:54:31','MEX',NULL,1,2535,NULL,'1',700,'Avila',0),(128876,'Pamela','Alvarado','F','1991-08-09','heenim_rella@hotmail.es',3,'1',1,NULL,5,1,NULL,'2014-08-12 15:57:04','MEX',NULL,1,3593,1,'1',700,'López',0),(128877,'Jonathan','Santos','M','1996-04-12','takashi_senpai@hotmail.com',2,'1',1,NULL,5,1,NULL,'2014-08-12 15:57:44','MEX',NULL,1,3580,1,'0',350,'Contreras',0),(128878,'Ana Georgina','Moya','F','1965-12-12','geo_moya@hotmail.com',3,'0',1,NULL,5,3,NULL,'2014-08-12 16:01:09','MEX',NULL,7,2523,10,'1',700,'Gonzales',0),(128879,'Maria Fernanda','Alvarado','F','1995-09-05','fer_criss@live.com',2,'0',1,NULL,5,1,NULL,'2014-08-12 16:04:07','MEX',NULL,9,2598,1,'1',700,'Ortiz',0),(128880,'Andrea','Gómez','F','1996-12-11','amdisumin@gmail.com',3,'0',1,NULL,5,1,NULL,'2014-08-12 16:05:34','MEX',NULL,3,2572,8,'1',700,'Sampedro',0),(128881,'Juana Estefanía','Alvarado','F','1994-07-01','flor_fani_1215@hotmail.com',3,'0',1,NULL,5,1,NULL,'2014-08-12 16:09:24','MEX',NULL,9,2598,1,'1',700,'Ortiz',0),(128882,'Sayra Ichel','Ortega','F','1996-08-07','ichelcisneros@live.com',2,'1',1,NULL,5,1,NULL,'2014-08-12 16:10:41','MEX',NULL,1,3581,8,'0',350,'Massé',0),(128883,'EON','LEE','M','1990-10-03','epark@iyf.com',2,'0',1,NULL,5,4,NULL,'2014-08-12 16:12:01','COL',NULL,10,2257,10,'1',780,'',0),(128884,'Francisco Javier','Muñoz ','M','1992-10-08','gutierrez__javier@hotmail.com',2,'0',1,NULL,5,1,NULL,'2014-08-12 16:17:20','MEX',NULL,1,NULL,8,'1',700,'Gutierrez',0),(128885,'Maricela','Robles','F','1987-11-27','mr@iyf.com',4,'1',1,NULL,5,4,NULL,'2014-08-12 16:18:29','MEX',NULL,1,2586,10,'1',700,'Diaz',0),(128886,'TAEHWI','KIM','M','1993-12-26','tkim@iyf.com',2,'0',1,NULL,5,4,NULL,'2014-08-12 16:19:27','COL',NULL,10,2257,10,'1',780,'',0),(128887,'manwoo','heo','M','1995-10-08','mheo@iyf.com',2,'0',1,NULL,5,4,NULL,'2014-08-12 16:22:31','COL',NULL,10,2257,10,'1',780,'',0),(128888,'Estela','Díaz','F','1949-12-02','ediaz@iyf.com',4,'1',1,NULL,5,4,NULL,'2014-08-12 16:24:21','MEX',NULL,11,2534,10,'1',700,'Nolasco',0),(128889,'Jessica ','De la Cruz','F','1992-07-09','jessicanux15@hotmail.com',3,'0',1,NULL,5,1,NULL,'2014-08-12 16:24:39','MEX',NULL,1,2525,8,'1',700,'Muñoz',0),(128890,'RUBEN','ACUÑA','M','1967-02-13','racuña@iyf.com',2,'0',1,NULL,5,4,NULL,'2014-08-12 16:24:52','COL',NULL,10,2257,10,'1',780,'',0),(128891,'WILSON ANDRES','ACUÑA','M','1968-12-25','wacuña@iyf.com',2,'0',1,NULL,5,4,NULL,'2014-08-12 16:27:35','COL',NULL,10,2257,10,'1',780,'CUERVO',0),(128892,'Rosa María','Rivero','F','1997-08-09','roseangelj@hotmail.com',2,'0',1,NULL,5,1,NULL,'2014-08-12 16:30:08','MEX',NULL,1,2592,8,'1',700,'Tovar',0),(128893,'Bianca Itzel','García','M','1987-01-29','igarcía@iyf.com',2,'1',1,NULL,5,4,NULL,'2014-08-12 16:31:24','MEX',NULL,1,3593,10,'1',700,'Piña',0),(128894,'JUAN NICOLAS ','MARTINEZ','M','2000-03-01','jmartinez@iyf.com',1,'0',1,NULL,5,3,NULL,'2014-08-12 16:33:10','COL',NULL,10,2257,10,'1',780,'BARRAGÁN',0),(128895,'Karina','Barragan','F','1969-05-07','barragankarina@yahoo.com',4,'0',1,NULL,5,1,NULL,'2014-08-12 16:35:08','MEX',NULL,1,3581,2,'1',700,'Garduño',0),(128896,'Marilu','Alberto','F','1991-06-16','la-peke-lulu@hotmail.com',2,'1',1,NULL,5,1,NULL,'2014-08-12 16:35:17','MEX',NULL,6,2641,NULL,'1',700,'Lucas ',0),(128897,'EYDAR GIOVANNI','BERNAL','M','1964-09-10','ebernal@iyf.com',2,'0',1,NULL,5,4,NULL,'2014-08-12 16:35:59','COL',NULL,10,2257,10,'1',780,'ARANDIA',0),(128898,'Alan','García','M','1995-06-12','five_star_music@live.com',3,'1',1,NULL,5,1,NULL,'2014-08-12 16:38:51','MEX',NULL,1,2525,8,'1',700,'Salas',0),(128899,'Jose Arturo','Duque','M','1952-07-21','jduque@iyf.com',2,'0',1,NULL,5,3,NULL,'2014-08-12 16:39:09','COL',NULL,10,2257,10,'1',780,'Arenas',0),(128900,'Sidney Miguel','Almaraz','F','1995-06-17','baner_whk88@hotmail.com',2,'1',1,NULL,5,1,NULL,'2014-08-12 16:41:17','MEX',NULL,8,2518,8,'1',700,'de la Cruz',0),(128901,'Baltazar','Leon','M','1966-05-27','bleon@iyf.com',2,'0',1,NULL,5,4,NULL,'2014-08-12 16:41:18','COL',NULL,10,2257,10,'1',780,'Fuentes',0),(128902,'Oziel','Ruiz','M','1995-12-03','jack_oziel@hotmail.com',3,'0',1,NULL,5,1,NULL,'2014-08-12 16:43:56','MEX',NULL,1,3585,1,'1',700,'Martinez',0),(128903,'Jorge Eliecer','Peña','M','1966-03-08','jpeña@iyf,com',1,'0',1,NULL,5,3,NULL,'2014-08-12 16:45:34','COL',NULL,10,2257,10,'1',780,'Rondon',0),(128904,'Miguel','Martinez','M','1982-10-11','mmartinez@iyf.com',3,'0',1,NULL,5,1,NULL,'2014-08-12 16:47:36','MEX',NULL,11,2534,8,'1',700,'Mendiola',0),(128905,'Miguel Antonio','Romero','M','1986-07-24','mromero@iyf.com',3,'0',1,NULL,5,3,NULL,'2014-08-12 16:47:37','COL',NULL,10,2257,10,'1',780,'Quintero',0),(128906,'Valeria Alejandra','Magaña','F','1998-08-09','v413.akira@hotmail.com',2,'0',1,NULL,5,1,NULL,'2014-08-12 16:49:09','MEX',NULL,7,2542,8,'1',700,'Hernández',0),(128907,'Juan Camilo','Barinas','M','1997-09-25','jbarinas@iyf.com',1,'0',1,NULL,5,4,NULL,'2014-08-12 16:49:42','COL',NULL,10,2257,10,'1',780,'Camargo',0),(128908,'Johnny Alexander','Barinas','M','1995-01-10','jbarinas',1,'0',1,NULL,5,4,NULL,'2014-08-12 16:52:51','COL',NULL,10,2257,10,'1',780,'Camargo',0),(128909,'Humberto','Huerta','M','1994-07-09','Humbertodisegno@hotmail.com',3,'1',1,NULL,5,1,NULL,'2014-08-12 16:54:18','MEX',NULL,6,2516,8,'1',700,'Gutierrez',0),(128910,'Diana María','Manzanares','F','1988-09-07','diana.manzanares@csc.femsa.com.mx',3,'0',1,NULL,5,3,NULL,'2014-08-12 16:55:23','MEX',NULL,7,2581,8,'1',700,'Acuña',0),(128911,'Edwar Andres','Acuña','M','1998-11-17','eacuña@iyf.com',1,'0',1,NULL,5,4,NULL,'2014-08-12 16:56:21','COL',NULL,10,2257,10,'1',780,'Espinosa',0),(128912,'Aide Cecilia','Lozano','F','1967-04-10','alozano@iyf.com',1,'0',1,NULL,5,4,NULL,'2014-08-12 16:58:48','COL',NULL,10,2257,10,'1',780,'Lozada',0),(128913,'Linda','Sánchez','F','1992-04-23','zzonexxlee@gmail.com',3,'1',1,NULL,5,1,NULL,'2014-08-12 16:59:05','MEX',NULL,6,2524,8,'1',700,'',0),(128914,'María Esther','Hernández','F','1969-07-08','hernandezmme66@hotmail.com',3,'0',1,NULL,5,1,NULL,'2014-08-12 16:59:58','MEX',NULL,7,2542,8,'1',700,'Mendoza',0),(128915,'Sergio Alejandro','Lopez','M','1970-11-24','slopez@iyf.com',1,'0',1,NULL,5,3,NULL,'2014-08-12 17:01:00','COL',NULL,10,2257,10,'1',780,'Perez',0),(128916,'David','Caro','M','1967-08-10','dcaro@iyf.com',3,'0',1,NULL,5,3,NULL,'2014-08-12 17:03:29','COL',NULL,10,2257,10,'1',780,'Montoya',0),(128917,'María Teresa','Cabrera','F','1986-10-17','tere.mta@gmail.com',3,'1',1,NULL,5,1,NULL,'2014-08-12 17:04:04','MEX',NULL,6,2516,2,'1',700,'González',0),(128918,'Adai','Roman','F','1989-05-06','ady.romzend@gmail.com',3,'1',1,NULL,5,1,NULL,'2014-08-12 17:04:48','MEX',NULL,1,3588,1,'0',350,'Zendejas',0),(128919,'Luis ','Nuñez','M','1985-01-05','lnuñez@iyf.com',2,'0',1,NULL,5,3,NULL,'2014-08-12 17:06:08','COL',NULL,10,2257,10,'1',780,'Ariza',0),(128920,'Armando','Morales','M','1966-07-15','armaham@live.com',1,'0',1,NULL,5,1,NULL,'2014-08-12 17:07:01','MEX',NULL,12,NULL,8,'1',700,'Ayala',0),(128921,'Ashley Rosalia','Gómez','F','1996-12-12','ashleydirectioner31@hotmail.com',3,'1',1,NULL,5,1,NULL,'2014-08-12 17:08:13','MEX',NULL,6,2516,2,'1',700,'',0),(128922,'Leonardo','Nuñez','M','1981-11-23','lenuñez@iyf.com',3,'0',1,NULL,5,3,NULL,'2014-08-12 17:09:07','COL',NULL,10,2257,10,'1',780,'Ariza',0),(128923,'Jin Seon','Choi','F','1969-03-03','jchoi@iyf.com',3,'0',1,NULL,5,4,NULL,'2014-08-12 17:11:08','COL',NULL,10,2257,10,'1',780,'',0),(128924,'Valeria','Hernández ','F','1994-12-11','ibitdanetvale@yahoo.com.mx',3,'0',1,NULL,5,1,NULL,'2014-08-12 17:11:16','MEX',NULL,5,NULL,2,'1',700,'Dominguez',0),(128925,'Yeji','Jang','F','1969-03-03','yjang@iyf.com',2,'0',1,NULL,5,3,NULL,'2014-08-12 17:14:02','nul',NULL,10,NULL,10,'1',0,'',0),(128927,'JooYoung ','Yang','M','1994-11-08','joyang@iyf.com',2,'0',1,NULL,5,4,NULL,'2014-08-12 17:19:49','COL',NULL,10,2257,10,'1',780,'',0),(128928,'Jung Hee','Park','F','1968-10-18','jupark@iyf.com',2,'0',1,NULL,5,4,NULL,'2014-08-12 17:22:11','COL',NULL,10,2257,10,'1',780,'',0),(128929,'Elvira Nahomi','Olvera','F','1994-12-11','elviranahomi@hotmail.com',3,'0',1,NULL,5,1,NULL,'2014-08-12 17:27:09','MEX',NULL,5,2548,2,'1',700,'Briones',0),(128930,'Sebastián','Angeles','M','2000-12-24','lupitacalzada@yahoo.com.mx',1,'0',1,NULL,5,1,NULL,'2014-08-12 17:30:06','MEX',NULL,3,2546,8,'1',700,'Calzada',0),(128931,'Carlos Manuel','Ovando','M','1969-03-27','covando@iyf.com',1,'1',1,NULL,5,1,NULL,'2014-08-12 17:59:09','MEX',NULL,12,2547,8,'1',700,'Cadena',0),(128932,'Mariana','Palafox','F','1995-01-28','calistomillarka@hotmail.com',2,'1',1,NULL,5,3,NULL,'2014-08-12 18:04:17','MEX',NULL,1,3583,10,'0',350,'de la Teja',0),(128934,'Veronica Virginia','Gomez','F','1990-03-14','rada_pottervico@hotmail.com',3,'0',1,NULL,5,1,NULL,'2014-08-12 18:15:38','MEX',NULL,1,3587,8,'1',700,'Sanchez',0),(128935,'María del Rosario','González','F','1976-07-23','glezhiyf.09@hotmail.com',2,'0',1,NULL,5,3,NULL,'2014-08-12 18:21:39','MEX',NULL,11,2621,10,'1',700,'Herrera',0),(128936,'Jazmín del Rocío','Núñez','F','1991-08-25','galvenios@gmail.com',3,'0',1,NULL,5,1,NULL,'2014-08-12 18:26:49','MEX',NULL,1,3585,1,'1',700,'Elizalde',0),(128937,'Berenice Gonzales ','','F','2001-11-22','Liz_beth_glez@hotmail.com',1,'1',1,NULL,5,1,NULL,'2014-08-12 18:33:05','MEX',NULL,1,2544,8,'1',700,'Cruz',0),(128938,'Luis Hernesto','Esteves','M','1994-11-11','lesteves@iyf.com',2,'0',1,NULL,5,1,NULL,'2014-08-12 18:36:50','MEX',NULL,12,NULL,1,'1',700,'Nolasco',0),(128939,'Arisdelssy','Gonzalez','F','1994-07-12','gonzzalez.ar@hotmail.com',3,'1',1,NULL,5,1,NULL,'2014-08-12 18:36:52','MEX',NULL,1,2544,8,'1',700,'Cruz',0),(128940,'Stephanie','Pacheco','F','1996-10-20','s-fanny@hotmail.es',2,'0',1,NULL,5,2,NULL,'2014-08-12 18:43:09','MEX',NULL,5,2682,2,'1',700,'Vieyra',0),(128941,'Jina','Lim','F','1995-08-04','wlskwlsk9109@nate.com',3,'0',1,NULL,5,4,NULL,'2014-08-12 18:46:42','MEX',NULL,12,2547,8,'1',700,'',0),(128944,'Martha','Romero','F','1958-03-05','maromero@iyf.com',2,'0',1,NULL,5,1,NULL,'2014-08-12 19:36:52','COL',NULL,10,2257,10,'1',780,'Lozano',0),(128945,'Deicy Johanna ','Cardenas','F','1990-06-21','dcardenas@iyf.com',2,'0',1,NULL,5,4,NULL,'2014-08-12 19:39:45','COL',NULL,10,2257,10,'1',780,'Espinosa',0),(128946,'Sandra Patricia','Daza','F','1975-10-25','sdaza@iyf.com',2,'0',1,NULL,5,4,NULL,'2014-08-12 19:42:21','COL',NULL,10,2257,NULL,'1',780,'Castro',0),(128947,'Ana Victoria ','Espinosa','F','1968-12-10','aespinosa@iyf.com',2,'0',1,NULL,5,4,NULL,'2014-08-12 19:44:27','COL',NULL,10,2257,10,'1',780,'Nova',0),(128948,'Mayra Lizeth','Barragan','F','1979-09-03','mbarragan@iyf.com',3,'0',1,NULL,5,3,NULL,'2014-08-12 19:46:44','COL',NULL,10,2257,10,'1',780,'Romero',0),(128949,'Maria de Jesus','Piraban','F','1962-08-16','mpiraban@iyf.com',2,'0',1,NULL,5,3,NULL,'2014-08-12 19:50:04','COL',NULL,10,2257,10,'1',780,'Guarnizo',0),(128950,'Arabelly','Blanco','F','1971-04-03','ablanco@iyf.com',2,'0',1,NULL,5,2,NULL,'2014-08-12 19:54:14','COL',NULL,10,2257,10,'1',780,'Veloza',0),(128951,'Derly Adriana','Sanchez','F','1979-03-07','dsanchez@iyf.com',1,'0',1,NULL,5,3,NULL,'2014-08-12 20:13:19','COL',NULL,10,2257,10,'1',780,'Hernandez',0),(128952,'Edga Johana','Bernal','F','1977-11-12','edbernal@iyf.com',3,'0',1,NULL,5,4,NULL,'2014-08-12 20:17:32','COL',NULL,10,2257,10,'1',780,'Medina',0),(128953,'Ricardo Andres','Molina','M','1985-07-25','rmolina@iyf.com',1,'0',1,NULL,5,4,NULL,'2014-08-12 20:19:50','COL',NULL,10,2257,10,'1',780,'Bastidas',0),(128954,'Carlos Antonio','Cordero','M','1982-09-24','ccordero@iyf.com',3,'0',1,NULL,5,4,NULL,'2014-08-12 20:23:06','COL',NULL,10,2257,10,'1',780,'Iriarte',0),(128955,'Alcira ','Perez','F','1944-09-14','alperez@iyf.com',1,'0',1,NULL,5,1,NULL,'2014-08-12 20:25:51','COL',NULL,10,2257,10,'1',780,'',0),(128956,'Lorena','Peña','F','1998-05-04','lpeña@iyf.com',1,'0',1,NULL,5,4,NULL,'2014-08-12 20:31:31','COL',NULL,10,2257,10,'1',780,'Rodriguez',0),(128957,'Laura ','Peña','F','1998-05-04','laupeña@iyf.com',1,'0',1,NULL,5,4,NULL,'2014-08-12 20:35:55','COL',NULL,10,2257,10,'1',780,'Rodriguez',0),(128958,'Sandra Milena','Velasquez','M','1982-02-18','svelasquez@iyf.com',3,'0',1,NULL,5,3,NULL,'2014-08-12 20:38:31','COL',NULL,10,2257,10,'1',780,'Garcia',0),(128959,'Heidy Milena','Guzman','F','1974-09-09','hguzman@iyf.com',3,'0',1,NULL,5,4,NULL,'2014-08-12 20:42:23','COL',NULL,10,2257,10,'1',780,'',0),(128960,'Leonor  ','Joya','M','1948-02-06','ljoya@iyf.com',1,'0',1,NULL,5,1,NULL,'2014-08-12 20:45:29','COL',NULL,10,2257,10,'1',780,'Quintero',0),(128961,'Nubia','Diaz','F','1979-10-10','ndiaz@iyf.com',1,'0',1,NULL,5,3,NULL,'2014-08-12 20:49:11','COL',NULL,10,2257,10,'1',780,'Saavedra',0),(128962,'Sonia Paola','Sanchez','F','1986-06-10','sosanchez@iyf.com',2,'0',1,NULL,5,4,NULL,'2014-08-12 20:53:22','COL',NULL,10,2257,10,'1',780,'Laverde',0),(128963,'Raquel','Guzman','F','1943-07-31','rguzman@iyf.com',1,'0',1,NULL,5,3,NULL,'2014-08-12 20:55:42','COL',NULL,10,2257,10,'1',780,'',0),(128964,'Ana Dora','Calderón','F','1948-02-29','acalderon@iyf.com',3,'0',1,NULL,5,3,NULL,'2014-08-12 20:57:34','COL',NULL,10,2257,NULL,'1',780,'',0),(128965,'Sully Estefanía','Chamba','F','1992-05-13','schamba@iyf.com',3,'0',1,NULL,5,3,NULL,'2014-08-12 21:01:30','COL',NULL,10,2257,10,'1',780,'Moreno',0),(128966,'Vhirley Patricia','Chamba','F','1995-07-08','vchamba@iyf.com',3,'0',1,NULL,5,3,NULL,'2014-08-12 21:21:43','ECU',NULL,10,594,10,'1',780,'Moreno',0),(128967,'Tamia Gabriela','De la Cruz','F','1990-07-19','tdelacruz@iyf.com',3,'0',1,NULL,5,3,NULL,'2014-08-12 21:23:58','ECU',NULL,10,594,NULL,'1',780,'Sanchez',0),(128968,'Jesús Ivan ','Rodríguez','M','1998-07-14','machis1@hotmail.com',2,'0',1,NULL,5,1,NULL,'2014-08-12 21:28:38','MEX',NULL,9,2536,1,'1',700,'Anquino',0),(128969,'Karen Michelle','Gomez','F','1995-09-16','kgomez@iyf.com',3,'0',1,NULL,5,3,NULL,'2014-08-12 21:32:06','ECU',NULL,10,594,10,'1',780,'Gaibor',0),(128970,'Adriana','Marín','F','1988-03-06','adris_marin87@hotmail.com',2,'1',1,NULL,5,1,NULL,'2014-08-12 21:32:12','MEX',NULL,5,2548,10,'0',350,'Urrunia',0),(128971,'Mishell Estefania','Cabrera','F','1993-12-03','mcabrera@iyf.com',3,'0',1,NULL,5,3,NULL,'2014-08-12 21:33:55','ECU',NULL,10,594,10,'1',780,'Garzón',0),(128972,'Erik Alejandro','Puentes','M','1997-07-09','erizo19_puce@hotmail.com',2,'1',1,NULL,5,1,NULL,'2014-08-12 21:35:26','MEX',NULL,11,2590,2,'1',700,'Cervantes',0),(128973,'Lucia Amada','Garzón','F','1964-11-07','lgarzon@iyf.com',2,'0',1,NULL,5,3,NULL,'2014-08-12 21:36:14','ECU',NULL,10,594,10,'1',780,'Gonzalez',0),(128974,'Senovia Magdalena','Copo','F','1959-08-27','scopo@iyf.com',2,'0',1,NULL,5,3,NULL,'2014-08-12 21:40:11','ECU',NULL,10,594,10,'1',780,'Guijarro',0),(128975,'Sebastian Johann','Maldonado','M','1992-05-17','smaldonado@iyf.com',2,'1',1,NULL,5,4,NULL,'2014-08-12 21:40:20','MEX',NULL,1,3583,8,'1',700,'Martinez',0),(128976,'Raúl','Guijarro','M','1960-05-28','rguijarro@iyf.com',2,'0',1,NULL,5,1,NULL,'2014-08-12 21:42:12','ECU',NULL,10,594,10,'1',780,'Lopez',0),(128977,'Karla Diosda','Magaña','F','1998-04-01','Karli_roses98@hotmail.com',2,'1',1,NULL,5,1,NULL,'2014-08-12 21:42:20','MEX',NULL,5,2548,8,'1',700,'Dominguez',0),(128978,'Liliana Estela','Vinueza ','F','1960-01-15','lvinueza@iyf.com',3,'0',1,NULL,5,3,NULL,'2014-08-12 21:45:46','ECU',NULL,10,594,10,'1',780,'Yepez',0),(128979,'Efyang Janaki','Corona','F','1992-09-09','yang_janaki@hotmail.com',3,'1',1,NULL,5,1,NULL,'2014-08-12 21:46:08','MEX',NULL,1,2577,1,'1',700,'Chehue',0),(128980,'Beny Monserrat','Miranda','F','2001-04-02','bmiranda@iyf.com',1,'0',1,NULL,5,1,NULL,'2014-08-12 21:47:58','MEX',NULL,5,2548,10,'0',350,'Garrido',0),(128981,'Evelyn Noemi','Trejo','F','1992-12-31','etrejo@iyf.com',3,'0',1,NULL,5,3,NULL,'2014-08-12 21:48:05','ECU',NULL,10,594,10,'1',780,'Vinueza',0),(128982,'Elvia Yadira','Orozco','F','1997-04-07','eorozco@iyf.com',3,'0',1,NULL,5,3,NULL,'2014-08-12 21:50:12','ECU',NULL,10,594,10,'1',780,'Uzhca',0),(128984,'David','Bermudez','M','1996-09-09','polb.indust@hotmail.com',2,'1',1,NULL,5,2,NULL,'2014-08-12 21:51:16','MEX',NULL,8,2518,8,'1',700,'Ponce',0),(128985,'Magdalena del Carmen','Cuvi','F','1959-10-30','mcuvi@iyf.com',2,'0',1,NULL,5,3,NULL,'2014-08-12 21:52:16','ECU',NULL,10,594,10,'1',780,'Paz',0),(128986,'Maria de Carmen ','Jimenez','F','1988-09-30','carmenjimorrisuz@hotmail.com',3,'0',1,NULL,5,1,NULL,'2014-08-12 21:53:05','MEX',NULL,3,2546,10,'1',700,'Magaña',0),(128987,'Gloria','Paz ','F','1959-10-20','gpaz@iyf.com',2,'0',1,NULL,5,1,NULL,'2014-08-12 21:54:13','ECU',NULL,10,594,10,'1',780,'Lara',0),(128988,'Guillermo Benjamin','Lopez','M','1995-09-09','barcelona.12@hotmail.com',3,'1',1,NULL,5,1,NULL,'2014-08-12 21:56:25','MEX',NULL,8,2518,8,'1',700,'Bolaños',0),(128989,'Giselle Carolina','Aules ','F','1989-08-04','gaules@iyf.com',3,'0',1,NULL,5,3,NULL,'2014-08-12 21:56:59','ECU',NULL,10,594,10,'1',780,'Alvarado',0),(128991,'Dulce Itzel','Pinto','F','1998-12-30','dulcecorazhon@hotmail.com',2,'0',1,NULL,5,1,NULL,'2014-08-12 21:57:37','MEX',NULL,5,2548,10,'1',700,'Padilla',0),(128992,'Mercy Lorena','Eras ','F','1987-08-15','meras@iyf.com',3,'0',1,NULL,5,3,NULL,'2014-08-12 22:00:52','ECU',NULL,10,594,10,'1',780,'Galarza',0),(128993,'Hyelin ','Jang','F','1994-01-06','hjang@iyf.com',3,'0',1,NULL,5,4,NULL,'2014-08-12 22:03:39','ECU',NULL,10,594,10,'1',780,'',0),(128994,'Sohui','Lee','F','1993-09-03','slee@iyf.com',3,'0',1,NULL,5,4,NULL,'2014-08-12 22:05:49','ECU',NULL,10,594,10,'1',780,'',0),(128995,'Su Jin','Park','F','1991-10-07','spark@iyf.com',3,'0',1,NULL,5,4,NULL,'2014-08-12 22:08:14','ECU',NULL,10,594,10,'1',780,'',0),(128996,'SeonMi','Jin','F','1994-04-02','sjin@iyf.com',3,'0',1,NULL,5,4,NULL,'2014-08-12 22:10:35','ECU',NULL,10,594,10,'1',780,'',0),(128997,'Dae Seong','Park','M','1994-10-02','dpark@iyf.com',3,'0',1,NULL,5,4,NULL,'2014-08-12 22:12:20','ECU',NULL,10,594,10,'1',780,'',0),(128998,'Sharon','Sanroman','F','0000-00-00','ssanroman@iyf.com',1,'0',1,NULL,5,1,NULL,'2014-08-12 22:12:36','MEX',NULL,8,2518,8,'1',700,'Saucedo',0),(128999,'Dae Hoon','Cheon','M','1988-10-14','dcheon@iyf.com',3,'0',1,NULL,5,4,NULL,'2014-08-12 22:13:52','ECU',NULL,10,594,10,'1',780,'',0),(129000,'TaeKang','Kwon','M','1982-09-14','tkwon',3,'0',1,NULL,5,4,NULL,'2014-08-12 22:16:02','ECU',NULL,10,594,10,'1',780,'',0),(129001,'InJu','Park','F','1982-06-13','ipark@iyf.com',3,'0',1,NULL,5,4,NULL,'2014-08-12 22:17:49','ECU',NULL,10,594,10,'1',780,'',0),(129002,'Lucila','Saucedo','F','1969-07-03','lsaucedo@iyf.com',2,'0',1,NULL,5,1,NULL,'2014-08-12 22:19:36','MEX',NULL,8,2518,8,'1',700,'Suarez',0),(129003,'Fernando','Sanroman','M','1967-03-09','fsanroman@iyf.com',2,'0',1,NULL,5,1,NULL,'2014-08-12 22:23:55','MEX',NULL,8,2518,8,'1',700,'Sosa',0),(129004,'sangoh','cho','M','1982-11-27','corla82@hotmail.com',3,'0',1,'iyf_df',2,7,NULL,'2014-08-12 22:27:00','MEX','853975b3a7d2cc64fd35f8d9568534c1',1,3583,10,'1',700,'',0),(129005,'Alejandra','Polo','F','1985-05-20','apolo@iyf.com',2,'0',1,NULL,5,3,NULL,'2014-08-12 22:28:37','PER',NULL,10,2890,10,'1',780,'Coba',0),(129006,'Amy','Arce','F','1944-01-05','aarce@iyf.com',3,'0',1,NULL,5,4,NULL,'2014-08-12 22:30:55','PER',NULL,10,2890,10,'1',780,'Flores',0),(129007,'Angel Osvaldo','Cartagena','M','0000-00-00','evangeltol@hotmail.com',3,'0',1,'iyf_veracruz',2,11,NULL,'2014-08-12 22:31:15','MEX','ffbf07a8a3127cd6cb2a54cc1828b39a',12,2547,10,'1',700,'Oviedo',0),(129008,'Daniel','Tuburcido','M','1986-06-12','caleb2512@live.com',3,'1',1,NULL,5,1,NULL,'2014-08-12 22:33:04','MEX',NULL,5,NULL,8,'1',700,'García',0),(129009,'Julian','García','M','1988-11-21','betta1988@hotmail.com',3,'0',1,NULL,5,1,NULL,'2014-08-12 22:33:21','MEX',NULL,5,2682,10,'1',700,'Dominguez',0),(129010,'Ernesto','Ballesteros','M','1974-11-23','goodnewsernesto@hotmail.com',3,'0',1,'iyf_queretaro',2,11,NULL,'2014-08-12 22:33:26','MEX','51f6c549d7303f0ca57738aade4c8106',9,NULL,10,'1',700,'Nuñoz',0),(129011,'Eduardo','Rojas','M','1971-04-05','laloiyfpanama@hotmail.com',3,'0',1,'iyf_atizapan',2,11,NULL,'2014-08-12 22:36:23','MEX','7625af213a774cb1a8968dbff05fd8e0',3,2546,10,'1',700,'Avila',0),(129012,'Lizbeth','Gonzalez','F','1992-10-05','lizgnz@iyf.com',3,'1',1,NULL,5,1,NULL,'2014-08-12 22:37:03','MEX',NULL,1,2544,1,'1',700,'Cruz',0),(129013,'Marco Antonio','Ramos','M','1988-07-16','pumitas11090@gimail.com',2,'0',1,NULL,5,1,NULL,'2014-08-12 22:38:42','MEX',NULL,5,2682,10,'1',700,'Zarco',0),(129014,'Ana Melany','Rimac','F','1990-05-12','arimac@iyf.com',2,'0',1,NULL,5,1,NULL,'2014-08-12 22:39:22','PER',NULL,10,2890,10,'1',780,'Quinhua',0),(129015,'Anali ','Quispe','F','1982-03-19','aquispe@iyf.com',3,'0',1,NULL,5,2,NULL,'2014-08-12 22:41:46','PER',NULL,10,2890,10,'1',780,'Meza',0),(129016,'Ana Lilia','Tuburcio','F','1883-09-07','analy2828@hotmail.com',3,'1',1,NULL,5,1,NULL,'2014-08-12 22:42:29','MEX',NULL,5,NULL,8,'1',700,'García',0),(129017,'Andrea Jhoseline','Baquerizo','F','1995-08-04','abaquerizo@iyf.com',3,'0',1,NULL,5,3,NULL,'2014-08-12 22:44:22','PER',NULL,10,2890,10,'1',780,'Aznaran',0),(129018,'Eduardo','Arellano ','M','1988-02-15','beatle_sk8@hotmail.com',3,'1',1,NULL,5,1,NULL,'2014-08-12 22:44:27','MEX',NULL,5,2548,8,'1',700,'Magaña',0),(129019,'Betty Milagros','Tirado','F','1988-11-04','btirado@iyf.com',2,'0',1,NULL,5,4,NULL,'2014-08-12 22:46:19','PER',NULL,10,2890,10,'1',780,'Salcedo',0),(129020,'Sangtae','Park','M','1973-03-12','iyf_mty@hotmail.com',3,'0',1,'iyf_monterrey',2,11,NULL,'2014-08-12 22:46:22','MEX','d53cff2a7e2a8eb0879082d701157670',7,2523,10,'1',700,'',0),(129021,'Paola Lilian','Luna','F','1985-11-09','ambersaori@outlook.com',2,'1',1,NULL,5,1,NULL,'2014-08-12 22:47:07','MEX',NULL,1,3590,2,'1',700,'Juarez',0),(129022,'Ivan','Garcia','M','1992-04-14','i.godo@hotmail.com',3,'0',1,NULL,5,1,NULL,'2014-08-12 22:48:36','MEX',NULL,3,2546,10,'1',700,'Dominguez',0),(129023,'Carlo Andre','Santi','M','1990-11-22','cbarreto@iyf.com',2,'0',1,NULL,5,4,NULL,'2014-08-12 22:50:49','PER',NULL,10,2890,10,'1',780,'Barreto',0),(129024,'Salvador','Perez','M','1976-04-13','salvatolperez@hotmail.com',3,'0',1,'iyf_toluca',2,11,NULL,'2014-08-12 22:51:47','MEX','f82398e9ebf14fcfa8a7322fde3c599c',11,2534,10,'1',700,'Garnica',0),(129025,'Noemi Salina','Perez','F','1993-08-03','nsalinas@iyf.com',3,'0',1,NULL,5,1,NULL,'2014-08-12 22:52:31','MEX',NULL,3,2546,10,'1',700,'Verostegui',0),(129026,'Carlos','Arias','M','1978-03-11','carias@iyf.com',2,'0',1,NULL,5,3,NULL,'2014-08-12 22:52:59','PER',NULL,10,2890,10,'1',780,'Silva',0),(129027,'Felipe','Hernandez','M','1958-10-24','felau58@gmail.com',1,'0',1,NULL,5,1,NULL,'2014-08-12 22:52:59','MEX',NULL,5,2548,8,'1',700,'Aguirre',0),(129028,'Diana','Amao ','F','1985-09-12','damao@iyf.com',3,'0',1,NULL,5,4,NULL,'2014-08-12 22:54:49','PER',NULL,10,2890,10,'1',780,'Espinoza',0),(129029,'Jacobo','Gonzalez','M','1996-03-17','jacobgnz@iyf.com',2,'1',1,NULL,5,1,NULL,'2014-08-12 22:55:19','MEX',NULL,1,2544,8,'1',700,'Cruz',0),(129030,'Edgar','Barajas','M','1979-04-23','edgar_iyf@hotmail.com',3,'0',1,'iyf_guadalajara',2,11,NULL,'2014-08-12 22:55:32','MEX','95c3995f20d7a900220113d1a86a4dc7',6,2516,10,'1',700,'Guerrero',0),(129031,'Vicente ','Magaña','M','1968-09-04','drmaganacheche@gmail.con',4,'0',1,NULL,5,1,NULL,'2014-08-12 22:56:25','MEX',NULL,5,NULL,1,'1',700,'Catalan',0),(129032,'Diego Rafael ','Ruiz','M','1994-08-01','druiz@iyf.com',2,'0',1,NULL,5,4,NULL,'2014-08-12 22:57:07','PER',NULL,10,2890,10,'1',780,'Mamani',0),(129033,'Emmanuel','Cruz','M','1981-11-23','cruz_iyf@hotmail.com',3,'0',1,'iyf_izcalli',2,11,NULL,'2014-08-12 22:57:54','MEX','51be7742757e5c9e1d233c86cbd96fe4',5,2548,10,'1',700,'Ruiz',0),(129034,'Jair','Islas','M','1995-05-02','caballerodorado_619@hotmail.com',2,'1',1,NULL,5,1,NULL,'2014-08-12 22:57:58','MEX',NULL,5,2551,8,'1',700,'Diaz',0),(129035,'Eli Yobana','Camavilca','F','1982-07-13','ecamavilca@iyf.com',2,'0',1,NULL,5,4,NULL,'2014-08-12 22:59:12','PER',NULL,10,2890,10,'1',780,'Yurivilca',0),(129036,'Ricardo','Torres','M','1984-06-03','rtorres@iyf.com',3,'0',1,'iyf_coatza',2,11,NULL,'2014-08-12 23:03:23','MEX','344330440be7882c35b84289e4b6f7ab',4,2573,10,'1',700,'Ornelas',0),(129037,'Benjamin','Marrun','M','1985-04-13','benn.marrun@gmail.com',3,'0',1,'iyf_puebla',2,11,NULL,'2014-08-12 23:07:26','MEX','56cca7ed13f8af71d344593292c3572a',8,2518,10,'1',700,'Maldonado',0),(129038,'Julio','Rodriguez','M','1986-05-03','kafei_ngc@hotmail.com',3,'0',1,'iyf_tijuana',2,11,NULL,'2014-08-12 23:10:05','MEX','bedfe7780b023afe742e529a5e70926c',10,2521,10,'1',700,'Boreta',0),(129039,'Cristopher','Leon','M','1984-02-15','iyf_acayuca_hidalgo@hotmail.com',3,'0',1,'iyf_acayuca',2,11,NULL,'2014-08-12 23:13:02','MEX','db0763b9492d0eb323a666d55d053a15',2,NULL,10,'1',700,'Gonzalez',0),(129040,'Vicente','Magaña','M','1995-09-17','vicentemagana@outlook',3,'0',1,NULL,5,1,NULL,'2014-08-12 23:23:45','MEX',NULL,5,2548,10,'1',700,'Dominguez',0),(129041,'Eugenia','Milla','F','1968-12-20','emilla@iyf.com',1,'0',1,NULL,5,4,NULL,'2014-08-12 23:24:04','PER',NULL,10,2890,10,'1',780,'Manrique',0),(129042,'Eusebia','Marcelo','F','1950-08-12','emarcelo@iyf.com',3,'0',1,NULL,5,3,NULL,'2014-08-12 23:26:57','PER',NULL,10,2890,10,'1',780,'Capcha',0),(129043,'David','Arellano','M','1994-07-03','lil_dav4@hotmail.com',3,'0',1,NULL,5,2,NULL,'2014-08-12 23:28:19','MEX',NULL,5,2548,10,'1',700,'Magaña',0),(129044,'Fanny ','Leon','F','1976-03-02','fleon@iyf.com',3,'0',1,NULL,5,2,NULL,'2014-08-12 23:28:36','PER',NULL,10,2890,10,'1',780,'Apaza',0),(129045,'Valeria','Reyes','F','1995-10-29','valery_0409@hotmail.com',2,'1',1,NULL,5,1,NULL,'2014-08-12 23:29:20','MEX',NULL,1,3583,1,'1',700,'Ramirez',0),(129046,'Feliciano','Chavez','M','1956-02-21','fchavez@iyf.com',3,'0',1,NULL,5,3,NULL,'2014-08-12 23:30:09','PER',NULL,10,2890,10,'1',780,'Calderon',0),(129047,'Felix','Cayo','M','1951-02-05','fcayo@iyf.com',3,'0',1,NULL,5,3,NULL,'2014-08-12 23:32:19','PER',NULL,10,2890,10,'1',780,'Camacho',0),(129048,'Perla Selene','Ruiz','F','1999-09-06','perlaseleneruizreyes@yahoo.com',2,'0',1,NULL,5,1,NULL,'2014-08-12 23:33:13','MEX',NULL,5,2548,10,'1',700,'Reyes',0),(129049,'Eduardo','Arellano','M','1958-03-25','edmodaqprodigy.net.mx',3,'0',1,NULL,5,2,NULL,'2014-08-12 23:33:34','MEX',NULL,5,NULL,9,'0',350,'Aceves',0),(129050,'Flor Victoria','Hernandez','F','1982-10-20','fhenandez@iyf.com',3,'0',1,NULL,5,3,NULL,'2014-08-12 23:36:02','PER',NULL,10,2890,10,'1',780,'Cerna',0),(129051,'Gladys','Palomino','F','1985-02-16','gpalomino@iyf.com',3,'0',1,NULL,5,3,NULL,'2014-08-12 23:38:17','PER',NULL,10,2890,10,'1',780,'Galindo',0),(129052,'Lizbeth','Marquez','F','1993-05-13','arely_magaly27_@hotmail.es',3,'0',1,NULL,5,1,NULL,'2014-08-12 23:38:23','MEX',NULL,1,3581,2,'1',700,'Galeana',0),(129053,'Juan Justino','Gonzales','F','1956-12-24','juanjustinog@gmail.com',2,'0',1,NULL,5,1,NULL,'2014-08-12 23:38:44','MEX',NULL,5,NULL,10,'0',350,'Hernandez',0),(129054,'Gregory','Ramirez','M','1983-01-02','grramirez@iyf.com',3,'0',1,NULL,5,4,NULL,'2014-08-12 23:40:47','PER',NULL,10,2890,10,'1',780,'Anglas',0),(129055,'Luis Ernesto','Estevez','M','1994-08-11','ernestotevez@iyf.com',2,'1',1,NULL,5,1,NULL,'2014-08-12 23:42:19','MEX',NULL,12,2622,1,'1',700,'Nolasco',0),(129056,'Gema Wendoline','Pinto','F','2001-03-19','gemewendy241@hotmail.com',1,'0',1,NULL,5,1,NULL,'2014-08-12 23:42:26','MEX',NULL,5,2548,10,'1',700,'Padilla',0),(129057,'Hellen Milagros','Pacheco','F','1980-10-20','hpacheco@iyf.com',3,'0',1,NULL,5,4,NULL,'2014-08-12 23:43:10','PER',NULL,10,2890,10,'1',780,'Alcocer',0),(129058,'Jae Hun','Jung','F','1990-11-28','jjung@iyf.com',3,'0',1,NULL,5,4,NULL,'2014-08-12 23:45:40','PER',NULL,10,2890,10,'1',780,'',0),(129059,'Martín','Macedo','M','1989-12-29','mmacedobaltazar@gmail.com',3,'1',1,NULL,5,1,NULL,'2014-08-12 23:46:19','MEX',NULL,5,NULL,10,'0',350,'Baltazar',0),(129060,'Pilar','Padilla','F','1993-12-31','starpily_4753@hotmail.com',2,'0',1,NULL,5,1,NULL,'2014-08-12 23:49:15','MEX',NULL,5,2548,10,'1',700,'Saucedo',0),(129061,'Javier Santos','Sanchez','M','1977-01-11','jsanchez@iyf.com',3,'0',1,NULL,5,4,NULL,'2014-08-12 23:51:58','PER',NULL,10,2890,10,'1',780,'Menendez',0),(129062,'Jean Harold','Varas','M','1990-02-04','jvaras@iyf.com',2,'0',1,NULL,5,NULL,NULL,'2014-08-12 23:54:10','PER',NULL,10,2890,NULL,'1',780,'Ramirez',0),(129063,'Maria Luisa','Ramos','F','1992-02-14','marialu_ramos@yahoo.com',1,'0',1,NULL,5,1,NULL,'2014-08-12 23:54:57','MEX',NULL,5,2682,10,'1',700,'Zarco',0),(129064,'Diosda Oralia','Dominguez','F','1963-08-23','ddominguez@iyf.com',3,'0',1,NULL,5,1,NULL,'2014-08-12 23:55:30','MEX',NULL,5,NULL,10,'0',350,'Perez',0),(129065,'Jem Suk','Lee','F','1971-01-10','jlee@iyf.com',3,'0',1,NULL,5,4,NULL,'2014-08-12 23:57:09','PER',NULL,10,2890,10,'1',780,'',0),(129066,'Jenrry','Canchomoni','M','1980-08-11','jcanchomoni@iyf.com',3,'0',1,NULL,5,2,NULL,'2014-08-13 00:00:31','PER',NULL,10,2890,NULL,'1',780,'',0),(129067,'Blanca','Arrellano','F','1962-09-02','barrellano@iyf.com',1,'1',1,NULL,5,1,NULL,'2014-08-13 00:00:35','MEX',NULL,5,NULL,10,'0',350,'Aceves',0),(129068,'Jessica','Checclo','F','1983-07-21','jchecclo@iyf.com',3,'0',1,NULL,5,2,NULL,'2014-08-13 00:02:46','PER',NULL,10,2890,10,'1',780,'Velarde',0),(129069,'Miriam Karen','Ramirez','F','1996-01-26','mirianbob@yahoo.com',1,'0',1,NULL,5,1,NULL,'2014-08-13 00:02:49','MEX',NULL,5,2548,10,'1',700,'Villego',0),(129070,'Cristofer','Herrera','M','1999-12-11','cherrera@iyf.com',1,'1',1,NULL,5,1,NULL,'2014-08-13 00:03:27','MEX',NULL,3,2525,10,'1',700,'Zacapala',0),(129071,'Jhan Carlos','Hinojosa','M','1993-04-03','jhinojosa@iyf.com',2,'0',1,NULL,5,3,NULL,'2014-08-13 00:05:04','PER',NULL,10,2890,10,'1',780,'Diestra',0),(129072,'Samuel Marin','Neri','M','1979-08-29','marin_neri@hotmail.com',1,'0',1,NULL,5,1,NULL,'2014-08-13 00:06:45','MEX',NULL,5,2548,1,'1',700,'Guzman',0),(129073,'Patricia','Magaña','F','1959-12-09','patydearellano@gmail.com',2,'0',1,NULL,5,3,NULL,'2014-08-13 00:06:46','MEX',NULL,5,NULL,10,'0',350,'Vazquez',0),(129074,'Jhorman','Gutierrez','M','1994-06-10','jgutierrez@iyf.com',2,'0',1,NULL,5,4,NULL,'2014-08-13 00:07:00','PER',NULL,10,2890,10,'1',780,'Espinoza',0),(129075,'Daniela','Piña','F','1999-12-20','danny_asunsion@hotmail.com',2,'1',1,NULL,5,1,NULL,'2014-08-13 00:08:30','MEX',NULL,12,2622,8,'1',700,'Asuncion',0),(129076,'Jonghwan','Lee','M','1982-03-09','jonlee@iyf.com',3,'0',1,NULL,5,4,NULL,'2014-08-13 00:08:50','PER',NULL,10,2890,10,'1',780,'',0),(129077,'Maria Felix','Magaña ','F','1953-09-04','mmagaña@iyf.com',1,'1',1,NULL,5,1,NULL,'2014-08-13 00:09:58','MEX',NULL,5,2548,10,'0',350,'Lemus',0),(129078,'Valeria Elizabeth','León','F','1999-11-12','Val_0910@hotmail.com',2,'1',1,NULL,5,1,NULL,'2014-08-13 00:10:56','MEX',NULL,5,2548,1,'1',700,'Zepeda',0),(129079,'Jose Alonso','Nomberto','M','1996-09-12','jnomberto@iyf.com',3,'0',1,NULL,5,1,NULL,'2014-08-13 00:11:11','PER',NULL,10,2890,10,'1',780,'Arias',0),(129080,'Jose Angel','Malquichagua','M','1988-01-31','jmalquichagua@iyf.com',3,'0',1,NULL,5,4,NULL,'2014-08-13 00:14:27','PER',NULL,10,2890,10,'1',780,'Moya',0),(129081,'Carlos Augusto','Arias','M','1997-09-15','cena.135@hotmai.com',2,'1',1,NULL,5,NULL,NULL,'2014-08-13 00:17:02','MEX',NULL,12,2622,8,'1',700,'Morales',0),(129082,'Jose Macario','Gutierrez','M','1968-09-03','josegutierrez@iyf.com',3,'0',1,NULL,5,3,NULL,'2014-08-13 00:27:27','PER',NULL,10,2898,10,'1',780,'Muñoz',0),(129083,'Jose Joel','Escobar','M','1989-08-06','jescobar@iyf.com',3,'0',1,NULL,5,4,NULL,'2014-08-13 00:29:26','PER',NULL,10,2890,10,'1',780,'Vega',0),(129084,'Julia','Garcia','F','1962-01-09','jigarcia@iyf.com',3,'0',1,NULL,5,3,NULL,'2014-08-13 00:33:18','PER',NULL,10,2890,NULL,'1',780,'Balladares',0),(129085,'Julio Fernando','Tirado','M','1963-07-26','jtirado@iyf.com',2,'0',1,NULL,5,3,NULL,'2014-08-13 00:37:25','PER',NULL,10,2890,NULL,'1',780,'Valencia',0),(129086,'Jung Woun','Han','F','1993-10-02','jhan@iyf.com',3,'0',1,NULL,5,4,NULL,'2014-08-13 00:41:01','PER',NULL,10,2890,10,'1',780,'',0),(129087,'Aureano','Cotrina','M','1953-05-07','lcotrina@iyf.com',3,'0',1,NULL,5,3,NULL,'2014-08-13 00:42:48','PER',NULL,10,2890,10,'1',780,'Costales',0),(129088,'Liliana ','Mora','F','1992-08-05','lmora@iyf.com',3,'0',1,NULL,5,1,NULL,'2014-08-13 00:45:01','PER',NULL,10,2890,10,'1',780,'Condor',0),(129089,'Luzmila','Alva','F','1953-06-19','lalba@iyf.com',2,'0',1,NULL,5,3,NULL,'2014-08-13 00:47:20','PER',NULL,10,2890,10,'1',780,'Chuquimango de Cotrina',0),(129090,'Margot','Vela','F','1982-08-25','mvela@iyf.com',3,'0',1,NULL,5,3,NULL,'2014-08-13 00:49:08','PER',NULL,10,2890,10,'1',780,'Yanqui',0),(129091,'Jennifer','García del Valle','F','1995-12-05','jgvm1@hotmail.com',3,'0',1,NULL,5,1,NULL,'2014-08-13 00:50:58','MEX',NULL,9,NULL,8,'1',700,'Miranda',0),(129092,'Maria del Pilar ','Arias','F','1962-12-21','marias@iyf.com',3,'0',1,NULL,5,1,NULL,'2014-08-13 00:54:45','PER',NULL,10,2890,10,'1',780,'Sedano de Nomberto',0),(129093,'Maria Isabel','Garcia','F','1960-11-18','mgarcia@iyf.com',3,'0',1,NULL,5,4,NULL,'2014-08-13 00:57:21','PER',NULL,10,2890,10,'1',780,'Horna',0),(129094,'Maria Lola','Inche','F','1988-07-14','minche@iyf.com',3,'0',1,NULL,5,1,NULL,'2014-08-13 01:00:41','PER',NULL,10,2890,10,'1',780,'Trujillo',0),(129095,'Maryori Liz','Linares','F','1992-08-30','mlinares@iyf.com',3,'0',1,NULL,5,1,NULL,'2014-08-13 01:03:24','PER',NULL,10,2890,10,'1',780,'Martinez',0),(129096,'Teo','Castillo','M','1967-04-11','tbarrones@iyf.com',1,'1',1,NULL,5,1,NULL,'2014-08-13 01:06:53','MEX',NULL,1,2548,8,'1',700,'Barrones',0),(129097,'Melanny','Espinoza','F','1996-06-16','mespinoza@iyf.com',2,'0',1,NULL,5,3,NULL,'2014-08-13 01:07:06','PER',NULL,10,2890,10,'1',780,'Rojas',0),(129098,'Melina','Madueño','F','1975-08-31','mmadueño@iyf.com',3,'0',1,NULL,5,3,NULL,'2014-08-13 01:09:59','PER',NULL,10,2890,10,'1',780,'Cairo',0),(129099,'Miguel ','Rios','M','1996-02-12','mrios@iyf.com',2,'0',1,NULL,5,3,NULL,'2014-08-13 01:13:01','PER',NULL,10,2890,10,'1',780,'Castro',0),(129100,'Miriam ','Lucero','F','1978-10-10','mlucero@iyf.com',3,'0',1,NULL,5,3,NULL,'2014-08-13 01:14:18','PER',NULL,10,2890,10,'1',780,'Carrillo',0),(129101,'Noelia ','Bazan ','F','1994-07-05','nbazan@iyf.com',2,'0',1,NULL,5,1,NULL,'2014-08-13 01:15:57','PER',NULL,10,2890,10,'1',780,'Merino',0),(129102,'Oscar Julian','Palomino','M','1992-02-10','opalomino@iyf.com',3,'0',1,NULL,5,4,NULL,'2014-08-13 01:17:36','PER',NULL,10,2890,10,'1',780,'Hidalgo',0),(129103,'Oscar Elias','Rios','M','1977-08-20','orios@iyf.com',3,'0',1,NULL,5,3,NULL,'2014-08-13 01:21:53','PER',NULL,10,2890,10,'1',780,'Camayo',0),(129104,'Dulce Vianey','Valenzo','F','1999-05-18','dulce_vianey@hotmail.com    ',2,'0',1,NULL,5,NULL,NULL,'2014-08-13 01:22:45','MEX',NULL,5,2548,NULL,'1',700,'Gonzalez',0),(129105,'Paulina','Herrera','F','1960-05-06','pherrera@iyf.com',3,'0',1,NULL,5,1,NULL,'2014-08-13 01:23:27','PER',NULL,10,2890,10,'1',780,'Mansilla',0),(129106,'Reyna','Gervacio','F','1989-04-12','rgervacio@iyf.com',1,'0',1,NULL,5,2,NULL,'2014-08-13 01:25:38','PER',NULL,10,2890,10,'1',780,'Vega',0),(129107,'Ricardo Anderson','Palomino','M','1987-11-02','ripalomino@iyf.com',5,'0',1,NULL,5,4,NULL,'2014-08-13 01:27:05','PER',NULL,10,2890,10,'1',780,'Castro',0),(129108,'Rider','Osorio','M','1977-11-14','rosorio@iyf.com',3,'0',1,NULL,5,3,NULL,'2014-08-13 01:29:35','PER',NULL,10,2890,10,'1',780,'Vidaos',0),(129109,'Roberto ','Guzman','M','1980-09-23','roguzman@iyf.com',3,'0',1,NULL,5,3,NULL,'2014-08-13 01:31:30','PER',NULL,10,2890,10,'1',780,'Coveñas',0),(129110,'Leslie itzel','Valenzo','F','2001-06-20',' leslie_itzel29@hotmail.com  ',1,'0',1,NULL,5,1,NULL,'2014-08-13 01:32:03','MEX',NULL,5,2548,8,'1',700,'Gonzalez',0),(129111,'Roberto','Lopez','M','1977-12-22','rlopez@iyf.com',3,'0',1,NULL,5,3,NULL,'2014-08-13 01:32:52','PER',NULL,10,2890,10,'1',780,'Mauricio',0),(129112,'Roberto','Carballo','M','1992-01-26','rcarvallo@iyf.com',3,'0',1,NULL,5,4,NULL,'2014-08-13 01:35:04','PER',NULL,10,2890,10,'1',780,'Garcia',0),(129113,'Monserrat','Gonzalez','F','1999-07-05','monse_perez@iyf.com',2,'0',1,NULL,5,1,NULL,'2014-08-13 01:36:15','MEX',NULL,5,2548,8,'1',700,'Perez',0),(129114,'Santa','Espinoza','F','1982-04-04','sespinoza@iyf.com',3,'0',1,NULL,5,3,NULL,'2014-08-13 01:37:05','PER',NULL,10,2890,10,'1',780,'Jaimes',0),(129115,'Seong Ju','Jo','M','1968-03-03','sjo@iyf.com',3,'0',1,NULL,5,4,NULL,'2014-08-13 01:42:23','PER',NULL,10,2890,10,'1',780,'',0),(129116,'Herminia ','Cruz','F','1949-03-17','hcruz@iyf.com',3,'0',1,NULL,5,NULL,NULL,'2014-08-13 01:42:40','MEX',NULL,5,2548,8,'1',700,'Velazquez',0),(129117,'Sojin','Park','F','1981-09-13','sopark@iyf.com',3,'0',1,NULL,5,4,NULL,'2014-08-13 01:45:18','PER',NULL,10,2890,10,'1',780,'',0),(129118,'Vanessa Ninoska','Guanillo','F','1991-04-11','vguanillo@iyf.com',1,'0',1,NULL,5,4,NULL,'2014-08-13 01:47:40','PER',NULL,10,2890,10,'1',780,'',0),(129119,'Francisco','Javier','M','1949-01-22','franc_gonzalez@iyf.com',3,'0',1,NULL,5,1,NULL,'2014-08-13 01:49:19','MEX',NULL,5,2548,8,'1',700,'Gonzalez',0),(129120,'Vicente','Canchomori','M','1959-07-24','vcanchomoni@iyf.com',3,'0',1,NULL,5,1,NULL,'2014-08-13 01:55:53','PER',NULL,10,2890,10,'1',780,'Organo',0),(129121,'Victor Reinaldo','Vela','M','1986-05-28','vvela@iyf.com',3,'0',1,NULL,5,4,NULL,'2014-08-13 01:57:59','PER',NULL,10,2890,10,'1',780,'Yanqui',0),(129122,'Vivian Ruth','Canchomoni','F','1984-02-12','vicanchomoni@iyf.com',3,'0',1,NULL,5,3,NULL,'2014-08-13 02:00:12','PER',NULL,10,2890,10,'1',780,'Herrera',0),(129124,'Wendy ','Montoya','F','1991-12-06','whuaranca@iyf.com',3,'0',1,NULL,5,4,NULL,'2014-08-13 02:01:40','PER',NULL,10,2890,10,'1',780,'Huaranca',0),(129125,'Yessenia Sthepanie','Segura','F','1995-01-03','ysegura@iyf.com',3,'0',1,NULL,5,2,NULL,'2014-08-13 02:03:17','PER',NULL,10,2890,10,'1',780,'MAsgo',0),(129126,'Yohana Milagros','Bobadillo','F','1989-10-16','ybobadillo@iyf.com',2,'0',1,NULL,5,4,NULL,'2014-08-13 02:05:06','PER',NULL,10,2890,10,'1',780,'Navarro',0),(129127,'Fatima','Panaifo','F','1962-10-26','fpanaifo@iyf.com',3,'0',1,NULL,5,3,NULL,'2014-08-13 02:07:06','PER',NULL,10,2890,10,'1',780,'Lopez',0),(129128,'Sabina ','Ccala','F','1965-12-11','sccala@iyf.com',3,'0',1,NULL,5,3,NULL,'2014-08-13 02:08:49','PER',NULL,10,2890,10,'1',780,'Cotohuanca',0),(129129,'Nancy',' Inche ','F','1972-02-15','ninche@iyf.com',3,'0',1,NULL,5,1,NULL,'2014-08-13 02:11:51','PER',NULL,10,2890,10,'1',780,'Trujillo',0),(129130,'Dogkeun','Jung','M','1990-07-03','djung@iyf.com',3,'0',1,NULL,5,4,NULL,'2014-08-13 02:14:16','PER',NULL,10,2890,10,'1',780,'',0),(129132,'Hojin','Lee','M','1993-06-06','holee',3,'0',1,NULL,5,4,NULL,'2014-08-13 02:15:57','PER',NULL,10,2890,NULL,'1',780,'',0),(129133,'Yubin','Kim','M','1992-12-12','ykim@xn--yf-mja.com',3,'0',1,NULL,5,2,NULL,'2014-08-13 02:17:49','PER',NULL,10,2890,NULL,'1',780,'',0),(129134,'Sung Duk','Jung','M','1990-05-28','sunjung@iyf.com',3,'0',1,NULL,5,4,NULL,'2014-08-13 02:20:00','PER',NULL,10,2890,10,'1',780,'',0),(129135,'Yelim','Lee','F','1990-01-17','yelee@iyf.com',3,'0',1,NULL,5,4,NULL,'2014-08-13 02:22:28','PER',NULL,10,2890,10,'1',780,'',0),(129136,'Heeyeong','Kim','F','1995-03-08','hekim@iyf.com',3,'0',1,NULL,5,4,NULL,'2014-08-13 02:24:18','PER',NULL,10,2890,10,'1',780,'',0),(129137,'Roghir','Toledo','M','1960-02-05','rtoledo@iyf.com',3,'0',1,NULL,5,1,NULL,'2014-08-13 02:27:19','PER',NULL,10,2890,10,'1',780,'Ñañez',0),(129138,'Gregorio Humberto','Lavado','M','1974-04-12','glavado@iyf.com',3,'0',1,NULL,5,4,NULL,'2014-08-13 02:35:02','BOL',NULL,10,2890,10,'1',780,'Anticona',0),(129139,'Jhilly Marlith','Namoc','F','1973-09-20','jnamoc@iyf.com',2,'0',1,NULL,5,4,NULL,'2014-08-13 02:41:13','BOL',NULL,10,193,10,'1',780,'Villegas',0),(129140,'Josue Lucio','Sanchez','M','1985-09-13','josanchez@iyf.com',3,'0',1,NULL,5,4,NULL,'2014-08-13 02:44:01','BOL',NULL,10,193,10,'1',780,'Jimenez',0),(129141,'Samuel','Quispe ','M','1980-07-18','jossanchez@iyf.com',3,'0',1,NULL,5,4,NULL,'2014-08-13 02:46:11','BOL',NULL,10,193,10,'1',780,'Larico',0),(129142,'Freddy','Huanca','M','1990-02-03','fhuanca@iyf.com',3,'0',1,NULL,5,3,NULL,'2014-08-13 02:51:29','BOL',NULL,10,193,10,'1',780,'Tito',0),(129143,'Adrian Antonio','Rossel','M','1980-02-13','arossel@iyf.com',3,'0',1,NULL,5,3,NULL,'2014-08-13 02:54:24','BOL',NULL,10,194,10,'1',780,'Limachi',0),(129144,'Juan Carlos','Luna','M','1988-07-06','jluna@iyf.com',3,'0',1,NULL,5,2,NULL,'2014-08-13 02:56:25','BOL',NULL,10,195,10,'1',780,'Alanoca',0),(129145,'Mijael','Vargas','M','1992-09-06','mvargas@iyf.com',3,'0',1,NULL,5,2,NULL,'2014-08-13 02:58:31','BOL',NULL,10,193,10,'1',780,'Pelaez',0),(129146,'Johan Andy','Fernandez','M','1996-11-07','jfernandez@iyf.com',1,'0',1,NULL,5,3,NULL,'2014-08-13 03:01:37','BOL',NULL,10,193,10,'1',780,'CAri',0),(129147,'Cielo Ricardo','Ramos','F','1968-04-26','cramos@iyf.com',1,'0',1,NULL,5,3,NULL,'2014-08-13 03:04:32','BOL',NULL,10,NULL,10,'1',780,'',0),(129148,'Ruben','Huanca','M','1975-11-08','ruhuanca@iyf.com',3,'0',1,NULL,5,3,NULL,'2014-08-13 03:06:53','BOL',NULL,10,193,10,'1',780,'Tito',0),(129149,'Andres Gaston','Alvarez','M','1994-07-30','aalvarez@iyf.com',3,'0',1,NULL,5,4,NULL,'2014-08-13 03:08:52','BOL',NULL,10,193,10,'1',780,'Castro',0),(129150,'Aldo','Gironda','M','1986-12-25','agironda@iyf.com',1,'0',1,NULL,5,2,NULL,'2014-08-13 03:10:56','BOL',NULL,10,193,10,'1',780,'Paco',0),(129151,'Omar Zacarias','Condori','M','0000-00-00','ocondori@iyf.com',3,'0',1,NULL,5,3,NULL,'2014-08-13 03:13:27','BOL',NULL,10,193,10,'1',780,'Achu',0),(129152,'Hernan','Condori','M','1979-05-30','hcondori@iyf.com',3,'0',1,NULL,5,3,NULL,'2014-08-13 03:16:06','BOL',NULL,10,193,10,'1',780,'Achu',0),(129153,'Tatiana Pilar','Fernandez ','F','1994-12-14','tfernandez@iyf.com',2,'0',1,NULL,5,3,NULL,'2014-08-13 03:19:52','BOL',NULL,10,193,10,'1',780,'Cari',0),(129154,'Sandra','Callejas','F','1990-09-15','scallejas@iyf.com',3,'0',1,NULL,5,3,NULL,'2014-08-13 03:27:55','BOL',NULL,10,193,10,'1',780,'Flores',0),(129155,'Le Mariel','Huanca','F','1986-09-21','lhuanca@iyf.com',3,'0',1,NULL,5,3,NULL,'2014-08-13 03:31:15','BOL',NULL,10,193,10,'1',780,'Tito',0),(129156,'Magdalena','Huanca','F','1988-10-06','mhuanca@iyf.com',3,'0',1,NULL,5,3,NULL,'2014-08-13 03:38:47','BOL',NULL,10,193,10,'1',780,'Tito',0),(129157,'Maria Raquel','Choque','F','1993-07-06','mchoque@iyf.com',2,'0',1,NULL,5,3,NULL,'2014-08-13 03:41:19','BOL',NULL,10,193,10,'1',780,'Coriné',0),(129158,'Milenka Ruth','Ticona','F','1984-02-15','mticona@iyf.com',3,'0',1,NULL,5,2,NULL,'2014-08-13 03:50:43','BOL',NULL,10,193,10,'1',780,'Villalobos',0),(129159,'Carola','Herrera','F','1984-08-25','caherrera@iyf.com',3,'0',1,NULL,5,3,NULL,'2014-08-13 03:53:28','BOL',NULL,10,193,10,'1',780,'Montero',0),(129160,'Aide Gabriela','Arellano','F','1990-09-09','ararellano@iyf.com',3,'0',1,NULL,5,1,NULL,'2014-08-13 03:55:57','BOL',NULL,10,193,10,'1',780,'Ochoa',0),(129161,'Carla Andrea Soria','Galvarro','F','1980-02-11','cgalvarro@iyf.com',3,'0',1,NULL,5,3,NULL,'2014-08-13 04:01:23','BOL',NULL,10,193,10,'1',780,'Alarcon',0),(129162,'Helen','Alarcon','F','1981-08-17','halarcon@iyf.com',3,'0',1,NULL,5,3,NULL,'2014-08-13 04:03:35','BOL',NULL,10,193,10,'1',780,'Paredes',0),(129163,'Sonia ','Huanca','F','1992-02-29','shuanca@iyf.com',3,'0',1,NULL,5,3,NULL,'2014-08-13 04:05:35','BOL',NULL,10,193,10,'1',780,'Tito',0),(129164,'Laura','Yujira','F','1990-07-03','lyujira@iyf.com',3,'0',1,NULL,5,3,NULL,'2014-08-13 04:11:11','BOL',NULL,10,193,10,'1',780,'Tito',0),(129165,'Claudia Alejandra','Parrado','F','1980-08-27','cparrado@iyf.com',4,'0',1,NULL,5,3,NULL,'2014-08-13 04:14:27','BOL',NULL,10,193,10,'1',780,'Sahonero',0),(129166,'Jin Hwan ','Kim','M','1966-04-01','jkim@iyf.com',3,'0',1,NULL,5,4,NULL,'2014-08-13 04:18:45','BOL',NULL,10,193,10,'1',780,'',0),(129167,'Sang Hee','Lee','F','1968-10-21','salee@iyf.com',3,'0',1,NULL,5,4,NULL,'2014-08-13 04:22:02','CHL',NULL,10,554,10,'1',780,'',0),(129168,'Seungree','Yang','F','1994-02-22','syang@iyf.com',3,'0',1,NULL,5,4,NULL,'2014-08-13 04:30:02','CHL',NULL,10,554,10,'1',780,'',0),(129169,'Saeyeong ','Kim','F','1994-04-20','saekim@iyf.com',3,'0',1,NULL,5,4,NULL,'2014-08-13 04:34:20','CHL',NULL,10,554,10,'1',780,'',0),(129170,'Hansol','Lee','F','1993-02-26','hanlee@iyf.com',3,'0',1,NULL,5,4,NULL,'2014-08-13 04:36:59','CHL',NULL,10,554,10,'1',780,'',0),(129171,'Yamel','Cedillo','F','1974-10-04','yamelhrdez@iyf.com',3,'0',1,NULL,5,1,NULL,'2014-08-13 04:48:16','MEX',NULL,5,2548,8,'1',700,'Hernandez',0),(129172,'Uziel Gustavo','Rios','M','1992-03-12','lobo_1016@hotmail.com',2,'1',1,NULL,5,3,NULL,'2014-08-13 14:24:50','MEX',NULL,5,NULL,10,'1',700,'Santillan',0),(129173,'Yamel','Juarez','M','2001-09-28','yjuarez@iyf.com',1,'0',1,NULL,5,1,NULL,'2014-08-13 14:29:17','MEX',NULL,5,2548,8,'1',700,'Cedillo',0),(129174,'Maria de Lourdes','Olguín','F','1959-08-15','molgu[iniyf.com',2,'0',1,NULL,5,1,NULL,'2014-08-13 14:30:36','MEX',NULL,5,2548,8,'1',700,'Sanchez',0),(129175,'Luis Felipe','Ortiz','M','2001-05-14','lortiz@iyf.com',1,'1',1,NULL,5,1,NULL,'2014-08-13 14:35:17','MEX',NULL,5,2548,8,'1',700,'Gonzales',0),(129176,'David Alejandro','Garc[ia ','M','1997-05-30','dabicho_1996@hotmail.com',2,'1',1,NULL,5,1,NULL,'2014-08-13 14:36:44','MEX',NULL,1,2563,1,'1',700,'Jimenez',0),(129177,'Aurora','Gutierrez','F','1969-09-14','agutierrez@iyf.com',3,'0',1,NULL,5,1,NULL,'2014-08-13 14:40:31','MEX',NULL,5,2548,8,'1',700,'Cruz',0),(129178,'Mariela','García ','F','1992-12-31','marielagj_vch@hotmail.com',3,'1',1,NULL,5,1,NULL,'2014-08-13 14:40:41','MEX',NULL,1,2563,2,'1',700,'Jiménez',0),(129179,'Fabiola ','Barrera','F','1995-07-28','fabiola.bmtz.20@gmail.com',3,'0',1,NULL,5,1,NULL,'2014-08-13 14:44:42','MEX',NULL,9,2598,8,'1',700,'Martinez',0),(129180,'Arisbeth','Sanchez','F','1997-11-09','asanchez',2,'0',1,NULL,5,1,NULL,'2014-08-13 14:44:46','MEX',NULL,5,2548,8,'1',700,'Gutierrez',0),(129181,'Brenda','Cervantes','F','1995-06-29','bren0507@gmail.com',3,'0',1,NULL,5,1,NULL,'2014-08-13 14:48:51','MEX',NULL,9,2598,2,'1',700,'López',0),(129182,'Patricia','Hernandez','F','1987-12-03','iamtisahaloom@gmail.com',3,'1',1,NULL,5,1,NULL,'2014-08-13 14:48:53','MEX',NULL,5,2548,8,'1',700,'Rosales',0),(129183,'Berenice','Ibañez','F','1993-09-19','berenika2013@hotmail.com',3,'1',1,NULL,5,1,NULL,'2014-08-13 14:52:05','MEX',NULL,5,2548,8,'1',700,'Sanchez',0),(129184,'Arelly Monica','Ortiz','F','1991-10-23','drucky_090@hotmail.com',1,'1',1,NULL,5,3,NULL,'2014-08-13 14:57:45','MEX',NULL,5,2577,10,'1',700,'Hernandez',0),(129185,'Maria Luisa','Gomez','F','1976-08-11','salmos94@hotmail.com',1,'1',1,NULL,5,4,NULL,'2014-08-14 21:40:01','MEX',NULL,11,2534,8,'1',700,'Valdes',0),(129186,'Ana Reina','González','F','1954-05-15','anareinacarrillo54@hotmail.com',2,'1',1,NULL,5,NULL,NULL,'2014-08-14 21:59:53','MEX',NULL,6,2516,10,'1',700,'Carrillo',0),(129187,'Karla Daniela','Gutierrez de Velasco','F','1983-03-16','davidiyf@hotmail.com',1,'0',1,NULL,5,4,NULL,'2014-08-14 22:09:09','MEX',NULL,6,2516,10,'1',700,'Félix',0),(129188,'Magdaleno Gonzalo','Viezca','M','1949-07-10','m_viezca@hotmail.com',2,'1',1,NULL,5,1,NULL,'2014-08-14 22:21:35','MEX',NULL,6,2516,8,'1',700,'Martínez',0),(129189,'Dara Jehudí','Viezca','F','2000-05-16','d_jehudí@iyf.com',1,'1',1,NULL,5,4,NULL,'2014-08-15 04:43:38','MEX',NULL,5,2548,10,'1',700,'Peralta',0),(129190,'María Mercedes','Nava','F','1983-06-11','m_nava@iyf.com',3,'1',1,NULL,5,3,NULL,'2014-08-15 04:52:06','MEX',NULL,8,2518,10,'1',700,'Tlacuayo',0),(129191,'Jorge Adan','Soriano','M','1993-02-05','cronocloudfak@gmail.com',3,'1',1,NULL,5,2,NULL,'2014-08-16 16:10:14','MEX',NULL,1,3593,8,'1',700,'Hernández',0),(129192,'sharon','cuecuecha','F','2001-01-23','beatrizcuecuecha70@yahoo.com.mx',1,'1',1,NULL,5,1,NULL,'2014-08-16 16:55:18','MEX',NULL,1,3585,1,'0',350,'hernandez',0),(129193,'Cesar','Nochebuena','M','1992-08-21','c.nochebuenazapata@gmail.com',3,'1',1,NULL,5,3,NULL,'2014-08-17 18:49:51','MEX',NULL,1,2517,10,'1',700,'Zapata',0),(129194,'Weerawut','Chaipitak','M','1995-03-13','wut_loveza@hotmail.com',3,'1',1,NULL,5,4,NULL,'2014-08-17 20:43:32','MEX',NULL,1,3583,10,'1',700,'x',0),(129195,'Juan Manuel','Cruz','M','1988-01-01','panque_juanmanuel@.com',2,'0',1,NULL,5,4,NULL,'2014-08-18 01:32:00','MEX',NULL,1,2529,10,'1',700,'Ortega',0),(129196,'Elisa Avelia','Pacheco','F','1962-01-01','eapacheco@iyf.com',2,'0',1,NULL,5,1,NULL,'2014-08-18 14:22:39','MEX',NULL,11,2534,8,'1',700,'Mujica',0),(129197,'Gabriela','Perez','F','1993-01-01','gaby_amis@hotmail.com',3,'0',1,NULL,5,2,NULL,'2014-08-18 14:28:27','MEX',NULL,1,3583,10,'1',700,'Perez',0),(129198,'Tian Lei','Pu','M','1994-01-01','442948345@qq.com',3,'1',1,NULL,5,1,NULL,'2014-08-18 15:01:05','MEX',NULL,1,3585,8,'1',700,'-',0),(129199,'Juan Ramon','Coronado','M','1922-01-01','juan_rcecat@live.com.mx',2,'1',1,NULL,5,1,NULL,'2014-08-18 15:55:10','MEX',NULL,1,2586,10,'1',700,'Elizondo',0),(129200,'Liliana','Hernandez','F','1993-01-01','ily.carmona04@gmail.com',3,'1',1,NULL,5,1,NULL,'2014-08-18 16:01:00','MEX',NULL,1,2596,2,'1',700,'Carmona',0),(129201,'Paola','Cordero','F','1993-01-01','lapao-cj@hotmail.com',3,'1',1,NULL,5,1,NULL,'2014-08-18 16:05:33','MEX',NULL,1,3580,8,'1',700,'Jimenez',0),(129202,'Andre','Ortiz Loyola','M','1995-01-01','andreortiz11@hotmail.com',3,'1',1,NULL,5,1,NULL,'2014-08-18 16:26:18','MEX',NULL,1,3583,1,'1',700,'Castañedo',0),(129203,'Diana Itzel','Samano','F','1994-01-01','ditabu_22@hotmail.com',3,'0',1,NULL,5,1,NULL,'2014-08-18 16:48:23','MEX',NULL,1,3588,1,'0',350,'Bermeo',0),(129204,'Andrea','Valdez ','F','1996-06-18','vandreamichel@yahoo.com',2,'0',1,NULL,5,2,NULL,'2014-08-18 16:48:25','MEX',NULL,1,2517,10,'1',700,'Ramos',0),(129205,'Jessica','Mendoza','F','1995-01-01','j.essica_m@hotmail.com',3,'1',1,NULL,5,1,NULL,'2014-08-18 16:51:15','MEX',NULL,1,3582,1,'0',350,'Garcia',0),(129206,'Nohemi','Osorio','F','1996-09-02','watapy@hotmail.com',2,'0',1,NULL,5,1,NULL,'2014-08-18 16:59:05','MEX',NULL,1,3583,1,'1',700,'Reyes',0),(129207,'Roberto','Gonzalez','M','1984-03-02','betto_rojas05@hotmail.com',3,'0',1,NULL,5,1,NULL,'2014-08-18 17:01:55','MEX',NULL,11,2534,8,'1',700,'Rojas',0),(129208,'Diana ','Lopez','F','1991-03-02','hinata_0890@hotmail.com',3,'0',1,NULL,5,1,NULL,'2014-08-18 17:08:52','MEX',NULL,5,2601,2,'0',350,'Gonzalez',0),(129209,'Denisse','Sanchez','F','1993-09-02','dn.jimenez@outlook.com',3,'1',1,NULL,5,1,NULL,'2014-08-18 17:13:13','MEX',NULL,1,3595,10,'0',350,'Jimenez',0),(129210,'Lucia','Martinez','F','1993-09-09','luciamartinezcastilla@outlook.com',3,'1',1,NULL,5,1,NULL,'2014-08-18 17:16:23','MEX',NULL,1,3586,8,'0',350,'Castilla',0),(129211,'Marcelo','Suarez','M','1993-09-03','marcelosuarez40@hotmail.com',3,'0',1,NULL,5,1,NULL,'2014-08-18 17:18:12','MEX',NULL,7,2533,8,'1',700,'Garcia',0),(129212,'Ana Margarita','Vazquez','F','1993-04-05','annie.zea14@gmail.com',3,'0',1,NULL,5,1,NULL,'2014-08-18 17:25:29','MEX',NULL,7,2523,8,'1',700,'Zea',0),(129213,'Irasema','Garcia','F','1994-09-02','sweet_iriz@hotmail.com',3,'0',1,NULL,5,1,NULL,'2014-08-18 17:27:43','MEX',NULL,7,2523,8,'1',700,'Arriaga',0),(129214,'Gracia','Ban','F','1983-09-02','graciaban3010@gmail.com',3,'0',1,NULL,5,4,NULL,'2014-08-18 17:29:35','MEX',NULL,7,2568,8,'1',700,'',0),(129215,'Juan Guadalupe','Alcocer','F','1990-09-02','lupita_morin@hotmail.com',3,'0',1,NULL,5,1,NULL,'2014-08-18 17:31:29','MEX',NULL,7,2523,8,'1',700,'Morin',0),(129216,'Cecilia','Arellano','F','1995-09-08','cecy_ehp95@hotmail.com',3,'0',1,NULL,5,1,NULL,'2014-08-18 17:34:10','MEX',NULL,7,2523,8,'1',700,'Castañeda',0),(129217,'Elida Abigail','Guzman','F','1994-03-02','abyguzmanlopez@hotmail.com',3,'0',1,NULL,5,1,NULL,'2014-08-18 17:36:19','MEX',NULL,7,2523,8,'1',700,'Lopez',0),(129218,'Esseira Yarelin','Briceño','F','1996-09-02','e.yarelin@hotmail.com',3,'0',1,NULL,5,1,NULL,'2014-08-18 17:38:18','MEX',NULL,7,2523,8,'1',700,'Garza',0),(129219,'Edgar Alejandro','Enciso','M','1995-09-03','spartan_ekinox@hotmail.com',3,'0',1,NULL,5,3,NULL,'2014-08-18 17:40:20','MEX',NULL,11,2590,3,'1',700,'Valdez',0),(129220,'Cinthya','Vazquez','F','1999-09-09','cinthyiyf@hotmail.com',2,'0',1,NULL,5,4,NULL,'2014-08-18 17:42:21','MEX',NULL,11,2621,10,'1',700,'Gonzalez',0),(129221,'Moises Eduardo','Jorge','M','1995-07-02','eagle.iron95@ho',3,'0',1,NULL,5,1,NULL,'2014-08-18 18:16:29','MEX',NULL,1,3587,8,'1',700,'Rosas',0),(129222,'Lore','Gallegos','F','1995-09-03','deinenahe_g@hotmail.com',3,'0',1,NULL,5,1,NULL,'2014-08-18 18:20:27','MEX',NULL,7,2523,8,'1',700,'Torres',0),(129223,'Iyareni Irene','Cruz','F','1995-09-04','samsoon_irene@hotmail.com',2,'0',1,NULL,5,1,NULL,'2014-08-18 18:24:03','MEX',NULL,5,2548,2,'1',700,'Hernandez',0),(129224,'Jonathan Maximiliano','Carrillo','M','1997-09-08','mazg_5666@hotmail.com',2,'0',1,NULL,5,1,NULL,'2014-08-18 18:27:19','MEX',NULL,7,2568,8,'1',700,'Murillo',0),(129225,'Claudia','Lua','F','1994-09-03','clau_werever@hotmail.com',2,'1',1,NULL,5,1,NULL,'2014-08-18 18:30:37','MEX',NULL,1,3583,1,'1',700,'Bernal',0),(129226,'Maria Magdalena','Fayad','F','1970-09-02','macfayad@hotmail.com',4,'0',1,NULL,5,1,NULL,'2014-08-18 18:42:38','MEX',NULL,11,2621,8,'1',700,'Gonzalez',0),(129227,'Areli Yesareth','Guerrero','F','1991-09-03','ayge.1904@gmail.com',3,'1',1,NULL,5,1,NULL,'2014-08-18 18:44:30','MEX',NULL,1,3594,8,'0',350,'Estrada',0),(129228,'Surizaday','Besarez','F','1985-09-02','abico_sz@hotmail.com',2,'0',1,NULL,5,2,NULL,'2014-08-18 18:48:44','MEX',NULL,11,NULL,1,'1',700,'Hernandez',0),(129229,'Estefania','Ramos','F','0000-00-00','estefania.lee36@hotmail.com',3,'0',1,NULL,5,2,NULL,'2014-08-18 18:51:42','MEX',NULL,5,2517,2,'0',350,'Espiritu',0),(129230,'Angelica','Reyes','F','1994-09-08','angiereyes556@gmail.com',1,'0',1,NULL,5,1,NULL,'2014-08-18 18:55:01','MEX',NULL,1,2517,10,'0',350,'Reyes',0),(129231,'Angelica Yesenia','Reyes','F','1994-09-09','angiereyes556 @gmail.com',1,'0',1,NULL,5,1,NULL,'2014-08-18 18:57:05','MEX',NULL,1,2517,10,'0',350,'Reyes',0),(129232,'Claudia ','Garcia','F','1995-09-02','clausgr94@hotmail.com',3,'0',1,NULL,5,1,NULL,'2014-08-18 19:05:01','MEX',NULL,1,2548,1,'0',350,'Ramirez',0),(129233,'Lizbeth','Alanis','F','1994-09-02','lizalanis@live.com',3,'0',1,NULL,5,1,NULL,'2014-08-18 19:08:02','MEX',NULL,7,NULL,8,'1',700,'Lopez',0),(129234,'Adriana','Saldivar','F','1993-09-02','adriuniver@hotmail.com',3,'0',1,NULL,5,2,NULL,'2014-08-18 19:10:02','MEX',NULL,11,2534,8,'1',700,'Histroza',0),(129235,'Saul De Jesus','Morales','M','1964-09-02','smorales@iyf.com',3,'0',1,NULL,5,1,NULL,'2014-08-18 19:13:59','MEX',NULL,11,2654,8,'1',700,'Gonzalez',0),(129236,'Elisa Montserrat','Flores','F','1995-09-02','elisaflores.h@gmail.com',3,'0',1,NULL,5,1,NULL,'2014-08-18 21:28:27','MEX',NULL,1,3583,1,'0',350,'Hernandez',0),(129237,'Irma Jaquelin','Gomez','F','1995-01-01','ijgomez@iyf.com',2,'0',1,NULL,5,1,NULL,'2014-08-18 21:44:32','MEX',NULL,6,2516,8,'1',700,'Gonzalez',0),(129238,'Eun Kyoung','Hyun','F','1973-01-01','hek2001@hanmail.net',3,'0',1,NULL,5,4,NULL,'2014-08-18 22:06:14','MEX',NULL,7,2523,10,'0',350,'-',0),(129239,'Andrea','Pastrana','F','1980-09-02','apastrana@iyf.com',3,'0',1,NULL,5,4,NULL,'2014-08-18 22:47:07','COL',NULL,1,NULL,10,'1',780,'Perez',0),(129240,'Margarita','Tavera','F','1962-09-03','mtavera@iyf.com',2,'0',1,NULL,5,4,NULL,'2014-08-18 22:49:04','COL',NULL,1,NULL,10,'1',780,'',0),(129241,'Esperanza','Sanchez','F','1964-09-03','esanchez@iyf.com',2,'0',1,NULL,5,4,NULL,'2014-08-18 22:50:31','COL',NULL,1,NULL,10,'1',780,'',0),(129242,'Graciela ','Chaparro','F','1995-09-03','grace.jonas.95@hotmail.com',3,'0',1,NULL,5,1,NULL,'2014-08-18 22:58:58','MEX',NULL,1,3593,1,'0',350,'Santiago',0),(129243,'Mauricio Sabdiel','Rodriguez','M','1999-09-08','ingangelrs@gmail.com',1,'0',1,NULL,5,1,NULL,'2014-08-18 23:02:31','MEX',NULL,1,3588,10,'1',700,'Valdez',0),(129244,'Ana Sofia','Rodriguez','F','1996-09-02','sofi.gbu@gmail.com',3,'0',1,NULL,5,1,NULL,'2014-08-18 23:06:46','MEX',NULL,1,3581,10,'0',350,'Gonzalez',0),(129245,'Veronica Aidee','Ferral','F','1990-09-03','sakura_144@msn.com',3,'0',1,NULL,5,1,NULL,'2014-08-18 23:09:42','MEX',NULL,1,3590,1,'0',350,'Vazquez',0),(129246,'Karen','Rodriguez','F','1989-01-01','karen.ro.or@hotmail.com',3,'0',1,NULL,5,1,NULL,'2014-08-18 23:16:28','MEX',NULL,12,2613,8,'1',700,'Ortega',0),(129247,'Mayra Denise','Bautista ','F','1998-01-01','mr_dnisse_20@hotmail.com',2,'0',1,NULL,5,1,NULL,'2014-08-18 23:20:19','MEX',NULL,4,2573,8,'1',700,'Chong',0),(129248,'Maria del Carmen','Zacapala','F','1982-01-01','carmen-chapis12@hotmail.com',1,'0',1,NULL,5,1,NULL,'2014-08-18 23:23:25','MEX',NULL,3,2525,8,'1',700,'Lopez',0),(129249,'Isabel','Beli','F','1989-01-01','limsip_14@hotmail.com',3,'0',1,NULL,5,2,NULL,'2014-08-18 23:26:42','MEX',NULL,4,2573,8,'1',700,'Cortez',0),(129250,'Lorena','Cayetano','F','1992-01-01','lore_pink5@hotmail.com ',2,'0',1,NULL,5,1,NULL,'2014-08-18 23:30:12','MEX',NULL,1,3588,2,'1',700,'Trejo',0),(129251,'Flor','Miguel','F','1992-01-01','flor_nerea_boice@hotmail.com',3,'0',1,NULL,5,2,NULL,'2014-08-18 23:33:43','MEX',NULL,11,2534,2,'1',700,'Valdes',0),(129252,'Moises','Cortez','M','1998-01-01','ziguicortes@hotmail.com',2,'0',1,NULL,5,1,NULL,'2014-08-18 23:36:27','MEX',NULL,1,3582,2,'1',700,'Bautista',0),(129253,'Fatima Vanessa','Torres ','F','1996-01-01','fa.tisslash@hotmail.com',3,'0',1,NULL,5,1,NULL,'2014-08-18 23:39:34','MEX',NULL,11,2534,2,'1',700,'Sanchez',0),(129254,'Marco Antonio','Gonzalez','M','1993-01-01','gmarkqo@gmail.com',3,'0',1,NULL,5,1,NULL,'2014-08-18 23:42:26','MEX',NULL,11,2534,1,'1',700,'Juarez',0),(129255,'Oscar Aaron','Moreno','M','1996-01-01','oscarmorecent@hotmail.com',3,'0',1,NULL,5,1,NULL,'2014-08-18 23:47:02','MEX',NULL,7,2523,8,'1',700,'Centero',0),(129256,'Atonatiuh de Jesus','Popoca','F','1991-01-01','alucard9120@gmail.com',3,'0',1,NULL,5,1,NULL,'2014-08-18 23:53:56','MEX',NULL,1,2529,NULL,'1',700,'Gonzalez',0),(129257,'Karen Stephany','Velazquez','F','1994-01-01','ksvelazquez@iyf.com',2,'1',1,NULL,5,2,NULL,'2014-08-18 23:57:25','MEX',NULL,5,2548,8,'1',700,'Matienzo',0),(129258,'Selene','Reyes','F','1992-01-01','e.selenereyes@hotmail.com',3,'0',1,NULL,5,1,NULL,'2014-08-19 00:01:53','MEX',NULL,1,2519,9,'1',700,'Tamayo',0),(129259,'Renata','Maturano','F','1995-01-01','dargo_rh@hotmail.com',3,'0',1,NULL,5,1,NULL,'2014-08-19 00:05:14','MEX',NULL,1,3584,9,'0',350,'Garcia Reldon',0),(129260,'Angel Guadalupe','Zapatero','M','1995-01-01','agzapatero@iyf.com',2,'0',1,NULL,5,2,NULL,'2014-08-19 00:11:17','MEX',NULL,9,2619,2,'1',700,'Mendoza',0),(129261,'Maria Ines','Cervantes','F','1970-01-01','micervantes@iyf.com',1,'0',1,NULL,5,1,NULL,'2014-08-19 00:14:20','MEX',NULL,5,2548,10,'0',350,'Gutierrez',0),(129262,'Estefani','Labastida','F','1994-01-01','fanny_fabregas@hotmail.com',3,'1',1,NULL,5,1,NULL,'2014-08-19 00:17:02','MEX',NULL,1,3593,2,'0',350,'Armas',0),(129263,'Guadalupe Margarita ','Delgado ','F','1964-11-12','Margaritadelgado112@gmail.com',2,'0',1,NULL,5,1,NULL,'2014-08-19 17:21:59','MEX',NULL,6,2641,8,'1',700,'Barajas',0),(129264,'Miriam Sarahi','Rodriguez','F','1998-12-10','farewell_kukikiu@hotmail.com',2,'0',1,NULL,5,1,NULL,'2014-08-19 17:30:31','MEX',NULL,9,2598,1,'1',700,'Morales',0),(129265,'Griselda','Pozas','F','1968-12-10','vandreamichel@hotmail.com',3,'0',1,NULL,5,1,NULL,'2014-08-19 17:36:15','MEX',NULL,9,2598,1,'1',700,'Medina',0),(129266,'Erik Daniel','Alcantar ','M','1993-12-14','ana.rosas.zu@yahoo.com',3,'0',1,NULL,5,1,NULL,'2014-08-19 17:52:51','MEX',NULL,9,2598,1,'1',700,'Hernandez',0),(129267,'Iñaqui','Vasquez','M','0000-00-00','farewell_kukikiut@yahoo.com',3,'0',1,NULL,5,1,NULL,'2014-08-19 17:59:27','MEX',NULL,11,2534,8,'1',700,'Salgado',0),(129268,'Abraham','Rodriguez','M','0000-00-00','iiiqfb16@gmail.com',3,'0',1,NULL,5,4,NULL,'2014-08-19 18:03:48','MEX',NULL,11,2534,8,'0',350,'Grimaldo',0),(129269,'Elvira ','Valdespino','F','0000-00-00','Viriva61@yahoo.com',4,'0',1,NULL,5,NULL,NULL,'2014-08-19 18:09:15','MEX',NULL,11,2534,10,'1',700,'Escalona',0),(129270,'America Itzel','Alonso ','F','0000-00-00','yotequiero.meqka@hotmail.com',1,'0',1,NULL,5,1,NULL,'2014-08-19 18:16:03','MEX',NULL,3,2546,1,'1',700,'Armenta',0),(129271,'Luis','Figueroa','M','1963-11-12','iiiqfb16@hotmail.com',3,'0',1,NULL,5,4,NULL,'2014-08-19 18:19:42','MEX',NULL,3,2546,NULL,'1',700,'Rojas',0),(129272,'Cermen Guadalupe ','Gonzales ','F','1968-11-12','idalid_fq16@yahoo.com',1,'0',1,NULL,5,1,NULL,'2014-08-19 18:26:06','MEX',NULL,3,2546,1,'1',700,'Diaz',0),(129273,'Abril ','Torres ','M','1999-11-10','abril_torres11@hotmail.com',1,'0',1,NULL,5,1,NULL,'2014-08-19 18:29:46','MEX',NULL,3,2546,NULL,'1',700,'Aguillon',0),(129274,'Javier Alejandro','Abaroa','M','1992-12-11','vianlt.92@hotmail.com',3,'0',1,NULL,5,1,NULL,'2014-08-19 18:35:05','MEX',NULL,12,2547,NULL,'1',700,'Lopez',0),(129275,'Martimiliana','Cobos','F','1995-11-12','carpe.diem_ergosum@gmail.com',3,'0',1,NULL,5,1,NULL,'2014-08-19 18:40:54','MEX',NULL,12,2547,NULL,'1',700,'Flores',0),(129276,'America Itzel','Alonso','F','2000-11-12','yotequiero.meqka1@hotmail.com',1,'0',1,NULL,5,1,NULL,'2014-08-19 18:46:14','MEX',NULL,3,2546,1,'1',700,'Armenta',0),(129277,'Jean Carlo ','Ortiz Loyola','M','1995-03-20','jeancarloortiz@hotmail.com',3,'0',1,NULL,5,1,NULL,'2014-08-19 18:49:57','MEX',NULL,1,3583,8,'1',700,'Perez',0),(129278,'Jonathan','Ortiz Loyola','M','1996-03-05','jolp_96@hotmail.com',2,'0',1,NULL,5,1,NULL,'2014-08-19 18:52:03','MEX',NULL,1,3583,8,'1',700,'Perez',0),(129279,'Angel Gabriel','Murillo','M','2001-11-13','vianlt.92@yahoo.com',1,'0',1,NULL,5,1,NULL,'2014-08-19 19:06:21','MEX',NULL,12,2547,1,'1',700,'Rivera',0),(129280,'Ana Laura','Ibarra','F','2000-03-07','ana_ibarra1810@hotmail.com',2,'0',1,NULL,5,1,NULL,'2014-08-19 19:13:50','MEX',NULL,1,3593,1,'1',700,'Celestino',0),(129281,'Maria Isabel','Morales','F','1962-01-23','carpe.diem_ergosum@yahoo.com',3,'0',1,NULL,5,1,NULL,'2014-08-19 19:25:14','MEX',NULL,9,2598,1,'1',700,'Maldonado',0),(129282,'María Narell ','Páez ','F','1985-05-11','princesanarell@hotmail.com',2,'0',1,NULL,5,1,NULL,'2014-08-19 20:21:06','MEX',NULL,1,3585,2,'0',350,'González',0),(129283,'Angel Guadalupe','Zapatero','M','1995-08-30','carpediem@hotmail.com',2,'0',1,NULL,5,2,NULL,'2014-08-19 20:26:56','MEX',NULL,9,2655,2,'1',700,'Mendoza',0),(129284,'Elisa Esther','Gonzalez Ortega','F','1993-03-20','elisaestherg@gmail.com',3,'0',1,NULL,5,1,NULL,'2014-08-19 20:27:13','MEX',NULL,1,2525,1,'0',350,'Magaña',0);
/*!40000 ALTER TABLE `users` ENABLE KEYS */;
UNLOCK TABLES;

--
-- Table structure for table `usertypes`
--

DROP TABLE IF EXISTS `usertypes`;
/*!40101 SET @saved_cs_client     = @@character_set_client */;
/*!40101 SET character_set_client = utf8 */;
CREATE TABLE `usertypes` (
  `id_usertype` int(11) NOT NULL auto_increment,
  `name` varchar(45) default NULL,
  `description` varchar(45) default NULL,
  PRIMARY KEY  (`id_usertype`)
) ENGINE=InnoDB AUTO_INCREMENT=6 DEFAULT CHARSET=utf8;
/*!40101 SET character_set_client = @saved_cs_client */;

--
-- Dumping data for table `usertypes`
--

LOCK TABLES `usertypes` WRITE;
/*!40000 ALTER TABLE `usertypes` DISABLE KEYS */;
INSERT INTO `usertypes` VALUES (1,'Administrador',NULL),(2,'Supervisor',NULL),(3,'Registrador',NULL),(4,'Cajero',NULL),(5,'Participante',NULL);
/*!40000 ALTER TABLE `usertypes` ENABLE KEYS */;
UNLOCK TABLES;
/*!40103 SET TIME_ZONE=@OLD_TIME_ZONE */;

/*!40101 SET SQL_MODE=@OLD_SQL_MODE */;
/*!40014 SET FOREIGN_KEY_CHECKS=@OLD_FOREIGN_KEY_CHECKS */;
/*!40014 SET UNIQUE_CHECKS=@OLD_UNIQUE_CHECKS */;
/*!40101 SET CHARACTER_SET_CLIENT=@OLD_CHARACTER_SET_CLIENT */;
/*!40101 SET CHARACTER_SET_RESULTS=@OLD_CHARACTER_SET_RESULTS */;
/*!40101 SET COLLATION_CONNECTION=@OLD_COLLATION_CONNECTION */;
/*!40111 SET SQL_NOTES=@OLD_SQL_NOTES */;

-- Dump completed on 2014-08-19 15:28:11
